                                                                        S      1
,,10HTower Lamp,10HTower Lamp,7Hunknown,7Hunknown,32,38,7,99,15,,1.,2,2HG      1
MM,1,0.08,15H20191120.210634,0.01,10000.,7Hunknown,7Hunknown,11,0,15H201G      2
91120.110342;                                                           G      3
     186       1                                                00000000D      1
     186            -437       1       0                               0D      2
     186       2                                                00000000D      3
     186            -435       1       0                               0D      4
     186       3                                                00000000D      5
     186            -439       1       0                               0D      6
     186       4                                                00000000D      7
     186            -439       1       0                               0D      8
     186       5                                                00000000D      9
     186            -435       1       0                               0D     10
     186       6                                                00000000D     11
     186            -439       1       0                               0D     12
     186       7                                                00000000D     13
     186            -439       1       0                               0D     14
     186       8                                                00000000D     15
     186            -435       1       0                               0D     16
     514       9                                                00010000D     17
     514                       1       1                               0D     18
     514      10                                                00010000D     19
     514                       1       1                               0D     20
     514      11                                                00010000D     21
     514                       1       1                               0D     22
     514      12                                                00010000D     23
     514                       1       1                               0D     24
     514      13                                                00010000D     25
     514                       1       1                               0D     26
     514      14                                                00010000D     27
     514                       1       1                               0D     28
     514      15                                                00010000D     29
     514                       1       1                               0D     30
     514      16                                                00010000D     31
     514                       1       1                               0D     32
     510      17                                                00010000D     33
     510            -437       1       1                               0D     34
     510      18                                                00010000D     35
     510            -437       1       1                               0D     36
     510      19                                                00010000D     37
     510            -437       1       1                               0D     38
     510      20                                                00010000D     39
     510            -437       1       1                               0D     40
     510      21                                                00010000D     41
     510            -437       1       1                               0D     42
     510      22                                                00010000D     43
     510            -435       1       1                               0D     44
     510      23                                                00010000D     45
     510            -435       1       1                               0D     46
     510      24                                                00010000D     47
     510            -439       1       1                               0D     48
     510      25                                                00010000D     49
     510            -439       1       1                               0D     50
     510      26                                                00010000D     51
     510            -439       1       1                               0D     52
     510      27                                                00010000D     53
     510            -439       1       1                               0D     54
     510      28                                                00010000D     55
     510            -439       1       1                               0D     56
     510      29                                                00010000D     57
     510            -439       1       1                               0D     58
     510      30                                                00010000D     59
     510            -435       1       1                               0D     60
     510      31                                                00010000D     61
     510            -435       1       1                               0D     62
     510      32                                                00010000D     63
     510            -435       1       1                               0D     64
     510      33                                                00010000D     65
     510            -439       1       1                               0D     66
     510      34                                                00010000D     67
     510            -439       1       1                               0D     68
     510      35                                                00010000D     69
     510            -439       1       1                               0D     70
     510      36                                                00010000D     71
     510            -439       1       1                               0D     72
     510      37                                                00010000D     73
     510            -439       1       1                               0D     74
     510      38                                                00010000D     75
     510            -439       1       1                               0D     76
     510      39                                                00010000D     77
     510            -435       1       1                               0D     78
     510      40                                                00010000D     79
     510            -435       1       1                               0D     80
     510      41                                                00010000D     81
     510            -435       1       1                               0D     82
     508      42                                                00010000D     83
     508                       1       1                               0D     84
     508      43                                                00010000D     85
     508                       1       1                               0D     86
     508      44                                                00010000D     87
     508                       1       1                               0D     88
     508      45                                                00010000D     89
     508                       1       1                               0D     90
     508      46                                                00010000D     91
     508                       1       1                               0D     92
     508      47                                                00010000D     93
     508                       1       1                               0D     94
     508      48                                                00010000D     95
     508                       1       1                               0D     96
     508      49                                                00010000D     97
     508                       1       1                               0D     98
     508      50                                                00010000D     99
     508                       1       1                               0D    100
     508      51                                                00010000D    101
     508                       1       1                               0D    102
     508      52                                                00010000D    103
     508                       1       1                               0D    104
     508      53                                                00010000D    105
     508                       2       1                               0D    106
     508      55                                                00010000D    107
     508                       1       1                               0D    108
     508      56                                                00010000D    109
     508                       1       1                               0D    110
     508      57                                                00010000D    111
     508                       1       1                               0D    112
     508      58                                                00010000D    113
     508                       2       1                               0D    114
     508      60                                                00010000D    115
     508                       1       1                               0D    116
     508      61                                                00010000D    117
     508                       2       1                               0D    118
     508      63                                                00010000D    119
     508                       1       1                               0D    120
     508      64                                                00010000D    121
     508                       1       1                               0D    122
     508      65                                                00010000D    123
     508                       2       1                               0D    124
     508      67                                                00010000D    125
     508                       1       1                               0D    126
     508      68                                                00010000D    127
     508                       1       1                               0D    128
     508      69                                                00010000D    129
     508                       1       1                               0D    130
     508      70                                                00010000D    131
     508                       1       1                               0D    132
     508      71                                                00010000D    133
     508                       1       1                               0D    134
     128      72                                                00010000D    135
     128       0    -437      25       0                               0D    136
     128      97                                                00010000D    137
     128       0    -437       6       0                               0D    138
     128     103                                                00010000D    139
     128       0    -437       6       0                               0D    140
     128     109                                                00010000D    141
     128       0    -437      25       0                               0D    142
     128     134                                                00010000D    143
     128       0    -437       6       0                               0D    144
     128     140                                                00010000D    145
     128       0    -435      27       0                               0D    146
     128     167                                                00010000D    147
     128       0    -435     164       0                               0D    148
     128     331                                                00010000D    149
     128       0    -439      28       0                               0D    150
     128     359                                                00010000D    151
     128       0    -439       9       0                               0D    152
     128     368                                                00010000D    153
     128       0    -439       9       0                               0D    154
     128     377                                                00010000D    155
     128       0    -439      32       0                               0D    156
     128     409                                                00010000D    157
     128       0    -439       5       0                               0D    158
     128     414                                                00010000D    159
     128       0    -439       5       0                               0D    160
     128     419                                                00010000D    161
     128       0           10085       0                               0D    162
     128   10504                                                00010000D    163
     128       0    -435       6       0                               0D    164
     128   10510                                                00010000D    165
     128       0    -435      51       0                               0D    166
     128   10561                                                00010000D    167
     128       0    -435       6       0                               0D    168
     128   10567                                                00010000D    169
     128       0    -439      33       0                               0D    170
     128   10600                                                00010000D    171
     128       0    -439       5       0                               0D    172
     128   10605                                                00010000D    173
     128       0    -439       5       0                               0D    174
     128   10610                                                00010000D    175
     128       0    -439      32       0                               0D    176
     128   10642                                                00010000D    177
     128       0    -439       5       0                               0D    178
     128   10647                                                00010000D    179
     128       0    -439       5       0                               0D    180
     128   10652                                                00010000D    181
     128       0    -435      28       0                               0D    182
     128   10680                                                00010000D    183
     128       0    -435       9       0                               0D    184
     128   10689                                                00010000D    185
     128       0    -435       9       0                               0D    186
     502   10698                                                00010000D    187
     502                       4       1                               0D    188
     502   10702                                                00010000D    189
     502                       4       1                               0D    190
     502   10706                                                00010000D    191
     502                       2       1                               0D    192
     502   10708                                                00010000D    193
     502                       4       1                               0D    194
     502   10712                                                00010000D    195
     502                       4       1                               0D    196
     502   10716                                                00010000D    197
     502                       4       1                               0D    198
     502   10720                                                00010000D    199
     502                       4       1                               0D    200
     502   10724                                                00010000D    201
     502                       2       1                               0D    202
     504   10726                                                00010001D    203
     504                       2       1                               0D    204
     504   10728                                                00010001D    205
     504                       2       1                               0D    206
     504   10730                                                00010001D    207
     504                       1       1                               0D    208
     504   10731                                                00010001D    209
     504                       2       1                               0D    210
     504   10733                                                00010001D    211
     504                       2       1                               0D    212
     504   10735                                                00010001D    213
     504                       2       1                               0D    214
     504   10737                                                00010001D    215
     504                       2       1                               0D    216
     504   10739                                                00010001D    217
     504                       1       1                               0D    218
     143   10740                                                00000000D    219
     143       0    -435       1       0                               0D    220
     143   10741                                                00000000D    221
     143       0    -435       1       0                               0D    222
     143   10742                                                00000000D    223
     143       0    -435       1       0                               0D    224
     143   10743                                                00000000D    225
     143       0    -435       1       0                               0D    226
     143   10744                                                00000000D    227
     143       0    -435       1       0                               0D    228
     143   10745                                                00000000D    229
     143       0    -435       1       0                               0D    230
     143   10746                                                00000000D    231
     143       0    -435       1       0                               0D    232
     143   10747                                                00000000D    233
     143       0    -435       1       0                               0D    234
     143   10748                                                00000000D    235
     143       0    -441       1       0                               0D    236
     141   10749                                                00010000D    237
     141       0               1       0                               0D    238
     141   10750                                                00010000D    239
     141       0               1       0                               0D    240
     141   10751                                                00010000D    241
     141       0               1       0                               0D    242
     141   10752                                                00010000D    243
     141       0               1       0                               0D    244
     141   10753                                                00010000D    245
     141       0               1       0                               0D    246
     141   10754                                                00010000D    247
     141       0               1       0                               0D    248
     141   10755                                                00010000D    249
     141       0               1       0                               0D    250
     141   10756                                                00010000D    251
     141       0               1       0                               0D    252
     141   10757                                                00010000D    253
     141       0               1       0                               0D    254
     120   10758                                                00010000D    255
     120       0               1       0                               0D    256
     120   10759                                                00010000D    257
     120       0               1       0                               0D    258
     120   10760                                                00010000D    259
     120       0               1       0                               0D    260
     120   10761                                                00010000D    261
     120       0               1       0                               0D    262
     120   10762                                                00010000D    263
     120       0               1       0                               0D    264
     120   10763                                                00010000D    265
     120       0               1       0                               0D    266
     120   10764                                                00010000D    267
     120       0               1       0                               0D    268
     120   10765                                                00010000D    269
     120       0               1       0                               0D    270
     126   10766                                                00010000D    271
     126       0               6       0                               0D    272
     126   10772                                                00010000D    273
     126       0               6       0                               0D    274
     126   10778                                                00010000D    275
     126       0              15       0                               0D    276
     126   10793                                                00010000D    277
     126       0              15       0                               0D    278
     126   10808                                                00010000D    279
     126       0               6       0                               0D    280
     126   10814                                                00010000D    281
     126       0               6       0                               0D    282
     126   10820                                                00010000D    283
     126       0              15       0                               0D    284
     126   10835                                                00010000D    285
     126       0               6       0                               0D    286
     126   10841                                                00010000D    287
     126       0               6       0                               0D    288
     126   10847                                                00010000D    289
     126       0              15       0                               0D    290
     126   10862                                                00010000D    291
     126       0               6       0                               0D    292
     126   10868                                                00010000D    293
     126       0               6       0                               0D    294
     126   10874                                                00010000D    295
     126       0              15       0                               0D    296
     126   10889                                                00010000D    297
     126       0               6       0                               0D    298
     126   10895                                                00010000D    299
     126       0               6       0                               0D    300
     126   10901                                                00010000D    301
     126       0              15       0                               0D    302
     126   10916                                                00010000D    303
     126       0               6       0                               0D    304
     126   10922                                                00010000D    305
     126       0               6       0                               0D    306
     126   10928                                                00010000D    307
     126       0              10       0                               0D    308
     126   10938                                                00010000D    309
     126       0               9       0                               0D    310
     126   10947                                                00010000D    311
     126       0               5       0                               0D    312
     126   10952                                                00010000D    313
     126       0               9       0                               0D    314
     126   10961                                                00010000D    315
     126       0              10       0                               0D    316
     126   10971                                                00010000D    317
     126       0               6       0                               0D    318
     126   10977                                                00010000D    319
     126       0               6       0                               0D    320
     126   10983                                                00010000D    321
     126       0              15       0                               0D    322
     126   10998                                                00010000D    323
     126       0               5       0                               0D    324
     126   11003                                                00010000D    325
     126       0              14       0                               0D    326
     126   11017                                                00010000D    327
     126       0              15       0                               0D    328
     126   11032                                                00010000D    329
     126       0              14       0                               0D    330
     126   11046                                                00010000D    331
     126       0               5       0                               0D    332
     126   11051                                                00010000D    333
     126       0               5       0                               0D    334
     126   11056                                                00010000D    335
     126       0              10       0                               0D    336
     126   11066                                                00010000D    337
     126       0               9       0                               0D    338
     126   11075                                                00010000D    339
     126       0              18       0                               0D    340
     126   11093                                                00010000D    341
     126       0              15       0                               0D    342
     126   11108                                                00010000D    343
     126       0               5       0                               0D    344
     126   11113                                                00010000D    345
     126       0              15       0                               0D    346
     126   11128                                                00010000D    347
     126       0              11       0                               0D    348
     126   11139                                                00010000D    349
     126       0               6       0                               0D    350
     126   11145                                                00010000D    351
     126       0               6       0                               0D    352
     126   11151                                                00010000D    353
     126       0               6       0                               0D    354
     126   11157                                                00010000D    355
     126       0              10       0                               0D    356
     126   11167                                                00010000D    357
     126       0              18       0                               0D    358
     126   11185                                                00010000D    359
     126       0              15       0                               0D    360
     126   11200                                                00010000D    361
     126       0              11       0                               0D    362
     126   11211                                                00010000D    363
     126       0               6       0                               0D    364
     126   11217                                                00010000D    365
     126       0               6       0                               0D    366
     126   11223                                                00010000D    367
     126       0               8       0                               0D    368
     126   11231                                                00010000D    369
     126       0              11       0                               0D    370
     126   11242                                                00010000D    371
     126       0              11       0                               0D    372
     126   11253                                                00010000D    373
     126       0               6       0                               0D    374
     126   11259                                                00010000D    375
     126       0               6       0                               0D    376
     126   11265                                                00010000D    377
     126       0               6       0                               0D    378
     126   11271                                                00010000D    379
     126       0              11       0                               0D    380
     126   11282                                                00010000D    381
     126       0              11       0                               0D    382
     126   11293                                                00010000D    383
     126       0               6       0                               0D    384
     126   11299                                                00010000D    385
     126       0               6       0                               0D    386
     126   11305                                                00010000D    387
     126       0               6       0                               0D    388
     126   11311                                                00010000D    389
     126       0              10       0                               0D    390
     126   11321                                                00010000D    391
     126       0              15       0                               0D    392
     126   11336                                                00010000D    393
     126       0               5       0                               0D    394
     126   11341                                                00010000D    395
     126       0              15       0                               0D    396
     110   11356                                                00010000D    397
     110       0               2       0                               0D    398
     110   11358                                                00010000D    399
     110       0               2       0                               0D    400
     110   11360                                                00010000D    401
     110       0               2       0                               0D    402
     110   11362                                                00010000D    403
     110       0               2       0                               0D    404
     110   11364                                                00010000D    405
     110       0               2       0                               0D    406
     110   11366                                                00010000D    407
     110       0               2       0                               0D    408
     110   11368                                                00010000D    409
     110       0               2       0                               0D    410
     110   11370                                                00010000D    411
     110       0               2       0                               0D    412
     110   11372                                                00010000D    413
     110       0               2       0                               0D    414
     406   11374                                                00000000D    415
     406                       1      15                               0D    416
     406   11375                                                00000000D    417
     406                       1      15                               0D    418
     406   11376                                                00000000D    419
     406                       1      15                               0D    420
     406   11377                                                00000000D    421
     406                       1      15                               0D    422
     406   11378                                                00000000D    423
     406                       1      15                               0D    424
     406   11379                                                00000000D    425
     406                       1      15                               0D    426
     406   11380                                                00000000D    427
     406                       1      15                               0D    428
     406   11381                                                00000000D    429
     406                       1      15                               0D    430
     406   11382                                                00000000D    431
     406                       1      15                               0D    432
     406   11383                                                00000000D    433
     406                       1      15                               0D    434
     314   11384                                                00000200D    435
     314                       2       0                               0D    436
     314   11386                                                00000200D    437
     314                       2       0                               0D    438
     314   11388                                                00000200D    439
     314                       1       0                               0D    440
     314   11389                                                00000200D    441
     314                       2       0                               0D    442
     314   11391                                                00000200D    443
     314                       2       0                               0D    444
186,17,1,0,0,1,417;                                                    1P      1
186,19,1,0,0,1,419;                                                    3P      2
186,21,1,0,0,1,421;                                                    5P      3
186,23,1,0,0,1,423;                                                    7P      4
186,25,1,0,0,1,427;                                                    9P      5
186,27,1,0,0,1,429;                                                   11P      6
186,29,1,0,0,1,431;                                                   13P      7
186,31,1,0,0,1,433;                                                   15P      8
514,5,33,1,35,1,37,1,39,1,41,1;                                       17P      9
514,2,43,1,45,1;                                                      19P     10
514,3,47,1,49,1,51,1;                                                 21P     11
514,3,53,1,55,1,57,1;                                                 23P     12
514,3,59,1,61,1,63,1;                                                 25P     13
514,3,65,1,67,1,69,1;                                                 27P     14
514,3,71,1,73,1,75,1;                                                 29P     15
514,3,77,1,79,1,81,1;                                                 31P     16
510,135,1,1,83;                                                       33P     17
510,137,1,1,85;                                                       35P     18
510,139,2,1,87,89;                                                    37P     19
510,141,1,1,91;                                                       39P     20
510,143,1,1,93;                                                       41P     21
510,145,1,1,95;                                                       43P     22
510,147,1,1,97;                                                       45P     23
510,149,1,1,99;                                                       47P     24
510,151,1,1,101;                                                      49P     25
510,153,1,1,103;                                                      51P     26
510,155,1,1,105;                                                      53P     27
510,157,1,1,107;                                                      55P     28
510,159,1,1,109;                                                      57P     29
510,163,1,1,111;                                                      59P     30
510,165,1,1,113;                                                      61P     31
510,167,1,1,115;                                                      63P     32
510,169,1,1,117;                                                      65P     33
510,171,1,1,119;                                                      67P     34
510,173,1,1,121;                                                      69P     35
510,175,1,1,123;                                                      71P     36
510,177,1,1,125;                                                      73P     37
510,179,1,1,127;                                                      75P     38
510,181,1,1,129;                                                      77P     39
510,183,1,1,131;                                                      79P     40
510,185,1,1,133;                                                      81P     41
508,4,0,203,1,0,0,0,203,2,1,0,0,203,3,1,0,0,203,2,0,0;                83P     42
508,1,0,203,3,0,0;                                                    85P     43
508,1,0,203,4,0,0;                                                    87P     44
508,1,0,203,1,1,0;                                                    89P     45
508,4,0,203,5,0,0,0,203,6,1,0,0,203,4,1,0,0,203,6,0,0;                91P     46
508,1,0,203,5,1,0;                                                    93P     47
508,4,0,205,1,1,0,0,205,2,0,0,0,205,3,0,0,0,205,1,0,0;                95P     48
508,4,0,205,4,0,0,0,205,2,1,0,0,205,3,1,0,0,205,4,1,0;                97P     49
508,4,0,207,1,0,0,0,207,2,1,0,0,207,3,0,0,0,207,2,0,0;                99P     50
508,1,0,207,3,1,0;                                                   101P     51
508,1,0,207,1,1,0;                                                   103P     52
508,6,0,209,1,0,0,0,209,2,0,0,0,209,3,1,0,0,209,4,1,0,0,209,5,1,     105P     53
0,0,209,3,0,0;                                                       105P     54
508,2,0,209,5,0,0,0,209,4,0,0;                                       107P     55
508,2,0,209,1,1,0,0,209,2,1,0;                                       109P     56
508,2,0,211,1,0,0,0,211,2,0,0;                                       111P     57
508,6,0,211,3,1,0,0,211,4,1,0,0,211,2,1,0,0,211,1,1,0,0,211,4,0,     113P     58
0,0,211,5,1,0;                                                       113P     59
508,2,0,211,3,0,0,0,211,5,0,0;                                       115P     60
508,6,0,213,1,0,0,0,213,2,0,0,0,213,3,1,0,0,213,4,1,0,0,213,5,1,     117P     61
0,0,213,3,0,0;                                                       117P     62
508,2,0,213,5,0,0,0,213,4,0,0;                                       119P     63
508,2,0,213,1,1,0,0,213,2,1,0;                                       121P     64
508,6,0,215,1,0,0,0,215,2,0,0,0,215,3,1,0,0,215,4,1,0,0,215,5,1,     123P     65
0,0,215,3,0,0;                                                       123P     66
508,2,0,215,5,0,0,0,215,4,0,0;                                       125P     67
508,2,0,215,1,1,0,0,215,2,1,0;                                       127P     68
508,4,0,217,1,0,0,0,217,2,1,0,0,217,3,1,0,0,217,2,0,0;               129P     69
508,1,0,217,1,1,0;                                                   131P     70
508,1,0,217,3,0,0;                                                   133P     71
128,1,8,1,2,0,1,0,0,1,-2.16483686407917,-2.16483686407917,           135P     72
3.49466522344209,3.49466522344209,-3.14159265358979,                 135P     73
-3.14159265358979,-3.14159265358979,-1.5707963267949,                135P     74
-1.5707963267949,0.,0.,1.5707963267949,1.5707963267949,              135P     75
3.14159265358979,3.14159265358979,3.14159265358979,1.,1.,            135P     76
0.707106781186548,0.707106781186548,1.,1.,0.707106781186548,         135P     77
0.707106781186548,1.,1.,0.707106781186548,0.707106781186548,1.,      135P     78
1.,0.707106781186548,0.707106781186548,1.,1.,1902.36493974555,       135P     79
6148.2446958461,-6.25791143574559D-13,1902.36493974555,              135P     80
10723.2446958461,-6.55152329646444D-14,1902.36493974555,             135P     81
6148.2446958461,-783.375000000001,1902.36493974555,                  135P     82
10723.2446958461,-783.375,1118.98993974555,6148.2446958461,          135P     83
-783.375000000001,1118.98993974555,10723.2446958461,-783.375,        135P     84
335.614939745551,6148.2446958461,-783.375000000001,                  135P     85
335.614939745551,10723.2446958461,-783.375,335.61493974555,          135P     86
6148.2446958461,-7.12763239766132D-13,335.614939745551,              135P     87
10723.2446958461,-1.52487329156218D-13,335.614939745551,             135P     88
6148.2446958461,783.374999999999,335.614939745551,                   135P     89
10723.2446958461,783.375,1118.98993974555,6148.2446958461,           135P     90
783.374999999999,1118.98993974555,10723.2446958461,783.375,          135P     91
1902.36493974555,6148.2446958461,783.374999999999,                   135P     92
1902.36493974555,10723.2446958461,783.375,1902.36493974555,          135P     93
6148.2446958461,-6.25791143574559D-13,1902.36493974555,              135P     94
10723.2446958461,-6.55152329646444D-14,-2.16483686407917,            135P     95
3.49466522344209,-3.14159265358979,3.14159265358979;                 135P     96
128,1,1,1,1,0,0,1,0,0,-3.1345,-3.1345,3.1345,3.1345,-3.1345,         137P     97
-3.1345,3.1345,3.1345,1.,1.,1.,1.,1902.61493974555,                  137P     98
10723.2446958461,783.625,335.364939745551,10723.2446958461,          137P     99
783.625,1902.61493974555,10723.2446958461,-783.625,                  137P    100
335.364939745551,10723.2446958461,-783.625,-3.1345,3.1345,           137P    101
-3.1345,3.1345;                                                      137P    102
128,1,1,1,1,0,0,1,0,0,-3.2345,-3.2345,3.2345,3.2345,-3.2345,         139P    103
-3.2345,3.2345,3.2345,1.,1.,1.,1.,1927.61493974555,                  139P    104
6148.2446958461,808.624999999999,310.364939745551,                   139P    105
6148.2446958461,808.624999999999,1927.61493974555,                   139P    106
6148.2446958461,-808.625000000001,310.364939745551,                  139P    107
6148.2446958461,-808.625000000001,-3.2345,3.2345,-3.2345,3.2345;     139P    108
128,1,8,1,2,0,1,0,0,1,-2.16483686407917,-2.16483686407917,           141P    109
3.52559146435751,3.52559146435751,-3.14159265358979,                 141P    110
-3.14159265358979,-3.14159265358979,-1.5707963267949,                141P    111
-1.5707963267949,0.,0.,1.5707963267949,1.5707963267949,              141P    112
3.14159265358979,3.14159265358979,3.14159265358979,1.,1.,            141P    113
0.707106781186548,0.707106781186548,1.,1.,0.707106781186548,         141P    114
0.707106781186548,1.,1.,0.707106781186548,0.707106781186548,1.,      141P    115
1.,0.707106781186548,0.707106781186548,1.,1.,1927.36493974555,       141P    116
10748.2446958461,-6.10658371859946D-14,1927.36493974555,             141P    117
6148.2446958461,-6.24403364793777D-13,1927.36493974555,              141P    118
10748.2446958461,-808.375,1927.36493974555,6148.2446958461,          141P    119
-808.375000000001,1118.98993974555,10748.2446958461,-808.375,        141P    120
1118.98993974555,6148.2446958461,-808.375000000001,                  141P    121
310.614939745551,10748.2446958461,-808.375,310.614939745551,         141P    122
6148.2446958461,-808.375000000001,310.614939745551,                  141P    123
10748.2446958461,-1.50813490939131D-13,310.61493974555,              141P    124
6148.2446958461,-7.14151018546913D-13,310.614939745551,              141P    125
10748.2446958461,808.375,310.614939745551,6148.2446958461,           141P    126
808.374999999999,1118.98993974555,10748.2446958461,808.375,          141P    127
1118.98993974555,6148.2446958461,808.374999999999,                   141P    128
1927.36493974555,10748.2446958461,808.375,1927.36493974555,          141P    129
6148.2446958461,808.374999999999,1927.36493974555,                   141P    130
10748.2446958461,-6.10658371859946D-14,1927.36493974555,             141P    131
6148.2446958461,-6.24403364793777D-13,-2.16483686407917,             141P    132
3.52559146435751,-3.14159265358979,3.14159265358979;                 141P    133
128,1,1,1,1,0,0,1,0,0,-3.2345,-3.2345,3.2345,3.2345,-3.2345,         143P    134
-3.2345,3.2345,3.2345,1.,1.,1.,1.,310.364939745551,                  143P    135
10748.2446958461,808.625,1927.61493974555,10748.2446958461,          143P    136
808.625,310.364939745551,10748.2446958461,-808.625,                  143P    137
1927.61493974555,10748.2446958461,-808.625,-3.2345,3.2345,           143P    138
-3.2345,3.2345;                                                      143P    139
128,1,8,1,2,0,1,0,0,1,-1.00000979835202,-1.00000979835202,           145P    140
1.00000979835202,1.00000979835202,-3.14159265358979,                 145P    141
-3.14159265358979,-3.14159265358979,-1.5707963267949,                145P    142
-1.5707963267949,0.,0.,1.5707963267949,1.5707963267949,              145P    143
3.14159265358979,3.14159265358979,3.14159265358979,1.,1.,            145P    144
0.707106781186548,0.707106781186548,1.,1.,0.707106781186548,         145P    145
0.707106781186548,1.,1.,0.707106781186548,0.707106781186548,1.,      145P    146
1.,0.707106781186548,0.707106781186548,1.,1.,1118.98993974555,       145P    147
10898.2446958461,808.377466474934,1118.98993974555,                  145P    148
10901.8232432927,-3.91391791217886D-14,1927.36740622049,             145P    149
10898.2446958461,808.377466474934,1118.98993974555,                  145P    150
10901.8232432927,-3.91391791217886D-14,1927.36740622049,             145P    151
10898.2446958461,-9.06238631369043D-14,1118.98993974555,             145P    152
10901.8232432927,-9.06238631369043D-14,1927.36740622049,             145P    153
10898.2446958461,-808.377466474934,1118.98993974555,                 145P    154
10901.8232432927,-1.4210854715202D-13,1118.98993974555,              145P    155
10898.2446958461,-808.377466474934,1118.98993974555,                 145P    156
10901.8232432927,-1.4210854715202D-13,310.612473270617,              145P    157
10898.2446958461,-808.377466474934,1118.98993974555,                 145P    158
10901.8232432927,-1.4210854715202D-13,310.612473270617,              145P    159
10898.2446958461,-9.06238631369043D-14,1118.98993974555,             145P    160
10901.8232432927,-9.06238631369043D-14,310.612473270617,             145P    161
10898.2446958461,808.377466474934,1118.98993974555,                  145P    162
10901.8232432927,-3.91391791217886D-14,1118.98993974555,             145P    163
10898.2446958461,808.377466474934,1118.98993974555,                  145P    164
10901.8232432927,-3.91391791217886D-14,-1.00000979835202,            145P    165
1.00000979835202,-3.14159265358979,3.14159265358979;                 145P    166
128,14,8,5,2,0,1,0,0,1,-1.,-1.,-1.,-1.,-1.,-1.,-0.9,-0.8,-0.7,       147P    167
-0.6,-0.5,-0.4,-0.3,-0.2,-0.1,0.,0.,0.,0.,0.,0.,0.,0.,0.,            147P    168
1.5707963267949,1.5707963267949,3.14159265358979,                    147P    169
3.14159265358979,4.71238898038469,4.71238898038469,                  147P    170
6.28318530717959,6.28318530717959,6.28318530717959,1.,1.,1.,1.,      147P    171
1.,1.,1.,1.,1.,1.,1.,1.,1.,1.,1.,0.707106781186548,                  147P    172
0.707106781186548,0.707106781186548,0.707106781186548,               147P    173
0.707106781186548,0.707106781186548,0.707106781186548,               147P    174
0.707106781186548,0.707106781186548,0.707106781186548,               147P    175
0.707106781186548,0.707106781186548,0.707106781186548,               147P    176
0.707106781186548,0.707106781186548,1.,1.,1.,1.,1.,1.,1.,1.,1.,      147P    177
1.,1.,1.,1.,1.,1.,0.707106781186548,0.707106781186548,               147P    178
0.707106781186548,0.707106781186548,0.707106781186548,               147P    179
0.707106781186548,0.707106781186548,0.707106781186548,               147P    180
0.707106781186548,0.707106781186548,0.707106781186548,               147P    181
0.707106781186548,0.707106781186548,0.707106781186548,               147P    182
0.707106781186548,1.,1.,1.,1.,1.,1.,1.,1.,1.,1.,1.,1.,1.,1.,1.,      147P    183
0.707106781186548,0.707106781186548,0.707106781186548,               147P    184
0.707106781186548,0.707106781186548,0.707106781186548,               147P    185
0.707106781186548,0.707106781186548,0.707106781186548,               147P    186
0.707106781186548,0.707106781186548,0.707106781186548,               147P    187
0.707106781186548,0.707106781186548,0.707106781186548,1.,1.,1.,      147P    188
1.,1.,1.,1.,1.,1.,1.,1.,1.,1.,1.,1.,0.707106781186548,               147P    189
0.707106781186548,0.707106781186548,0.707106781186548,               147P    190
0.707106781186548,0.707106781186548,0.707106781186548,               147P    191
0.707106781186548,0.707106781186548,0.707106781186548,               147P    192
0.707106781186548,0.707106781186548,0.707106781186548,               147P    193
0.707106781186548,0.707106781186548,1.,1.,1.,1.,1.,1.,1.,1.,1.,      147P    194
1.,1.,1.,1.,1.,1.,1118.98993974555,12084.6533315104,                 147P    195
-9.06238631369043D-14,1118.98993974555,12067.3531775675,             147P    196
-23.9340149396355,1118.98993974555,12032.1875739669,                 147P    197
-71.1190428108293,1118.98993974555,11977.7433128654,                 147P    198
-139.847616584505,1118.98993974555,11901.7031817617,                 147P    199
-227.320032052764,1118.98993974555,11800.5201653888,                 147P    200
-329.250711796902,1118.98993974555,11692.6697459865,                 147P    201
-423.125696904088,1118.98993974555,11577.6288451531,                 147P    202
-508.312993199082,1118.98993974555,11455.150801452,                  147P    203
-584.514579217334,1118.98993974555,11325.5747544024,                 147P    204
-652.140210360093,1118.98993974555,11189.4551441694,                 147P    205
-711.859772734824,1118.98993974555,11075.7635115865,                 147P    206
-753.840863134631,1118.98993974555,10987.9699337714,                 147P    207
-782.276100711198,1118.98993974555,10928.3370826671,                 147P    208
-799.899292639793,1118.98993974555,10898.2446958461,                 147P    209
-808.377466474934,1118.98993974555,12084.6533315104,                 147P    210
-9.06238631369043D-14,1095.05592480592,12067.3531775675,             147P    211
-23.9340149396355,1047.87089693472,12032.1875739669,                 147P    212
-71.1190428108293,979.142323161047,11977.7433128654,                 147P    213
-139.847616584505,891.669907692788,11901.7031817617,                 147P    214
-227.320032052764,789.73922794865,11800.5201653888,                  147P    215
-329.250711796902,695.864242841463,11692.6697459865,                 147P    216
-423.125696904088,610.67694654647,11577.6288451531,                  147P    217
-508.312993199082,534.475360528218,11455.150801452,                  147P    218
-584.514579217334,466.849729385459,11325.5747544024,                 147P    219
-652.140210360092,407.130167010728,11189.4551441694,                 147P    220
-711.859772734823,365.14907661092,11075.7635115865,                  147P    221
-753.840863134631,336.713839034353,10987.9699337714,                 147P    222
-782.276100711198,319.090647105758,10928.3370826671,                 147P    223
-799.899292639793,310.612473270618,10898.2446958461,                 147P    224
-808.377466474934,1118.98993974555,12084.6533315104,                 147P    225
-9.06238631369043D-14,1095.05592480592,12067.3531775675,             147P    226
-9.06238631369043D-14,1047.87089693472,12032.1875739669,             147P    227
-9.75627570408115D-14,979.142323161047,11977.7433128654,             147P    228
-1.04501650944719D-13,891.669907692788,11901.7031817617,             147P    229
-1.04501650944719D-13,789.73922794865,11800.5201653888,              147P    230
-1.11440544848626D-13,695.864242841463,11692.6697459865,             147P    231
-1.11440544848626D-13,610.67694654647,11577.6288451531,              147P    232
-1.18379438752533D-13,534.475360528218,11455.150801452,              147P    233
-1.2531833265644D-13,466.849729385459,11325.5747544024,              147P    234
-1.2531833265644D-13,407.130167010728,11189.4551441694,              147P    235
-1.2531833265644D-13,365.14907661092,11075.7635115865,               147P    236
-1.32257226560348D-13,336.713839034353,10987.9699337714,             147P    237
-1.39196120464255D-13,319.090647105758,10928.3370826671,             147P    238
-1.32257226560348D-13,310.612473270617,10898.2446958461,             147P    239
-1.32257226560348D-13,1118.98993974555,12084.6533315104,             147P    240
-9.06238631369043D-14,1095.05592480592,12067.3531775675,             147P    241
23.9340149396353,1047.87089693472,12032.1875739669,                  147P    242
71.1190428108291,979.142323161047,11977.7433128654,                  147P    243
139.847616584504,891.669907692788,11901.7031817617,                  147P    244
227.320032052764,789.73922794865,11800.5201653888,                   147P    245
329.250711796902,695.864242841463,11692.6697459865,                  147P    246
423.125696904088,610.67694654647,11577.6288451531,                   147P    247
508.312993199082,534.475360528218,11455.150801452,                   147P    248
584.514579217334,466.849729385459,11325.5747544024,                  147P    249
652.140210360092,407.130167010728,11189.4551441694,                  147P    250
711.859772734823,365.14907661092,11075.7635115865,                   147P    251
753.840863134631,336.713839034353,10987.9699337714,                  147P    252
782.276100711198,319.090647105758,10928.3370826671,                  147P    253
799.899292639793,310.612473270618,10898.2446958461,                  147P    254
808.377466474934,1118.98993974555,12084.6533315104,                  147P    255
-9.06238631369043D-14,1118.98993974555,12067.3531775675,             147P    256
23.9340149396353,1118.98993974555,12032.1875739669,                  147P    257
71.1190428108291,1118.98993974555,11977.7433128654,                  147P    258
139.847616584504,1118.98993974555,11901.7031817617,                  147P    259
227.320032052764,1118.98993974555,11800.5201653888,                  147P    260
329.250711796902,1118.98993974555,11692.6697459865,                  147P    261
423.125696904088,1118.98993974555,11577.6288451531,                  147P    262
508.312993199082,1118.98993974555,11455.150801452,                   147P    263
584.514579217334,1118.98993974555,11325.5747544024,                  147P    264
652.140210360093,1118.98993974555,11189.4551441694,                  147P    265
711.859772734824,1118.98993974555,11075.7635115865,                  147P    266
753.840863134631,1118.98993974555,10987.9699337714,                  147P    267
782.276100711198,1118.98993974555,10928.3370826671,                  147P    268
799.899292639793,1118.98993974555,10898.2446958461,                  147P    269
808.377466474934,1118.98993974555,12084.6533315104,                  147P    270
-9.06238631369043D-14,1142.92395468519,12067.3531775675,             147P    271
23.9340149396353,1190.10898255638,12032.1875739669,                  147P    272
71.1190428108291,1258.83755633006,11977.7433128654,                  147P    273
139.847616584504,1346.30997179832,11901.7031817617,                  147P    274
227.320032052764,1448.24065154245,11800.5201653888,                  147P    275
329.250711796902,1542.11563664964,11692.6697459865,                  147P    276
423.125696904088,1627.30293294463,11577.6288451531,                  147P    277
508.312993199082,1703.50451896289,11455.150801452,                   147P    278
584.514579217334,1771.13015010564,11325.5747544024,                  147P    279
652.140210360093,1830.84971248037,11189.4551441694,                  147P    280
711.859772734824,1872.83080288018,11075.7635115865,                  147P    281
753.840863134631,1901.26604045675,10987.9699337714,                  147P    282
782.276100711198,1918.88923238534,10928.3370826671,                  147P    283
799.899292639793,1927.36740622049,10898.2446958461,                  147P    284
808.377466474934,1118.98993974555,12084.6533315104,                  147P    285
-9.06238631369043D-14,1142.92395468519,12067.3531775675,             147P    286
-9.06238631369043D-14,1190.10898255638,12032.1875739669,             147P    287
-9.06238631369043D-14,1258.83755633006,11977.7433128654,             147P    288
-8.36849692329971D-14,1346.30997179832,11901.7031817617,             147P    289
-7.67460753290899D-14,1448.24065154245,11800.5201653888,             147P    290
-7.67460753290899D-14,1542.11563664964,11692.6697459865,             147P    291
-6.28682875212754D-14,1627.30293294463,11577.6288451531,             147P    292
-6.28682875212754D-14,1703.50451896289,11455.150801452,              147P    293
-6.28682875212754D-14,1771.13015010564,11325.5747544024,             147P    294
-5.59293936173682D-14,1830.84971248037,11189.4551441694,             147P    295
-4.89904997134609D-14,1872.83080288018,11075.7635115865,             147P    296
-4.89904997134609D-14,1901.26604045675,10987.9699337714,             147P    297
-4.89904997134609D-14,1918.88923238534,10928.3370826671,             147P    298
-4.20516058095537D-14,1927.36740622049,10898.2446958461,             147P    299
-4.20516058095537D-14,1118.98993974555,12084.6533315104,             147P    300
-9.06238631369043D-14,1142.92395468519,12067.3531775675,             147P    301
-23.9340149396354,1190.10898255638,12032.1875739669,                 147P    302
-71.1190428108293,1258.83755633006,11977.7433128654,                 147P    303
-139.847616584505,1346.30997179832,11901.7031817617,                 147P    304
-227.320032052764,1448.24065154245,11800.5201653888,                 147P    305
-329.250711796902,1542.11563664964,11692.6697459865,                 147P    306
-423.125696904088,1627.30293294463,11577.6288451531,                 147P    307
-508.312993199082,1703.50451896289,11455.150801452,                  147P    308
-584.514579217334,1771.13015010564,11325.5747544024,                 147P    309
-652.140210360092,1830.84971248037,11189.4551441694,                 147P    310
-711.859772734823,1872.83080288018,11075.7635115865,                 147P    311
-753.840863134631,1901.26604045675,10987.9699337714,                 147P    312
-782.276100711198,1918.88923238534,10928.3370826671,                 147P    313
-799.899292639793,1927.36740622049,10898.2446958461,                 147P    314
-808.377466474934,1118.98993974555,12084.6533315104,                 147P    315
-9.06238631369043D-14,1118.98993974555,12067.3531775675,             147P    316
-23.9340149396355,1118.98993974555,12032.1875739669,                 147P    317
-71.1190428108293,1118.98993974555,11977.7433128654,                 147P    318
-139.847616584505,1118.98993974555,11901.7031817617,                 147P    319
-227.320032052764,1118.98993974555,11800.5201653888,                 147P    320
-329.250711796902,1118.98993974555,11692.6697459865,                 147P    321
-423.125696904088,1118.98993974555,11577.6288451531,                 147P    322
-508.312993199082,1118.98993974555,11455.150801452,                  147P    323
-584.514579217334,1118.98993974555,11325.5747544024,                 147P    324
-652.140210360093,1118.98993974555,11189.4551441694,                 147P    325
-711.859772734824,1118.98993974555,11075.7635115865,                 147P    326
-753.840863134631,1118.98993974555,10987.9699337714,                 147P    327
-782.276100711198,1118.98993974555,10928.3370826671,                 147P    328
-799.899292639793,1118.98993974555,10898.2446958461,                 147P    329
-808.377466474934,-1.,0.,0.,6.28318530717959;                        147P    330
128,1,8,1,2,0,1,0,0,1,-1.22464679914735D-16,                         149P    331
-1.22464679914735D-16,0.477697309355617,0.477697309355617,           149P    332
-3.14159265358979,-3.14159265358979,-3.14159265358979,               149P    333
-1.5707963267949,-1.5707963267949,0.,0.,1.5707963267949,             149P    334
1.5707963267949,3.14159265358979,3.14159265358979,                   149P    335
3.14159265358979,1.,1.,0.707106781186548,0.707106781186548,1.,       149P    336
1.,0.707106781186548,0.707106781186548,1.,1.,0.707106781186548,      149P    337
0.707106781186548,1.,1.,0.707106781186548,0.707106781186548,1.,      149P    338
1.,1904.00587484858,6523.2446958461,-6.25197737220617D-13,           149P    339
1904.00587484858,6148.2446958461,-6.71121992188643D-13,              149P    340
1904.00587484858,6523.2446958461,-785.015935103029,                  149P    341
1904.00587484858,6148.2446958461,-785.015935103029,                  149P    342
1118.98993974555,6523.2446958461,-785.015935103029,                  149P    343
1118.98993974555,6148.2446958461,-785.015935103029,                  149P    344
333.974004642523,6523.2446958461,-785.015935103029,                  149P    345
333.974004642523,6148.2446958461,-785.015935103029,                  149P    346
333.974004642523,6523.2446958461,-7.1235201380552D-13,               149P    347
333.974004642523,6148.2446958461,-7.58276268773546D-13,              149P    348
333.974004642523,6523.2446958461,785.015935103027,                   149P    349
333.974004642523,6148.2446958461,785.015935103027,                   149P    350
1118.98993974555,6523.2446958461,785.015935103027,                   149P    351
1118.98993974555,6148.2446958461,785.015935103027,                   149P    352
1904.00587484858,6523.2446958461,785.015935103027,                   149P    353
1904.00587484858,6148.2446958461,785.015935103027,                   149P    354
1904.00587484858,6523.2446958461,-6.25197737220617D-13,              149P    355
1904.00587484858,6148.2446958461,-6.71121992188643D-13,              149P    356
-1.22464679914735D-16,0.477697309355617,-3.14159265358979,           149P    357
3.14159265358979;                                                    149P    358
128,1,1,1,1,0,0,1,0,0,-3.14106374041211,-3.14106374041211,           151P    359
3.14106374041211,3.14106374041211,-3.14106374041211,                 151P    360
-3.14106374041211,3.14106374041211,3.14106374041211,1.,1.,1.,1.,     151P    361
1904.25587484858,6148.2446958461,785.265935103027,                   151P    362
333.724004642523,6148.2446958461,785.265935103027,                   151P    363
1904.25587484858,6148.2446958461,-785.265935103029,                  151P    364
333.724004642523,6148.2446958461,-785.265935103029,                  151P    365
-3.14106374041211,3.14106374041211,-3.14106374041211,                151P    366
3.14106374041211;                                                    151P    367
128,1,1,1,1,0,0,1,0,0,-3.14106374041211,-3.14106374041211,           153P    368
3.14106374041211,3.14106374041211,-3.14106374041211,                 153P    369
-3.14106374041211,3.14106374041211,3.14106374041211,1.,1.,1.,1.,     153P    370
333.724004642523,6523.2446958461,785.265935103027,                   153P    371
1904.25587484858,6523.2446958461,785.265935103028,                   153P    372
333.724004642523,6523.2446958461,-785.265935103029,                  153P    373
1904.25587484858,6523.2446958461,-785.265935103029,                  153P    374
-3.14106374041211,3.14106374041211,-3.14106374041211,                153P    375
3.14106374041211;                                                    153P    376
128,2,8,2,2,0,1,0,0,1,-1.5707963267949,-1.5707963267949,             155P    377
-1.5707963267949,6.12323399573677D-16,6.12323399573677D-16,          155P    378
6.12323399573677D-16,-3.14159265358979,-3.14159265358979,            155P    379
-3.14159265358979,-1.5707963267949,-1.5707963267949,0.,0.,           155P    380
1.5707963267949,1.5707963267949,3.14159265358979,                    155P    381
3.14159265358979,3.14159265358979,1.,0.707106781186547,1.,           155P    382
0.707106781186548,0.5,0.707106781186548,1.,0.707106781186547,1.,     155P    383
0.707106781186548,0.5,0.707106781186548,1.,0.707106781186547,1.,     155P    384
0.707106781186548,0.5,0.707106781186548,1.,0.707106781186547,1.,     155P    385
0.707106781186548,0.5,0.707106781186548,1.,0.707106781186547,1.,     155P    386
1119.1288752684,5948.2446958461,1000.,1119.1288752684,               155P    387
6148.2446958461,1000.,1119.1288752684,6148.2446958461,800.,          155P    388
119.1288752684,5948.2446958461,1000.,119.1288752684,                 155P    389
6148.2446958461,1000.,319.1288752684,6148.2446958461,800.,           155P    390
119.1288752684,5948.2446958461,6.24569867565148D-14,                 155P    391
119.1288752684,6148.2446958461,6.24569867565148D-14,                 155P    392
319.1288752684,6148.2446958461,6.24569867565148D-14,                 155P    393
119.1288752684,5948.2446958461,-1000.,119.1288752684,                155P    394
6148.2446958461,-1000.,319.1288752684,6148.2446958461,-800.,         155P    395
1119.1288752684,5948.2446958461,-1000.,1119.1288752684,              155P    396
6148.2446958461,-1000.,1119.1288752684,6148.2446958461,-800.,        155P    397
2119.1288752684,5948.2446958461,-1000.,2119.1288752684,              155P    398
6148.2446958461,-1000.,1919.1288752684,6148.2446958461,-800.,        155P    399
2119.1288752684,5948.2446958461,6.24569867565148D-14,                155P    400
2119.1288752684,6148.2446958461,6.24569867565148D-14,                155P    401
1919.1288752684,6148.2446958461,6.24569867565148D-14,                155P    402
2119.1288752684,5948.2446958461,1000.,2119.1288752684,               155P    403
6148.2446958461,1000.,1919.1288752684,6148.2446958461,800.,          155P    404
1119.1288752684,5948.2446958461,1000.,1119.1288752684,               155P    405
6148.2446958461,1000.,1119.1288752684,6148.2446958461,800.,          155P    406
-1.5707963267949,6.12323399573677D-16,-3.14159265358979,             155P    407
3.14159265358979;                                                    155P    408
128,1,1,1,1,0,0,1,0,0,-3.201,-3.201,3.201,3.201,-3.201,-3.201,       157P    409
3.201,3.201,1.,1.,1.,1.,1919.3788752684,6148.2446958461,-800.25,     157P    410
318.8788752684,6148.2446958461,-800.25,1919.3788752684,              157P    411
6148.2446958461,800.25,318.8788752684,6148.2446958461,800.25,        157P    412
-3.201,3.201,-3.201,3.201;                                           157P    413
128,1,1,1,1,0,0,1,0,0,-4.001,-4.001,4.001,4.001,-4.001,-4.001,       159P    414
4.001,4.001,1.,1.,1.,1.,118.8788752684,5948.2446958461,-1000.25,     159P    415
2119.3788752684,5948.2446958461,-1000.25,118.8788752684,             159P    416
5948.2446958461,1000.25,2119.3788752684,5948.2446958461,1000.25,     159P    417
-4.001,4.001,-4.001,4.001;                                           159P    418
128,47,198,3,3,0,1,1,0,1,0.,0.,0.,0.,0.0178571428571429,             161P    419
0.0357142857142857,0.0535714285714286,0.0714285714285714,            161P    420
0.0892857142857143,0.107142857142857,0.125,0.142857142857143,        161P    421
0.160714285714286,0.178571428571429,0.196428571428571,               161P    422
0.214285714285714,0.25,0.285714285714286,0.321428571428571,          161P    423
0.357142857142857,0.375,0.392857142857143,0.410714285714286,         161P    424
0.428571428571429,0.452380952380952,0.476190476190476,0.5,           161P    425
0.523809523809524,0.547619047619048,0.571428571428571,               161P    426
0.595238095238095,0.619047619047619,0.642857142857143,               161P    427
0.666666666666667,0.714285714285714,0.75,0.785714285714286,          161P    428
0.803571428571428,0.821428571428571,0.839285714285714,               161P    429
0.857142857142857,0.875,0.892857142857143,0.910714285714286,         161P    430
0.928571428571429,0.946428571428571,0.964285714285714,               161P    431
0.982142857142857,1.,1.,1.,1.,0.,0.,0.,0.,0.0280499344070517,        161P    432
0.0560998688141034,0.0841498032211552,0.112199737628207,             161P    433
0.140249672035259,0.16829960644231,0.196349540849362,                161P    434
0.224399475256414,0.252449409663466,0.280499344070517,               161P    435
0.308549278477569,0.336599212884621,0.364649147291672,               161P    436
0.392699081698724,0.420749016105776,0.448798950512828,               161P    437
0.476848884919879,0.504898819326931,0.532948753733983,               161P    438
0.560998688141034,0.589048622548086,0.617098556955138,               161P    439
0.64514849136219,0.673198425769241,0.701248360176293,                161P    440
0.729298294583345,0.757348228990397,0.785398163397448,               161P    441
0.8134480978045,0.841498032211552,0.869547966618603,                 161P    442
0.897597901025655,0.934997813568391,0.972397726111127,               161P    443
1.00979763865386,1.0471975511966,1.08459746373933,                   161P    444
1.12199737628207,1.1593972888248,1.19679720136754,                   161P    445
1.23419711391028,1.27159702645301,1.30899693899575,                  161P    446
1.34639685153848,1.38379676408122,1.42119667662395,                  161P    447
1.45859658916669,1.49599650170943,1.53339641425216,                  161P    448
1.5707963267949,1.60819623933763,1.64559615188037,                   161P    449
1.6829960644231,1.72039597696584,1.75779588950857,                   161P    450
1.79519580205131,1.83259571459405,1.86999562713678,                  161P    451
1.90739553967952,1.94479545222225,1.98219536476499,                  161P    452
2.01959527730772,2.05699518985046,2.0943951023932,                   161P    453
2.13179501493593,2.16919492747867,2.2065948400214,                   161P    454
2.24399475256414,2.28139466510687,2.31879457764961,                  161P    455
2.35619449019234,2.39359440273508,2.43099431527782,                  161P    456
2.46839422782055,2.50579414036329,2.54319405290602,                  161P    457
2.58059396544876,2.61799387799149,2.65539379053423,                  161P    458
2.69279370307697,2.7301936156197,2.76759352816244,                   161P    459
2.80499344070517,2.84239335324791,2.87979326579064,                  161P    460
2.91719317833338,2.95459309087611,2.99199300341885,                  161P    461
3.02939291596159,3.06679282850432,3.10419274104706,                  161P    462
3.14159265358979,3.17899256613253,3.21639247867526,                  161P    463
3.253792391218,3.29119230376074,3.31612557878923,                    161P    464
3.34105885381772,3.36599212884621,3.3909254038747,                   161P    465
3.41585867890319,3.44079195393168,3.46572522896017,                  161P    466
3.49065850398866,3.51559177901715,3.54052505404564,                  161P    467
3.56545832907413,3.59039160410262,3.62779151664536,                  161P    468
3.66519142918809,3.70259134173083,3.73999125427356,                  161P    469
3.7773911668163,3.81479107935903,3.85219099190177,                   161P    470
3.88959090444451,3.92699081698724,3.96439072952998,                  161P    471
4.00179064207271,4.03919055461545,4.0672404890225,                   161P    472
4.09529042342955,4.1233403578366,4.15139029224366,                   161P    473
4.17944022665071,4.20749016105776,4.23554009546481,                  161P    474
4.26359002987186,4.29163996427891,4.31968989868597,                  161P    475
4.34773983309302,4.37578976750007,4.40383970190712,                  161P    476
4.43188963631417,4.45993957072122,4.48798950512828,                  161P    477
4.51603943953533,4.54408937394238,4.57213930834943,                  161P    478
4.60018924275648,4.62823917716353,4.65628911157059,                  161P    479
4.68433904597764,4.71238898038469,4.74043891479174,                  161P    480
4.76848884919879,4.79653878360585,4.8245887180129,                   161P    481
4.85263865241995,4.880688586827,4.90873852123405,                    161P    482
4.9367884556411,4.97418836818384,5.01158828072657,                   161P    483
5.04898819326931,5.08638810581205,5.12378801835478,                  161P    484
5.16118793089752,5.19858784344025,5.23598775598299,                  161P    485
5.27338766852573,5.31078758106846,5.3481874936112,                   161P    486
5.38558740615393,5.41363734056098,5.44168727496803,                  161P    487
5.46973720937509,5.49778714378214,5.52583707818919,                  161P    488
5.55388701259624,5.58193694700329,5.60998688141034,                  161P    489
5.6380368158174,5.66608675022445,5.6941366846315,                    161P    490
5.72218661903855,5.7502365534456,5.77828648785266,                   161P    491
5.80633642225971,5.83438635666676,5.86243629107381,                  161P    492
5.89048622548086,5.91853615988791,5.94658609429497,                  161P    493
5.97463602870202,6.00268596310907,6.03073589751612,                  161P    494
6.05878583192317,6.08683576633022,6.11488570073728,                  161P    495
6.14293563514433,6.17098556955138,6.19903550395843,                  161P    496
6.22708543836548,6.25513537277253,6.28318530717959,                  161P    497
6.28318530717959,6.28318530717959,6.28318530717959,1.,1.,1.,1.,      161P    498
1.,1.,1.,1.,1.,1.,1.,1.,1.,1.,1.,1.,1.,1.,1.,1.,1.,1.,1.,1.,1.,      161P    499
1.,1.,1.,1.,1.,1.,1.,1.,1.,1.,1.,1.,1.,1.,1.,1.,1.,1.,1.,1.,1.,      161P    500
1.,1.,1.,1.,1.,1.,1.,1.,1.,1.,1.,1.,1.,1.,1.,1.,1.,1.,1.,1.,1.,      161P    501
1.,1.,1.,1.,1.,1.,1.,1.,1.,1.,1.,1.,1.,1.,1.,1.,1.,1.,1.,1.,1.,      161P    502
1.,1.,1.,1.,1.,1.,1.,1.,1.,1.,1.,1.,1.,1.,1.,1.,1.,1.,1.,1.,1.,      161P    503
1.,1.,1.,1.,1.,1.,1.,1.,1.,1.,1.,1.,1.,1.,1.,1.,1.,1.,1.,1.,1.,      161P    504
1.,1.,1.,1.,1.,1.,1.,1.,1.,1.,1.,1.,1.,1.,1.,1.,1.,1.,1.,1.,1.,      161P    505
1.,1.,1.,1.,1.,1.,1.,1.,1.,1.,1.,1.,1.,1.,1.,1.,1.,1.,1.,1.,1.,      161P    506
1.,1.,1.,1.,1.,1.,1.,1.,1.,1.,1.,1.,1.,1.,1.,1.,1.,1.,1.,1.,1.,      161P    507
1.,1.,1.,1.,1.,1.,1.,1.,1.,1.,1.,1.,1.,1.,1.,1.,1.,1.,1.,1.,1.,      161P    508
1.,1.,1.,1.,1.,1.,1.,1.,1.,1.,1.,1.,1.,1.,1.,1.,1.,1.,1.,1.,1.,      161P    509
1.,1.,1.,1.,1.,1.,1.,1.,1.,1.,1.,1.,1.,1.,1.,1.,1.,1.,1.,1.,1.,      161P    510
1.,1.,1.,1.,1.,1.,1.,1.,1.,1.,1.,1.,1.,1.,1.,1.,1.,1.,1.,1.,1.,      161P    511
1.,1.,1.,1.,1.,1.,1.,1.,1.,1.,1.,1.,1.,1.,1.,1.,1.,1.,1.,1.,1.,      161P    512
1.,1.,1.,1.,1.,1.,1.,1.,1.,1.,1.,1.,1.,1.,1.,1.,1.,1.,1.,1.,1.,      161P    513
1.,1.,1.,1.,1.,1.,1.,1.,1.,1.,1.,1.,1.,1.,1.,1.,1.,1.,1.,1.,1.,      161P    514
1.,1.,1.,1.,1.,1.,1.,1.,1.,1.,1.,1.,1.,1.,1.,1.,1.,1.,1.,1.,1.,      161P    515
1.,1.,1.,1.,1.,1.,1.,1.,1.,1.,1.,1.,1.,1.,1.,1.,1.,1.,1.,1.,1.,      161P    516
1.,1.,1.,1.,1.,1.,1.,1.,1.,1.,1.,1.,1.,1.,1.,1.,1.,1.,1.,1.,1.,      161P    517
1.,1.,1.,1.,1.,1.,1.,1.,1.,1.,1.,1.,1.,1.,1.,1.,1.,1.,1.,1.,1.,      161P    518
1.,1.,1.,1.,1.,1.,1.,1.,1.,1.,1.,1.,1.,1.,1.,1.,1.,1.,1.,1.,1.,      161P    519
1.,1.,1.,1.,1.,1.,1.,1.,1.,1.,1.,1.,1.,1.,1.,1.,1.,1.,1.,1.,1.,      161P    520
1.,1.,1.,1.,1.,1.,1.,1.,1.,1.,1.,1.,1.,1.,1.,1.,1.,1.,1.,1.,1.,      161P    521
1.,1.,1.,1.,1.,1.,1.,1.,1.,1.,1.,1.,1.,1.,1.,1.,1.,1.,1.,1.,1.,      161P    522
1.,1.,1.,1.,1.,1.,1.,1.,1.,1.,1.,1.,1.,1.,1.,1.,1.,1.,1.,1.,1.,      161P    523
1.,1.,1.,1.,1.,1.,1.,1.,1.,1.,1.,1.,1.,1.,1.,1.,1.,1.,1.,1.,1.,      161P    524
1.,1.,1.,1.,1.,1.,1.,1.,1.,1.,1.,1.,1.,1.,1.,1.,1.,1.,1.,1.,1.,      161P    525
1.,1.,1.,1.,1.,1.,1.,1.,1.,1.,1.,1.,1.,1.,1.,1.,1.,1.,1.,1.,1.,      161P    526
1.,1.,1.,1.,1.,1.,1.,1.,1.,1.,1.,1.,1.,1.,1.,1.,1.,1.,1.,1.,1.,      161P    527
1.,1.,1.,1.,1.,1.,1.,1.,1.,1.,1.,1.,1.,1.,1.,1.,1.,1.,1.,1.,1.,      161P    528
1.,1.,1.,1.,1.,1.,1.,1.,1.,1.,1.,1.,1.,1.,1.,1.,1.,1.,1.,1.,1.,      161P    529
1.,1.,1.,1.,1.,1.,1.,1.,1.,1.,1.,1.,1.,1.,1.,1.,1.,1.,1.,1.,1.,      161P    530
1.,1.,1.,1.,1.,1.,1.,1.,1.,1.,1.,1.,1.,1.,1.,1.,1.,1.,1.,1.,1.,      161P    531
1.,1.,1.,1.,1.,1.,1.,1.,1.,1.,1.,1.,1.,1.,1.,1.,1.,1.,1.,1.,1.,      161P    532
1.,1.,1.,1.,1.,1.,1.,1.,1.,1.,1.,1.,1.,1.,1.,1.,1.,1.,1.,1.,1.,      161P    533
1.,1.,1.,1.,1.,1.,1.,1.,1.,1.,1.,1.,1.,1.,1.,1.,1.,1.,1.,1.,1.,      161P    534
1.,1.,1.,1.,1.,1.,1.,1.,1.,1.,1.,1.,1.,1.,1.,1.,1.,1.,1.,1.,1.,      161P    535
1.,1.,1.,1.,1.,1.,1.,1.,1.,1.,1.,1.,1.,1.,1.,1.,1.,1.,1.,1.,1.,      161P    536
1.,1.,1.,1.,1.,1.,1.,1.,1.,1.,1.,1.,1.,1.,1.,1.,1.,1.,1.,1.,1.,      161P    537
1.,1.,1.,1.,1.,1.,1.,1.,1.,1.,1.,1.,1.,1.,1.,1.,1.,1.,1.,1.,1.,      161P    538
1.,1.,1.,1.,1.,1.,1.,1.,1.,1.,1.,1.,1.,1.,1.,1.,1.,1.,1.,1.,1.,      161P    539
1.,1.,1.,1.,1.,1.,1.,1.,1.,1.,1.,1.,1.,1.,1.,1.,1.,1.,1.,1.,1.,      161P    540
1.,1.,1.,1.,1.,1.,1.,1.,1.,1.,1.,1.,1.,1.,1.,1.,1.,1.,1.,1.,1.,      161P    541
1.,1.,1.,1.,1.,1.,1.,1.,1.,1.,1.,1.,1.,1.,1.,1.,1.,1.,1.,1.,1.,      161P    542
1.,1.,1.,1.,1.,1.,1.,1.,1.,1.,1.,1.,1.,1.,1.,1.,1.,1.,1.,1.,1.,      161P    543
1.,1.,1.,1.,1.,1.,1.,1.,1.,1.,1.,1.,1.,1.,1.,1.,1.,1.,1.,1.,1.,      161P    544
1.,1.,1.,1.,1.,1.,1.,1.,1.,1.,1.,1.,1.,1.,1.,1.,1.,1.,1.,1.,1.,      161P    545
1.,1.,1.,1.,1.,1.,1.,1.,1.,1.,1.,1.,1.,1.,1.,1.,1.,1.,1.,1.,1.,      161P    546
1.,1.,1.,1.,1.,1.,1.,1.,1.,1.,1.,1.,1.,1.,1.,1.,1.,1.,1.,1.,1.,      161P    547
1.,1.,1.,1.,1.,1.,1.,1.,1.,1.,1.,1.,1.,1.,1.,1.,1.,1.,1.,1.,1.,      161P    548
1.,1.,1.,1.,1.,1.,1.,1.,1.,1.,1.,1.,1.,1.,1.,1.,1.,1.,1.,1.,1.,      161P    549
1.,1.,1.,1.,1.,1.,1.,1.,1.,1.,1.,1.,1.,1.,1.,1.,1.,1.,1.,1.,1.,      161P    550
1.,1.,1.,1.,1.,1.,1.,1.,1.,1.,1.,1.,1.,1.,1.,1.,1.,1.,1.,1.,1.,      161P    551
1.,1.,1.,1.,1.,1.,1.,1.,1.,1.,1.,1.,1.,1.,1.,1.,1.,1.,1.,1.,1.,      161P    552
1.,1.,1.,1.,1.,1.,1.,1.,1.,1.,1.,1.,1.,1.,1.,1.,1.,1.,1.,1.,1.,      161P    553
1.,1.,1.,1.,1.,1.,1.,1.,1.,1.,1.,1.,1.,1.,1.,1.,1.,1.,1.,1.,1.,      161P    554
1.,1.,1.,1.,1.,1.,1.,1.,1.,1.,1.,1.,1.,1.,1.,1.,1.,1.,1.,1.,1.,      161P    555
1.,1.,1.,1.,1.,1.,1.,1.,1.,1.,1.,1.,1.,1.,1.,1.,1.,1.,1.,1.,1.,      161P    556
1.,1.,1.,1.,1.,1.,1.,1.,1.,1.,1.,1.,1.,1.,1.,1.,1.,1.,1.,1.,1.,      161P    557
1.,1.,1.,1.,1.,1.,1.,1.,1.,1.,1.,1.,1.,1.,1.,1.,1.,1.,1.,1.,1.,      161P    558
1.,1.,1.,1.,1.,1.,1.,1.,1.,1.,1.,1.,1.,1.,1.,1.,1.,1.,1.,1.,1.,      161P    559
1.,1.,1.,1.,1.,1.,1.,1.,1.,1.,1.,1.,1.,1.,1.,1.,1.,1.,1.,1.,1.,      161P    560
1.,1.,1.,1.,1.,1.,1.,1.,1.,1.,1.,1.,1.,1.,1.,1.,1.,1.,1.,1.,1.,      161P    561
1.,1.,1.,1.,1.,1.,1.,1.,1.,1.,1.,1.,1.,1.,1.,1.,1.,1.,1.,1.,1.,      161P    562
1.,1.,1.,1.,1.,1.,1.,1.,1.,1.,1.,1.,1.,1.,1.,1.,1.,1.,1.,1.,1.,      161P    563
1.,1.,1.,1.,1.,1.,1.,1.,1.,1.,1.,1.,1.,1.,1.,1.,1.,1.,1.,1.,1.,      161P    564
1.,1.,1.,1.,1.,1.,1.,1.,1.,1.,1.,1.,1.,1.,1.,1.,1.,1.,1.,1.,1.,      161P    565
1.,1.,1.,1.,1.,1.,1.,1.,1.,1.,1.,1.,1.,1.,1.,1.,1.,1.,1.,1.,1.,      161P    566
1.,1.,1.,1.,1.,1.,1.,1.,1.,1.,1.,1.,1.,1.,1.,1.,1.,1.,1.,1.,1.,      161P    567
1.,1.,1.,1.,1.,1.,1.,1.,1.,1.,1.,1.,1.,1.,1.,1.,1.,1.,1.,1.,1.,      161P    568
1.,1.,1.,1.,1.,1.,1.,1.,1.,1.,1.,1.,1.,1.,1.,1.,1.,1.,1.,1.,1.,      161P    569
1.,1.,1.,1.,1.,1.,1.,1.,1.,1.,1.,1.,1.,1.,1.,1.,1.,1.,1.,1.,1.,      161P    570
1.,1.,1.,1.,1.,1.,1.,1.,1.,1.,1.,1.,1.,1.,1.,1.,1.,1.,1.,1.,1.,      161P    571
1.,1.,1.,1.,1.,1.,1.,1.,1.,1.,1.,1.,1.,1.,1.,1.,1.,1.,1.,1.,1.,      161P    572
1.,1.,1.,1.,1.,1.,1.,1.,1.,1.,1.,1.,1.,1.,1.,1.,1.,1.,1.,1.,1.,      161P    573
1.,1.,1.,1.,1.,1.,1.,1.,1.,1.,1.,1.,1.,1.,1.,1.,1.,1.,1.,1.,1.,      161P    574
1.,1.,1.,1.,1.,1.,1.,1.,1.,1.,1.,1.,1.,1.,1.,1.,1.,1.,1.,1.,1.,      161P    575
1.,1.,1.,1.,1.,1.,1.,1.,1.,1.,1.,1.,1.,1.,1.,1.,1.,1.,1.,1.,1.,      161P    576
1.,1.,1.,1.,1.,1.,1.,1.,1.,1.,1.,1.,1.,1.,1.,1.,1.,1.,1.,1.,1.,      161P    577
1.,1.,1.,1.,1.,1.,1.,1.,1.,1.,1.,1.,1.,1.,1.,1.,1.,1.,1.,1.,1.,      161P    578
1.,1.,1.,1.,1.,1.,1.,1.,1.,1.,1.,1.,1.,1.,1.,1.,1.,1.,1.,1.,1.,      161P    579
1.,1.,1.,1.,1.,1.,1.,1.,1.,1.,1.,1.,1.,1.,1.,1.,1.,1.,1.,1.,1.,      161P    580
1.,1.,1.,1.,1.,1.,1.,1.,1.,1.,1.,1.,1.,1.,1.,1.,1.,1.,1.,1.,1.,      161P    581
1.,1.,1.,1.,1.,1.,1.,1.,1.,1.,1.,1.,1.,1.,1.,1.,1.,1.,1.,1.,1.,      161P    582
1.,1.,1.,1.,1.,1.,1.,1.,1.,1.,1.,1.,1.,1.,1.,1.,1.,1.,1.,1.,1.,      161P    583
1.,1.,1.,1.,1.,1.,1.,1.,1.,1.,1.,1.,1.,1.,1.,1.,1.,1.,1.,1.,1.,      161P    584
1.,1.,1.,1.,1.,1.,1.,1.,1.,1.,1.,1.,1.,1.,1.,1.,1.,1.,1.,1.,1.,      161P    585
1.,1.,1.,1.,1.,1.,1.,1.,1.,1.,1.,1.,1.,1.,1.,1.,1.,1.,1.,1.,1.,      161P    586
1.,1.,1.,1.,1.,1.,1.,1.,1.,1.,1.,1.,1.,1.,1.,1.,1.,1.,1.,1.,1.,      161P    587
1.,1.,1.,1.,1.,1.,1.,1.,1.,1.,1.,1.,1.,1.,1.,1.,1.,1.,1.,1.,1.,      161P    588
1.,1.,1.,1.,1.,1.,1.,1.,1.,1.,1.,1.,1.,1.,1.,1.,1.,1.,1.,1.,1.,      161P    589
1.,1.,1.,1.,1.,1.,1.,1.,1.,1.,1.,1.,1.,1.,1.,1.,1.,1.,1.,1.,1.,      161P    590
1.,1.,1.,1.,1.,1.,1.,1.,1.,1.,1.,1.,1.,1.,1.,1.,1.,1.,1.,1.,1.,      161P    591
1.,1.,1.,1.,1.,1.,1.,1.,1.,1.,1.,1.,1.,1.,1.,1.,1.,1.,1.,1.,1.,      161P    592
1.,1.,1.,1.,1.,1.,1.,1.,1.,1.,1.,1.,1.,1.,1.,1.,1.,1.,1.,1.,1.,      161P    593
1.,1.,1.,1.,1.,1.,1.,1.,1.,1.,1.,1.,1.,1.,1.,1.,1.,1.,1.,1.,1.,      161P    594
1.,1.,1.,1.,1.,1.,1.,1.,1.,1.,1.,1.,1.,1.,1.,1.,1.,1.,1.,1.,1.,      161P    595
1.,1.,1.,1.,1.,1.,1.,1.,1.,1.,1.,1.,1.,1.,1.,1.,1.,1.,1.,1.,1.,      161P    596
1.,1.,1.,1.,1.,1.,1.,1.,1.,1.,1.,1.,1.,1.,1.,1.,1.,1.,1.,1.,1.,      161P    597
1.,1.,1.,1.,1.,1.,1.,1.,1.,1.,1.,1.,1.,1.,1.,1.,1.,1.,1.,1.,1.,      161P    598
1.,1.,1.,1.,1.,1.,1.,1.,1.,1.,1.,1.,1.,1.,1.,1.,1.,1.,1.,1.,1.,      161P    599
1.,1.,1.,1.,1.,1.,1.,1.,1.,1.,1.,1.,1.,1.,1.,1.,1.,1.,1.,1.,1.,      161P    600
1.,1.,1.,1.,1.,1.,1.,1.,1.,1.,1.,1.,1.,1.,1.,1.,1.,1.,1.,1.,1.,      161P    601
1.,1.,1.,1.,1.,1.,1.,1.,1.,1.,1.,1.,1.,1.,1.,1.,1.,1.,1.,1.,1.,      161P    602
1.,1.,1.,1.,1.,1.,1.,1.,1.,1.,1.,1.,1.,1.,1.,1.,1.,1.,1.,1.,1.,      161P    603
1.,1.,1.,1.,1.,1.,1.,1.,1.,1.,1.,1.,1.,1.,1.,1.,1.,1.,1.,1.,1.,      161P    604
1.,1.,1.,1.,1.,1.,1.,1.,1.,1.,1.,1.,1.,1.,1.,1.,1.,1.,1.,1.,1.,      161P    605
1.,1.,1.,1.,1.,1.,1.,1.,1.,1.,1.,1.,1.,1.,1.,1.,1.,1.,1.,1.,1.,      161P    606
1.,1.,1.,1.,1.,1.,1.,1.,1.,1.,1.,1.,1.,1.,1.,1.,1.,1.,1.,1.,1.,      161P    607
1.,1.,1.,1.,1.,1.,1.,1.,1.,1.,1.,1.,1.,1.,1.,1.,1.,1.,1.,1.,1.,      161P    608
1.,1.,1.,1.,1.,1.,1.,1.,1.,1.,1.,1.,1.,1.,1.,1.,1.,1.,1.,1.,1.,      161P    609
1.,1.,1.,1.,1.,1.,1.,1.,1.,1.,1.,1.,1.,1.,1.,1.,1.,1.,1.,1.,1.,      161P    610
1.,1.,1.,1.,1.,1.,1.,1.,1.,1.,1.,1.,1.,1.,1.,1.,1.,1.,1.,1.,1.,      161P    611
1.,1.,1.,1.,1.,1.,1.,1.,1.,1.,1.,1.,1.,1.,1.,1.,1.,1.,1.,1.,1.,      161P    612
1.,1.,1.,1.,1.,1.,1.,1.,1.,1.,1.,1.,1.,1.,1.,1.,1.,1.,1.,1.,1.,      161P    613
1.,1.,1.,1.,1.,1.,1.,1.,1.,1.,1.,1.,1.,1.,1.,1.,1.,1.,1.,1.,1.,      161P    614
1.,1.,1.,1.,1.,1.,1.,1.,1.,1.,1.,1.,1.,1.,1.,1.,1.,1.,1.,1.,1.,      161P    615
1.,1.,1.,1.,1.,1.,1.,1.,1.,1.,1.,1.,1.,1.,1.,1.,1.,1.,1.,1.,1.,      161P    616
1.,1.,1.,1.,1.,1.,1.,1.,1.,1.,1.,1.,1.,1.,1.,1.,1.,1.,1.,1.,1.,      161P    617
1.,1.,1.,1.,1.,1.,1.,1.,1.,1.,1.,1.,1.,1.,1.,1.,1.,1.,1.,1.,1.,      161P    618
1.,1.,1.,1.,1.,1.,1.,1.,1.,1.,1.,1.,1.,1.,1.,1.,1.,1.,1.,1.,1.,      161P    619
1.,1.,1.,1.,1.,1.,1.,1.,1.,1.,1.,1.,1.,1.,1.,1.,1.,1.,1.,1.,1.,      161P    620
1.,1.,1.,1.,1.,1.,1.,1.,1.,1.,1.,1.,1.,1.,1.,1.,1.,1.,1.,1.,1.,      161P    621
1.,1.,1.,1.,1.,1.,1.,1.,1.,1.,1.,1.,1.,1.,1.,1.,1.,1.,1.,1.,1.,      161P    622
1.,1.,1.,1.,1.,1.,1.,1.,1.,1.,1.,1.,1.,1.,1.,1.,1.,1.,1.,1.,1.,      161P    623
1.,1.,1.,1.,1.,1.,1.,1.,1.,1.,1.,1.,1.,1.,1.,1.,1.,1.,1.,1.,1.,      161P    624
1.,1.,1.,1.,1.,1.,1.,1.,1.,1.,1.,1.,1.,1.,1.,1.,1.,1.,1.,1.,1.,      161P    625
1.,1.,1.,1.,1.,1.,1.,1.,1.,1.,1.,1.,1.,1.,1.,1.,1.,1.,1.,1.,1.,      161P    626
1.,1.,1.,1.,1.,1.,1.,1.,1.,1.,1.,1.,1.,1.,1.,1.,1.,1.,1.,1.,1.,      161P    627
1.,1.,1.,1.,1.,1.,1.,1.,1.,1.,1.,1.,1.,1.,1.,1.,1.,1.,1.,1.,1.,      161P    628
1.,1.,1.,1.,1.,1.,1.,1.,1.,1.,1.,1.,1.,1.,1.,1.,1.,1.,1.,1.,1.,      161P    629
1.,1.,1.,1.,1.,1.,1.,1.,1.,1.,1.,1.,1.,1.,1.,1.,1.,1.,1.,1.,1.,      161P    630
1.,1.,1.,1.,1.,1.,1.,1.,1.,1.,1.,1.,1.,1.,1.,1.,1.,1.,1.,1.,1.,      161P    631
1.,1.,1.,1.,1.,1.,1.,1.,1.,1.,1.,1.,1.,1.,1.,1.,1.,1.,1.,1.,1.,      161P    632
1.,1.,1.,1.,1.,1.,1.,1.,1.,1.,1.,1.,1.,1.,1.,1.,1.,1.,1.,1.,1.,      161P    633
1.,1.,1.,1.,1.,1.,1.,1.,1.,1.,1.,1.,1.,1.,1.,1.,1.,1.,1.,1.,1.,      161P    634
1.,1.,1.,1.,1.,1.,1.,1.,1.,1.,1.,1.,1.,1.,1.,1.,1.,1.,1.,1.,1.,      161P    635
1.,1.,1.,1.,1.,1.,1.,1.,1.,1.,1.,1.,1.,1.,1.,1.,1.,1.,1.,1.,1.,      161P    636
1.,1.,1.,1.,1.,1.,1.,1.,1.,1.,1.,1.,1.,1.,1.,1.,1.,1.,1.,1.,1.,      161P    637
1.,1.,1.,1.,1.,1.,1.,1.,1.,1.,1.,1.,1.,1.,1.,1.,1.,1.,1.,1.,1.,      161P    638
1.,1.,1.,1.,1.,1.,1.,1.,1.,1.,1.,1.,1.,1.,1.,1.,1.,1.,1.,1.,1.,      161P    639
1.,1.,1.,1.,1.,1.,1.,1.,1.,1.,1.,1.,1.,1.,1.,1.,1.,1.,1.,1.,1.,      161P    640
1.,1.,1.,1.,1.,1.,1.,1.,1.,1.,1.,1.,1.,1.,1.,1.,1.,1.,1.,1.,1.,      161P    641
1.,1.,1.,1.,1.,1.,1.,1.,1.,1.,1.,1.,1.,1.,1.,1.,1.,1.,1.,1.,1.,      161P    642
1.,1.,1.,1.,1.,1.,1.,1.,1.,1.,1.,1.,1.,1.,1.,1.,1.,1.,1.,1.,1.,      161P    643
1.,1.,1.,1.,1.,1.,1.,1.,1.,1.,1.,1.,1.,1.,1.,1.,1.,1.,1.,1.,1.,      161P    644
1.,1.,1.,1.,1.,1.,1.,1.,1.,1.,1.,1.,1.,1.,1.,1.,1.,1.,1.,1.,1.,      161P    645
1.,1.,1.,1.,1.,1.,1.,1.,1.,1.,1.,1.,1.,1.,1.,1.,1.,1.,1.,1.,1.,      161P    646
1.,1.,1.,1.,1.,1.,1.,1.,1.,1.,1.,1.,1.,1.,1.,1.,1.,1.,1.,1.,1.,      161P    647
1.,1.,1.,1.,1.,1.,1.,1.,1.,1.,1.,1.,1.,1.,1.,1.,1.,1.,1.,1.,1.,      161P    648
1.,1.,1.,1.,1.,1.,1.,1.,1.,1.,1.,1.,1.,1.,1.,1.,1.,1.,1.,1.,1.,      161P    649
1.,1.,1.,1.,1.,1.,1.,1.,1.,1.,1.,1.,1.,1.,1.,1.,1.,1.,1.,1.,1.,      161P    650
1.,1.,1.,1.,1.,1.,1.,1.,1.,1.,1.,1.,1.,1.,1.,1.,1.,1.,1.,1.,1.,      161P    651
1.,1.,1.,1.,1.,1.,1.,1.,1.,1.,1.,1.,1.,1.,1.,1.,1.,1.,1.,1.,1.,      161P    652
1.,1.,1.,1.,1.,1.,1.,1.,1.,1.,1.,1.,1.,1.,1.,1.,1.,1.,1.,1.,1.,      161P    653
1.,1.,1.,1.,1.,1.,1.,1.,1.,1.,1.,1.,1.,1.,1.,1.,1.,1.,1.,1.,1.,      161P    654
1.,1.,1.,1.,1.,1.,1.,1.,1.,1.,1.,1.,1.,1.,1.,1.,1.,1.,1.,1.,1.,      161P    655
1.,1.,1.,1.,1.,1.,1.,1.,1.,1.,1.,1.,1.,1.,1.,1.,1.,1.,1.,1.,1.,      161P    656
1.,1.,1.,1.,1.,1.,1.,1.,1.,1.,1.,1.,1.,1.,1.,1.,1.,1.,1.,1.,1.,      161P    657
1.,1.,1.,1.,1.,1.,1.,1.,1.,1.,1.,1.,1.,1.,1.,1.,1.,1.,1.,1.,1.,      161P    658
1.,1.,1.,1.,1.,1.,1.,1.,1.,1.,1.,1.,1.,1.,1.,1.,1.,1.,1.,1.,1.,      161P    659
1.,1.,1.,1.,1.,1.,1.,1.,1.,1.,1.,1.,1.,1.,1.,1.,1.,1.,1.,1.,1.,      161P    660
1.,1.,1.,1.,1.,1.,1.,1.,1.,1.,1.,1.,1.,1.,1.,1.,1.,1.,1.,1.,1.,      161P    661
1.,1.,1.,1.,1.,1.,1.,1.,1.,1.,1.,1.,1.,1.,1.,1.,1.,1.,1.,1.,1.,      161P    662
1.,1.,1.,1.,1.,1.,1.,1.,1.,1.,1.,1.,1.,1.,1.,1.,1.,1.,1.,1.,1.,      161P    663
1.,1.,1.,1.,1.,1.,1.,1.,1.,1.,1.,1.,1.,1.,1.,1.,1.,1.,1.,1.,1.,      161P    664
1.,1.,1.,1.,1.,1.,1.,1.,1.,1.,1.,1.,1.,1.,1.,1.,1.,1.,1.,1.,1.,      161P    665
1.,1.,1.,1.,1.,1.,1.,1.,1.,1.,1.,1.,1.,1.,1.,1.,1.,1.,1.,1.,1.,      161P    666
1.,1.,1.,1.,1.,1.,1.,1.,1.,1.,1.,1.,1.,1.,1.,1.,1.,1.,1.,1.,1.,      161P    667
1.,1.,1.,1.,1.,1.,1.,1.,1.,1.,1.,1.,1.,1.,1.,1.,1.,1.,1.,1.,1.,      161P    668
1.,1.,1.,1.,1.,1.,1.,1.,1.,1.,1.,1.,1.,1.,1.,1.,1.,1.,1.,1.,1.,      161P    669
1.,1.,1.,1.,1.,1.,1.,1.,1.,1.,1.,1.,1.,1.,1.,1.,1.,1.,1.,1.,1.,      161P    670
1.,1.,1.,1.,1.,1.,1.,1.,1.,1.,1.,1.,1.,1.,1.,1.,1.,1.,1.,1.,1.,      161P    671
1.,1.,1.,1.,1.,1.,1.,1.,1.,1.,1.,1.,1.,1.,1.,1.,1.,1.,1.,1.,1.,      161P    672
1.,1.,1.,1.,1.,1.,1.,1.,1.,1.,1.,1.,1.,1.,1.,1.,1.,1.,1.,1.,1.,      161P    673
1.,1.,1.,1.,1.,1.,1.,1.,1.,1.,1.,1.,1.,1.,1.,1.,1.,1.,1.,1.,1.,      161P    674
1.,1.,1.,1.,1.,1.,1.,1.,1.,1.,1.,1.,1.,1.,1.,1.,1.,1.,1.,1.,1.,      161P    675
1.,1.,1.,1.,1.,1.,1.,1.,1.,1.,1.,1.,1.,1.,1.,1.,1.,1.,1.,1.,1.,      161P    676
1.,1.,1.,1.,1.,1.,1.,1.,1.,1.,1.,1.,1.,1.,1.,1.,1.,1.,1.,1.,1.,      161P    677
1.,1.,1.,1.,1.,1.,1.,1.,1.,1.,1.,1.,1.,1.,1.,1.,1.,1.,1.,1.,1.,      161P    678
1.,1.,1.,1.,1.,1.,1.,1.,1.,1.,1.,1.,1.,1.,1.,1.,1.,1.,1.,1.,1.,      161P    679
1.,1.,1.,1.,1.,1.,1.,1.,1.,1.,1.,1.,1.,1.,1.,1.,1.,1.,1.,1.,1.,      161P    680
1.,1.,1.,1.,1.,1.,1.,1.,1.,1.,1.,1.,1.,1.,1.,1.,1.,1.,1.,1.,1.,      161P    681
1.,1.,1.,1.,1.,1.,1.,1.,1.,1.,1.,1.,1.,1.,1.,1.,1.,1.,1.,1.,1.,      161P    682
1.,1.,1.,1.,1.,1.,1.,1.,1.,1.,1.,1.,1.,1.,1.,1.,1.,1.,1.,1.,1.,      161P    683
1.,1.,1.,1.,1.,1.,1.,1.,1.,1.,1.,1.,1.,1.,1.,1.,1.,1.,1.,1.,1.,      161P    684
1.,1.,1.,1.,1.,1.,1.,1.,1.,1.,1.,1.,1.,1.,1.,1.,1.,1.,1.,1.,1.,      161P    685
1.,1.,1.,1.,1.,1.,1.,1.,1.,1.,1.,1.,1.,1.,1.,1.,1.,1.,1.,1.,1.,      161P    686
1.,1.,1.,1.,1.,1.,1.,1.,1.,1.,1.,1.,1.,1.,1.,1.,1.,1.,1.,1.,1.,      161P    687
1.,1.,1.,1.,1.,1.,1.,1.,1.,1.,1.,1.,1.,1.,1.,1.,1.,1.,1.,1.,1.,      161P    688
1.,1.,1.,1.,1.,1.,1.,1.,1.,1.,1.,1.,1.,1.,1.,1.,1.,1.,1.,1.,1.,      161P    689
1.,1.,1.,1.,1.,1.,1.,1.,1.,1.,1.,1.,1.,1.,1.,1.,1.,1.,1.,1.,1.,      161P    690
1.,1.,1.,1.,1.,1.,1.,1.,1.,1.,1.,1.,1.,1.,1.,1.,1.,1.,1.,1.,1.,      161P    691
1.,1.,1.,1.,1.,1.,1.,1.,1.,1.,1.,1.,1.,1.,1.,1.,1.,1.,1.,1.,1.,      161P    692
1.,1.,1.,1.,1.,1.,1.,1.,1.,1.,1.,1.,1.,1.,1.,1.,1.,1.,1.,1.,1.,      161P    693
1.,1.,1.,1.,1.,1.,1.,1.,1.,1.,1.,1.,1.,1.,1.,1.,1.,1.,1.,1.,1.,      161P    694
1.,1.,1.,1.,1.,1.,1.,1.,1.,1.,1.,1.,1.,1.,1.,1.,1.,1.,1.,1.,1.,      161P    695
1.,1.,1.,1.,1.,1.,1.,1.,1.,1.,1.,1.,1.,1.,1.,1.,1.,1.,1.,1.,1.,      161P    696
1.,1.,1.,1.,1.,1.,1.,1.,1.,1.,1.,1.,1.,1.,1.,1.,1.,1.,1.,1.,1.,      161P    697
1.,1.,1.,1.,1.,1.,1.,1.,1.,1.,1.,1.,1.,1.,1.,1.,1.,1.,1.,1.,1.,      161P    698
1.,1.,1.,1.,1.,1.,1.,1.,1.,1.,1.,1.,1.,1.,1.,1.,1.,1.,1.,1.,1.,      161P    699
1.,1.,1.,1.,1.,1.,1.,1.,1.,1.,1.,1.,1.,1.,1.,1.,1.,1.,1.,1.,1.,      161P    700
1.,1.,1.,1.,1.,1.,1.,1.,1.,1.,1.,1.,1.,1.,1.,1.,1.,1.,1.,1.,1.,      161P    701
1.,1.,1.,1.,1.,1.,1.,1.,1.,1.,1.,1.,1.,1.,1.,1.,1.,1.,1.,1.,1.,      161P    702
1.,1.,1.,1.,1.,1.,1.,1.,1.,1.,1.,1.,1.,1.,1.,1.,1.,1.,1.,1.,1.,      161P    703
1.,1.,1.,1.,1.,1.,1.,1.,1.,1.,1.,1.,1.,1.,1.,1.,1.,1.,1.,1.,1.,      161P    704
1.,1.,1.,1.,1.,1.,1.,1.,1.,1.,1.,1.,1.,1.,1.,1.,1.,1.,1.,1.,1.,      161P    705
1.,1.,1.,1.,1.,1.,1.,1.,1.,1.,1.,1.,1.,1.,1.,1.,1.,1.,1.,1.,1.,      161P    706
1.,1.,1.,1.,1.,1.,1.,1.,1.,1.,1.,1.,1.,1.,1.,1.,1.,1.,1.,1.,1.,      161P    707
1.,1.,1.,1.,1.,1.,1.,1.,1.,1.,1.,1.,1.,1.,1.,1.,1.,1.,1.,1.,1.,      161P    708
1.,1.,1.,1.,1.,1.,1.,1.,1.,1.,1.,1.,1.,1.,1.,1.,1.,1.,1.,1.,1.,      161P    709
1.,1.,1.,1.,1.,1.,1.,1.,1.,1.,1.,1.,1.,1.,1.,1.,1.,1.,1.,1.,1.,      161P    710
1.,1.,1.,1.,1.,1.,1.,1.,1.,1.,1.,1.,1.,1.,1.,1.,1.,1.,1.,1.,1.,      161P    711
1.,1.,1.,1.,1.,1.,1.,1.,1.,1.,1.,1.,1.,1.,1.,1.,1.,1.,1.,1.,1.,      161P    712
1.,1.,1.,1.,1.,1.,1.,1.,1.,1.,1.,1.,1.,1.,1.,1.,1.,1.,1.,1.,1.,      161P    713
1.,1.,1.,1.,1.,1.,1.,1.,1.,1.,1.,1.,1.,1.,1.,1.,1.,1.,1.,1.,1.,      161P    714
1.,1.,1.,1.,1.,1.,1.,1.,1.,1.,1.,1.,1.,1.,1.,1.,1.,1.,1.,1.,1.,      161P    715
1.,1.,1.,1.,1.,1.,1.,1.,1.,1.,1.,1.,1.,1.,1.,1.,1.,1.,1.,1.,1.,      161P    716
1.,1.,1.,1.,1.,1.,1.,1.,1.,1.,1.,1.,1.,1.,1.,1.,1.,1.,1.,1.,1.,      161P    717
1.,1.,1.,1.,1.,1.,1.,1.,1.,1.,1.,1.,1.,1.,1.,1.,1.,1.,1.,1.,1.,      161P    718
1.,1.,1.,1.,1.,1.,1.,1.,1.,1.,1.,1.,1.,1.,1.,1.,1.,1.,1.,1.,1.,      161P    719
1.,1.,1.,1.,1.,1.,1.,1.,1.,1.,1.,1.,1.,1.,1.,1.,1.,1.,1.,1.,1.,      161P    720
1.,1.,1.,1.,1.,1.,1.,1.,1.,1.,1.,1.,1.,1.,1.,1.,1.,1.,1.,1.,1.,      161P    721
1.,1.,1.,1.,1.,1.,1.,1.,1.,1.,1.,1.,1.,1.,1.,1.,1.,1.,1.,1.,1.,      161P    722
1.,1.,1.,1.,1.,1.,1.,1.,1.,1.,1.,1.,1.,1.,1.,1.,1.,1.,1.,1.,1.,      161P    723
1.,1.,1.,1.,1.,1.,1.,1.,1.,1.,1.,1.,1.,1.,1.,1.,1.,1.,1.,1.,1.,      161P    724
1.,1.,1.,1.,1.,1.,1.,1.,1.,1.,1.,1.,1.,1.,1.,1.,1.,1.,1.,1.,1.,      161P    725
1.,1.,1.,1.,1.,1.,1.,1.,1.,1.,1.,1.,1.,1.,1.,1.,1.,1.,1.,1.,1.,      161P    726
1.,1.,1.,1.,1.,1.,1.,1.,1.,1.,1.,1.,1.,1.,1.,1.,1.,1.,1.,1.,1.,      161P    727
1.,1.,1.,1.,1.,1.,1.,1.,1.,1.,1.,1.,1.,1.,1.,1.,1.,1.,1.,1.,1.,      161P    728
1.,1.,1.,1.,1.,1.,1.,1.,1.,1.,1.,1.,1.,1.,1.,1.,1.,1.,1.,1.,1.,      161P    729
1.,1.,1.,1.,1.,1.,1.,1.,1.,1.,1.,1.,1.,1.,1.,1.,1.,1.,1.,1.,1.,      161P    730
1.,1.,1.,1.,1.,1.,1.,1.,1.,1.,1.,1.,1.,1.,1.,1.,1.,1.,1.,1.,1.,      161P    731
1.,1.,1.,1.,1.,1.,1.,1.,1.,1.,1.,1.,1.,1.,1.,1.,1.,1.,1.,1.,1.,      161P    732
1.,1.,1.,1.,1.,1.,1.,1.,1.,1.,1.,1.,1.,1.,1.,1.,1.,1.,1.,1.,1.,      161P    733
1.,1.,1.,1.,1.,1.,1.,1.,1.,1.,1.,1.,1.,1.,1.,1.,1.,1.,1.,1.,1.,      161P    734
1.,1.,1.,1.,1.,1.,1.,1.,1.,1.,1.,1.,1.,1.,1.,1.,1.,1.,1.,1.,1.,      161P    735
1.,1.,1.,1.,1.,1.,1.,1.,1.,1.,1.,1.,1.,1.,1.,1.,1.,1.,1.,1.,1.,      161P    736
1.,1.,1.,1.,1.,1.,1.,1.,1.,1.,1.,1.,1.,1.,1.,1.,1.,1.,1.,1.,1.,      161P    737
1.,1.,1.,1.,1.,1.,1.,1.,1.,1.,1.,1.,1.,1.,1.,1.,1.,1.,1.,1.,1.,      161P    738
1.,1.,1.,1.,1.,1.,1.,1.,1.,1.,1.,1.,1.,1.,1.,1.,1.,1.,1.,1.,1.,      161P    739
1.,1.,1.,1.,1.,1.,1.,1.,1.,1.,1.,1.,1.,1.,1.,1.,1.,1.,1.,1.,1.,      161P    740
1.,1.,1.,1.,1.,1.,1.,1.,1.,1.,1.,1.,1.,1.,1.,1.,1.,1.,1.,1.,1.,      161P    741
1.,1.,1.,1.,1.,1.,1.,1.,1.,1.,1.,1.,1.,1.,1.,1.,1.,1.,1.,1.,1.,      161P    742
1.,1.,1.,1.,1.,1.,1.,1.,1.,1.,1.,1.,1.,1.,1.,1.,1.,1.,1.,1.,1.,      161P    743
1.,1.,1.,1.,1.,1.,1.,1.,1.,1.,1.,1.,1.,1.,1.,1.,1.,1.,1.,1.,1.,      161P    744
1.,1.,1.,1.,1.,1.,1.,1.,1.,1.,1.,1.,1.,1.,1.,1.,1.,1.,1.,1.,1.,      161P    745
1.,1.,1.,1.,1.,1.,1.,1.,1.,1.,1.,1.,1.,1.,1.,1.,1.,1.,1.,1.,1.,      161P    746
1.,1.,1.,1.,1.,1.,1.,1.,1.,1.,1.,1.,1.,1.,1.,1.,1.,1.,1.,1.,1.,      161P    747
1.,1.,1.,1.,1.,1.,1.,1.,1.,1.,1.,1.,1.,1.,1.,1.,1.,1.,1.,1.,1.,      161P    748
1.,1.,1.,1.,1.,1.,1.,1.,1.,1.,1.,1.,1.,1.,1.,1.,1.,1.,1.,1.,1.,      161P    749
1.,1.,1.,1.,1.,1.,1.,1.,1.,1.,1.,1.,1.,1.,1.,1.,1.,1.,1.,1.,1.,      161P    750
1.,1.,1.,1.,1.,1.,1.,1.,1.,1.,1.,1.,1.,1.,1.,1.,1.,1.,1.,1.,1.,      161P    751
1.,1.,1.,1.,1.,1.,1.,1.,1.,1.,1.,1.,1.,1.,1.,1.,1.,1.,1.,1.,1.,      161P    752
1.,1.,1.,1.,1.,1.,1.,1.,1.,1.,1.,1.,1.,1.,1.,1.,1.,1.,1.,1.,1.,      161P    753
1.,1.,1.,1.,1.,1.,1.,1.,1.,1.,1.,1.,1.,1.,1.,1.,1.,1.,1.,1.,1.,      161P    754
1.,1.,1.,1.,1.,1.,1.,1.,1.,1.,1.,1.,1.,1.,1.,1.,1.,1.,1.,1.,1.,      161P    755
1.,1.,1.,1.,1.,1.,1.,1.,1.,1.,1.,1.,1.,1.,1.,1.,1.,1.,1.,1.,1.,      161P    756
1.,1.,1.,1.,1.,1.,1.,1.,1.,1.,1.,1.,1.,1.,1.,1.,1.,1.,1.,1.,1.,      161P    757
1.,1.,1.,1.,1.,1.,1.,1.,1.,1.,1.,1.,1.,1.,1.,1.,1.,1.,1.,1.,1.,      161P    758
1.,1.,1.,1.,1.,1.,1.,1.,1.,1.,1.,1.,1.,1.,1.,1.,1.,1.,1.,1.,1.,      161P    759
1.,1.,1.,1.,1.,1.,1.,1.,1.,1.,1.,1.,1.,1.,1.,1.,1.,1.,1.,1.,1.,      161P    760
1.,1.,1.,1.,1.,1.,1.,1.,1.,1.,1.,1.,1.,1.,1.,1.,1.,1.,1.,1.,1.,      161P    761
1.,1.,1.,1.,1.,1.,1.,1.,1.,1.,1.,1.,1.,1.,1.,1.,1.,1.,1.,1.,1.,      161P    762
1.,1.,1.,1.,1.,1.,1.,1.,1.,1.,1.,1.,1.,1.,1.,1.,1.,1.,1.,1.,1.,      161P    763
1.,1.,1.,1.,1.,1.,1.,1.,1.,1.,1.,1.,1.,1.,1.,1.,1.,1.,1.,1.,1.,      161P    764
1.,1.,1.,1.,1.,1.,1.,1.,1.,1.,1.,1.,1.,1.,1.,1.,1.,1.,1.,1.,1.,      161P    765
1.,1.,1.,1.,1.,1.,1.,1.,1.,1.,1.,1.,1.,1.,1.,1.,1.,1.,1.,1.,1.,      161P    766
1.,1.,1.,1.,1.,1.,1.,1.,1.,1.,1.,1.,1.,1.,1.,1.,1.,1.,1.,1.,1.,      161P    767
1.,1.,1.,1.,1.,1.,1.,1.,1.,1.,1.,1.,1.,1.,1.,1.,1.,1.,1.,1.,1.,      161P    768
1.,1.,1.,1.,1.,1.,1.,1.,1.,1.,1.,1.,1.,1.,1.,1.,1.,1.,1.,1.,1.,      161P    769
1.,1.,1.,1.,1.,1.,1.,1.,1.,1.,1.,1.,1.,1.,1.,1.,1.,1.,1.,1.,1.,      161P    770
1.,1.,1.,1.,1.,1.,1.,1.,1.,1.,1.,1.,1.,1.,1.,1.,1.,1.,1.,1.,1.,      161P    771
1.,1.,1.,1.,1.,1.,1.,1.,1.,1.,1.,1.,1.,1.,1.,1.,1.,1.,1.,1.,1.,      161P    772
1.,1.,1.,1.,1.,1.,1.,1.,1.,1.,1.,1.,1.,1.,1.,1.,1.,1.,1.,1.,1.,      161P    773
1.,1.,1.,1.,1.,1.,1.,1.,1.,1.,1.,1.,1.,1.,1.,1.,1.,1.,1.,1.,1.,      161P    774
1.,1.,1.,1.,1.,1.,1.,1.,1.,1.,1.,1.,1.,1.,1.,1.,1.,1.,1.,1.,1.,      161P    775
1.,1.,1.,1.,1.,1.,1.,1.,1.,1.,1.,1.,1.,1.,1.,1.,1.,1.,1.,1.,1.,      161P    776
1.,1.,1.,1.,1.,1.,1.,1.,1.,1.,1.,1.,1.,1.,1.,1.,1.,1.,1.,1.,1.,      161P    777
1.,1.,1.,1.,1.,1.,1.,1.,1.,1.,1.,1.,1.,1.,1.,1.,1.,1.,1.,1.,1.,      161P    778
1.,1.,1.,1.,1.,1.,1.,1.,1.,1.,1.,1.,1.,1.,1.,1.,1.,1.,1.,1.,1.,      161P    779
1.,1.,1.,1.,1.,1.,1.,1.,1.,1.,1.,1.,1.,1.,1.,1.,1.,1.,1.,1.,1.,      161P    780
1.,1.,1.,1.,1.,1.,1.,1.,1.,1.,1.,1.,1.,1.,1.,1.,1.,1.,1.,1.,1.,      161P    781
1.,1.,1.,1.,1.,1.,1.,1.,1.,1.,1.,1.,1.,1.,1.,1.,1.,1.,1.,1.,1.,      161P    782
1.,1.,1.,1.,1.,1.,1.,1.,1.,1.,1.,1.,1.,1.,1.,1.,1.,1.,1.,1.,1.,      161P    783
1.,1.,1.,1.,1.,1.,1.,1.,1.,1.,1.,1.,1.,1.,1.,1.,1.,1.,1.,1.,1.,      161P    784
1.,1.,1.,1.,1.,1.,1.,1.,1.,1.,1.,1.,1.,1.,1.,1.,1.,1.,1.,1.,1.,      161P    785
1.,1.,1.,1.,1.,1.,1.,1.,1.,1.,1.,1.,1.,1.,1.,1.,1.,1.,1.,1.,1.,      161P    786
1.,1.,1.,1.,1.,1.,1.,1.,1.,1.,1.,1.,1.,1.,1.,1.,1.,1.,1.,1.,1.,      161P    787
1.,1.,1.,1.,1.,1.,1.,1.,1.,1.,1.,1.,1.,1.,1.,1.,1.,1.,1.,1.,1.,      161P    788
1.,1.,1.,1.,1.,1.,1.,1.,1.,1.,1.,1.,1.,1.,1.,1.,1.,1.,1.,1.,1.,      161P    789
1.,1.,1.,1.,1.,1.,1.,1.,1.,1.,1.,1.,1.,1.,1.,1.,1.,1.,1.,1.,1.,      161P    790
1.,1.,1.,1.,1.,1.,1.,1.,1.,1.,1.,1.,1.,1.,1.,1.,1.,1.,1.,1.,1.,      161P    791
1.,1.,1.,1.,1.,1.,1.,1.,1.,1.,1.,1.,1.,1.,1.,1.,1.,1.,1.,1.,1.,      161P    792
1.,1.,1.,1.,1.,1.,1.,1.,1.,1.,1.,1.,1.,1.,1.,1.,1.,1.,1.,1.,1.,      161P    793
1.,1.,1.,1.,1.,1.,1.,1.,1.,1.,1.,1.,1.,1.,1.,1.,1.,1.,1.,1.,1.,      161P    794
1.,1.,1.,1.,1.,1.,1.,1.,1.,1.,1.,1.,1.,1.,1.,1.,1.,1.,1.,1.,1.,      161P    795
1.,1.,1.,1.,1.,1.,1.,1.,1.,1.,1.,1.,1.,1.,1.,1.,1.,1.,1.,1.,1.,      161P    796
1.,1.,1.,1.,1.,1.,1.,1.,1.,1.,1.,1.,1.,1.,1.,1.,1.,1.,1.,1.,1.,      161P    797
1.,1.,1.,1.,1.,1.,1.,1.,1.,1.,1.,1.,1.,1.,1.,1.,1.,1.,1.,1.,1.,      161P    798
1.,1.,1.,1.,1.,1.,1.,1.,1.,1.,1.,1.,1.,1.,1.,1.,1.,1.,1.,1.,1.,      161P    799
1.,1.,1.,1.,1.,1.,1.,1.,1.,1.,1.,1.,1.,1.,1.,1.,1.,1.,1.,1.,1.,      161P    800
1.,1.,1.,1.,1.,1.,1.,1.,1.,1.,1.,1.,1.,1.,1.,1.,1.,1.,1.,1.,1.,      161P    801
1.,1.,1.,1.,1.,1.,1.,1.,1.,1.,1.,1.,1.,1.,1.,1.,1.,1.,1.,1.,1.,      161P    802
1.,1.,1.,1.,1.,1.,1.,1.,1.,1.,1.,1.,1.,1.,1.,1.,1.,1.,1.,1.,1.,      161P    803
1.,1.,1.,1.,1.,1.,1.,1.,1.,1.,1.,1.,1.,1.,1.,1.,1.,1.,1.,1.,1.,      161P    804
1.,1.,1.,1.,1.,1.,1.,1.,1.,1.,1.,1.,1.,1.,1.,1.,1.,1.,1.,1.,1.,      161P    805
1.,1.,1.,1.,1.,1.,1.,1.,1.,1.,1.,1.,1.,1.,1.,1.,1.,1.,1.,1.,1.,      161P    806
1.,1.,1.,1.,1.,1.,1.,1.,1.,1.,1.,1.,1.,1.,1.,1.,1.,1.,1.,1.,1.,      161P    807
1.,1.,1.,1.,1.,1.,1.,1.,1.,1.,1.,1.,1.,1.,1.,1.,1.,1.,1.,1.,1.,      161P    808
1.,1.,1.,1.,1.,1.,1.,1.,1.,1.,1.,1.,1.,1.,1.,1.,1.,1.,1.,1.,1.,      161P    809
1.,1.,1.,1.,1.,1.,1.,1.,1.,1.,1.,1.,1.,1.,1.,1.,1.,1.,1.,1.,1.,      161P    810
1.,1.,1.,1.,1.,1.,1.,1.,1.,1.,1.,1.,1.,1.,1.,1.,1.,1.,1.,1.,1.,      161P    811
1.,1.,1.,1.,1.,1.,1.,1.,1.,1.,1.,1.,1.,1.,1.,1.,1.,1.,1.,1.,1.,      161P    812
1.,1.,1.,1.,1.,1.,1.,1.,1.,1.,1.,1.,1.,1.,1.,1.,1.,1.,1.,1.,1.,      161P    813
1.,1.,1.,1.,1.,1.,1.,1.,1.,1.,1.,1.,1.,1.,1.,1.,1.,1.,1.,1.,1.,      161P    814
1.,1.,1.,1.,1.,1.,1.,1.,1.,1.,1.,1.,1.,1.,1.,1.,1.,1.,1.,1.,1.,      161P    815
1.,1.,1.,1.,1.,1.,1.,1.,1.,1.,1.,1.,1.,1.,1.,1.,1.,1.,1.,1.,1.,      161P    816
1.,1.,1.,1.,1.,1.,1.,1.,1.,1.,1.,1.,1.,1.,1.,1.,1.,1.,1.,1.,1.,      161P    817
1.,1.,1.,1.,1.,1.,1.,1.,1.,1.,1.,1.,1.,1.,1.,1.,1.,1.,1.,1.,1.,      161P    818
1.,1.,1.,1.,1.,1.,1.,1.,1.,1.,1.,1.,1.,1.,1.,1.,1.,1.,1.,1.,1.,      161P    819
1.,1.,1.,1.,1.,1.,1.,1.,1.,1.,1.,1.,1.,1.,1.,1.,1.,1.,1.,1.,1.,      161P    820
1.,1.,1.,1.,1.,1.,1.,1.,1.,1.,1.,1.,1.,1.,1.,1.,1.,1.,1.,1.,1.,      161P    821
1.,1.,1.,1.,1.,1.,1.,1.,1.,1.,1.,1.,1.,1.,1.,1.,1.,1.,1.,1.,1.,      161P    822
1.,1.,1.,1.,1.,1.,1.,1.,1.,1.,1.,1.,1.,1.,1.,1.,1.,1.,1.,1.,1.,      161P    823
1.,1.,1.,1.,1.,1.,1.,1.,1.,1.,1.,1.,1.,1.,1.,1.,1.,1.,1.,1.,1.,      161P    824
1.,1.,1.,1.,1.,1.,1.,1.,1.,1.,1.,1.,1.,1.,1.,1.,1.,1.,1.,1.,1.,      161P    825
1.,1.,1.,1.,1.,1.,1.,1.,1.,1.,1.,1.,1.,1.,1.,1.,1.,1.,1.,1.,1.,      161P    826
1.,1.,1.,1.,1.,1.,1.,1.,1.,1.,1.,1.,1.,1.,1.,1.,1.,1.,1.,1.,1.,      161P    827
1.,1.,1.,1.,1.,1.,1.,1.,1.,1.,1.,1.,1.,1.,1.,1.,1.,1.,1.,1.,1.,      161P    828
1.,1.,1.,1.,1.,1.,1.,1.,1.,1.,1.,1.,1.,1.,1.,1.,1.,1.,1.,1.,1.,      161P    829
1.,1.,1.,1.,1.,1.,1.,1.,1.,1.,1.,1.,1.,1.,1.,1.,1.,1.,1.,1.,1.,      161P    830
1.,1.,1.,1.,1.,1.,1.,1.,1.,1.,1.,1.,1.,1.,1.,1.,1.,1.,1.,1.,1.,      161P    831
1.,1.,1.,1.,1.,1.,1.,1.,1.,1.,1.,1.,1.,1.,1.,1.,1.,1.,1.,1.,1.,      161P    832
1.,1.,1.,1.,1.,1.,1.,1.,1.,1.,1.,1.,1.,1.,1.,1.,1.,1.,1.,1.,1.,      161P    833
1.,1.,1.,1.,1.,1.,1.,1.,1.,1.,1.,1.,1.,1.,1.,1.,1.,1.,1.,1.,1.,      161P    834
1.,1.,1.,1.,1.,1.,1.,1.,1.,1.,1.,1.,1.,1.,1.,1.,1.,1.,1.,1.,1.,      161P    835
1.,1.,1.,1.,1.,1.,1.,1.,1.,1.,1.,1.,1.,1.,1.,1.,1.,1.,1.,1.,1.,      161P    836
1.,1.,1.,1.,1.,1.,1.,1.,1.,1.,1.,1.,1.,1.,1.,1.,1.,1.,1.,1.,1.,      161P    837
1.,1.,1.,1.,1.,1.,1.,1.,1.,1.,1.,1.,1.,1.,1.,1.,1.,1.,1.,1.,1.,      161P    838
1.,1.,1.,1.,1.,1.,1.,1.,1.,1.,1.,1.,1.,1.,1.,1.,1.,1.,1.,1.,1.,      161P    839
1.,1.,1.,1.,1.,1.,1.,1.,1.,1.,1.,1.,1.,1.,1.,1.,1.,1.,1.,1.,1.,      161P    840
1.,1.,1.,1.,1.,1.,1.,1.,1.,1.,1.,1.,1.,1.,1.,1.,1.,1.,1.,1.,1.,      161P    841
1.,1.,1.,1.,1.,1.,1.,1.,1.,1.,1.,1.,1.,1.,1.,1.,1.,1.,1.,1.,1.,      161P    842
1.,1.,1.,1.,1.,1.,1.,1.,1.,1.,1.,1.,1.,1.,1.,1.,1.,1.,1.,1.,1.,      161P    843
1.,1.,1.,1.,1.,1.,1.,1.,1.,1.,1.,1.,1.,1.,1.,1.,1.,1.,1.,1.,1.,      161P    844
1.,1.,1.,1.,1.,1.,1.,1.,1.,1.,1.,1.,1.,1.,1.,1.,1.,1.,1.,1.,1.,      161P    845
1.,1.,1.,1.,1.,1.,1.,1.,1.,1.,1.,1.,1.,1.,1.,1.,1.,1.,1.,1.,1.,      161P    846
1.,1.,1.,1.,1.,1.,1.,1.,1.,1.,1.,1.,1.,1.,1.,1.,1.,1.,1.,1.,1.,      161P    847
1.,1.,1.,1.,1.,1.,1.,1.,1.,1.,1.,1.,1.,1.,1.,1.,1.,1.,1.,1.,1.,      161P    848
1.,1.,1.,1.,1.,1.,1.,1.,1.,1.,1.,1.,1.,1.,1.,1.,1.,1.,1.,1.,1.,      161P    849
1.,1.,1.,1.,1.,1.,1.,1.,1.,1.,1.,1.,1.,1.,1.,1.,1.,1.,1.,1.,1.,      161P    850
1.,1.,1.,1.,1.,1.,1.,1.,1.,1.,1.,1.,1.,1.,1.,1.,1.,1.,1.,1.,1.,      161P    851
1.,1.,1.,1.,1.,1.,1.,1.,1.,1.,1.,1.,1.,1.,1.,1.,1.,1.,1.,1.,1.,      161P    852
1.,1.,1.,1.,1.,1.,1.,1.,1.,1.,1.,1.,1.,1.,1.,1.,1.,1.,1.,1.,1.,      161P    853
1.,1.,1.,1.,1.,1.,1.,1.,1.,1.,1.,1.,1.,1.,1.,1.,1.,1.,1.,1.,1.,      161P    854
1.,1.,1.,1.,1.,1.,1.,1.,1.,1.,1.,1.,1.,1.,1.,1.,1.,1.,1.,1.,1.,      161P    855
1.,1.,1.,1.,1.,1.,1.,1.,1.,1.,1.,1.,1.,1.,1.,1.,1.,1.,1.,1.,1.,      161P    856
1.,1.,1.,1.,1.,1.,1.,1.,1.,1.,1.,1.,1.,1.,1.,1.,1.,1.,1.,1.,1.,      161P    857
1.,1.,1.,1.,1.,1.,1.,1.,1.,1.,1.,1.,1.,1.,1.,1.,1.,1.,1.,1.,1.,      161P    858
1.,1.,1.,1.,1.,1.,1.,1.,1.,1.,1.,1.,1.,1.,1.,1.,1.,1.,1.,1.,1.,      161P    859
1.,1.,1.,1.,1.,1.,1.,1.,1.,1.,1.,1.,1.,1.,1.,1.,1.,1.,1.,1.,1.,      161P    860
1.,1.,1.,1.,1.,1.,1.,1.,1.,1.,1.,1.,1.,1.,1.,1.,1.,1.,1.,1.,1.,      161P    861
1.,1.,1.,1.,1.,1.,1.,1.,1.,1.,1.,1.,1.,1.,1.,1.,1.,1.,1.,1.,1.,      161P    862
1.,1.,1.,1.,1.,1.,1.,1.,1.,1.,1.,1.,1.,1.,1.,1.,1.,1.,1.,1.,1.,      161P    863
1.,1.,1.,1.,1.,1.,1.,1.,1.,1.,1.,1.,1.,1.,1.,1.,1.,1.,1.,1.,1.,      161P    864
1.,1.,1.,1.,1.,1.,1.,1.,1.,1.,1.,1.,1.,1.,1.,1.,1.,1.,1.,1.,1.,      161P    865
1.,1.,1.,1.,1.,1.,1.,1.,1.,1.,1.,1.,1.,1.,1.,1.,1.,1.,1.,1.,1.,      161P    866
1.,1.,1.,1.,1.,1.,1.,1.,1.,1.,1.,1.,1.,1.,1.,1.,1.,1.,1.,1.,1.,      161P    867
1.,1.,1.,1.,1.,1.,1.,1.,1.,1.,1.,1.,1.,1.,1.,1.,1.,1.,1.,1.,1.,      161P    868
1.,1.,1.,1.,1.,1.,1.,1.,1.,1.,1.,1.,1.,1.,1.,1.,1.,1.,1.,1.,1.,      161P    869
1.,1.,1.,1.,1.,1.,1.,1.,1.,1.,1.,1.,1.,1.,1.,1.,1.,1.,1.,1.,1.,      161P    870
1.,1.,1.,1.,1.,1.,1.,1.,1.,1.,1.,1.,1.,1.,1.,1.,1.,1.,1.,1.,1.,      161P    871
1.,1.,1.,1.,1.,1.,1.,1.,1.,1.,1.,1.,1.,1.,1.,1.,1.,1.,1.,1.,1.,      161P    872
1.,1.,1.,1.,1.,1.,1.,1.,1.,1.,1.,1.,1.,1.,1.,1.,1.,1.,1.,1.,1.,      161P    873
1.,1.,1.,1.,1.,1.,1.,1.,1.,1.,1.,1.,1.,1.,1.,1.,1.,1.,1.,1.,1.,      161P    874
1.,1.,1.,1.,1.,1.,1.,1.,1.,1.,1.,1.,1.,1.,1.,1.,1.,1.,1.,1.,1.,      161P    875
1.,1.,1.,1.,1.,1.,1.,1.,1.,1.,1.,1.,1.,1.,1.,1.,1.,1.,1.,1.,1.,      161P    876
1.,1.,1.,1.,1.,1.,1.,1.,1.,1.,1.,1.,1.,1.,1.,1.,1.,1.,1.,1.,1.,      161P    877
1.,1.,1.,1.,1.,1.,1.,1.,1.,1.,1.,1.,1.,1.,1.,1.,1.,1.,1.,1.,1.,      161P    878
1.,1.,1.,1.,1.,1.,1.,1.,1.,1.,1.,1.,1.,1.,1.,1.,1.,1.,1.,1.,1.,      161P    879
1.,1.,1.,1.,1.,1.,1.,1.,1.,1.,1.,1.,1.,1.,1.,1.,1.,1.,1.,1.,1.,      161P    880
1.,1.,1.,1.,1.,1.,1.,1.,1.,1.,1.,1.,1.,1.,1.,1.,1.,1.,1.,1.,1.,      161P    881
1.,1.,1.,1.,1.,1.,1.,1.,1.,1.,1.,1.,1.,1.,1.,1.,1.,1.,1.,1.,1.,      161P    882
1.,1.,1.,1.,1.,1.,1.,1.,1.,1.,1.,1.,1.,1.,1.,1.,1.,1.,1.,1.,1.,      161P    883
1.,1.,1.,1.,1.,1.,1.,1.,1.,1.,1.,1.,1.,1.,1.,1.,1.,1.,1.,1.,1.,      161P    884
1.,1.,1.,1.,1.,1.,1.,1.,1.,1.,1.,1.,1.,1.,1.,1.,1.,1.,1.,1.,1.,      161P    885
1.,1.,1.,1.,1.,1.,1.,1.,1.,1.,1.,1.,1.,1.,1.,1.,1.,1.,1.,1.,1.,      161P    886
1.,1.,1.,1.,1.,1.,1.,1.,1.,1.,1.,1.,1.,1.,1.,1.,1.,1.,1.,1.,1.,      161P    887
1.,1.,1.,1.,1.,1.,1.,1.,1.,1.,1.,1.,1.,1.,1.,1.,1.,1.,1.,1.,1.,      161P    888
1.,1.,1.,1.,1.,1.,1.,1.,1.,1.,1.,1.,1.,1.,1.,1.,1.,1.,1.,1.,1.,      161P    889
1.,1.,1.,1.,1.,1.,1.,1.,1.,1.,1.,1.,1.,1.,1.,1.,1.,1.,1.,1.,1.,      161P    890
1.,1.,1.,1.,1.,1.,1.,1.,1.,1.,1.,1.,1.,1.,1.,1.,1.,1.,1.,1.,1.,      161P    891
1.,1.,1.,1.,1.,1.,1.,1.,1.,1.,1.,1.,1.,1.,1.,1.,1.,1.,1.,1.,1.,      161P    892
1.,1.,1.,1.,1.,1.,1.,1.,1.,1.,1.,1.,1.,1.,1.,1.,1.,1.,1.,1.,1.,      161P    893
1.,1.,1.,1.,1.,1.,1.,1.,1.,1.,1.,1.,1.,1.,1.,1.,1.,1.,1.,1.,1.,      161P    894
1.,1.,1.,1.,1.,1.,1.,1.,1.,1.,1.,1.,1.,1.,1.,1.,1.,1.,1.,1.,1.,      161P    895
1.,1.,1.,1.,1.,1.,1.,1.,1.,1.,1.,1.,1.,1.,1.,1.,1.,1.,1.,1.,1.,      161P    896
1.,1.,1.,1.,1.,1.,1.,1.,1.,1.,1.,1.,1.,1.,1.,1.,1.,1.,1.,1.,1.,      161P    897
1.,1.,1.,1.,1.,1.,1.,1.,1.,1.,1.,1.,1.,1.,1.,1.,1.,1.,1.,1.,1.,      161P    898
1.,1.,1.,1.,1.,1.,1.,1.,1.,1.,1.,1.,1.,1.,1.,1.,1.,1.,1.,1.,1.,      161P    899
1.,1.,1.,1.,1.,1.,1.,1.,1.,1.,1.,1.,1.,1.,1.,1.,1.,1.,1.,1.,1.,      161P    900
1.,1.,1.,1.,1.,1.,1.,1.,1.,1.,1.,1.,1.,1.,1.,1.,1.,1.,1.,1.,1.,      161P    901
1.,1.,1.,1.,1.,1.,1.,1.,1.,1.,1.,1.,1.,1.,1.,1.,1.,1.,1.,1.,1.,      161P    902
1.,1.,1.,1.,1.,1.,1.,1.,1.,1.,1.,1.,1.,1.,1.,1.,1.,1.,1.,1.,1.,      161P    903
1.,1.,1.,1.,1.,1.,1.,1.,1.,1.,1.,1.,1.,1.,1.,1.,1.,1.,1.,1.,1.,      161P    904
1.,1.,1.,1.,1.,1.,1.,1.,1.,1.,1.,1.,1.,1.,1.,1.,1.,1.,1.,1.,1.,      161P    905
1.,1.,1.,1.,1.,1.,1.,1.,1.,1.,1.,1.,1.,1.,1.,1.,1.,1.,1.,1.,1.,      161P    906
1.,1.,1.,1.,1.,1.,1.,1.,1.,1.,1.,1.,1.,1.,1.,1.,1.,1.,1.,1.,1.,      161P    907
1.,1.,1.,1.,1.,1.,1.,1.,1.,1.,1.,1.,1.,1.,1.,1.,1.,1.,1.,1.,1.,      161P    908
1.,1.,1.,1.,1.,1.,1.,1.,1.,1.,1.,1.,1.,1.,1.,1.,1.,1.,1.,1.,1.,      161P    909
1.,1.,1.,1.,1.,1.,1.,1.,1.,1.,1.,1.,1.,1.,1.,1.,1.,1.,1.,1.,1.,      161P    910
1.,1.,1.,1.,1.,1.,1.,1.,1.,1.,1.,1.,1.,1.,1.,1.,1.,1.,1.,1.,1.,      161P    911
1.,1.,1.,1.,1.,1.,1.,1.,1.,1.,1.,1.,1.,1.,1.,1.,1.,1.,1.,1.,1.,      161P    912
1.,1.,1.,1.,1.,1.,1.,1.,1.,1.,1.,1.,1.,1.,1.,1.,1.,1.,1.,1.,1.,      161P    913
1.,1.,1.,1.,1.,1.,1.,1.,1.,1.,1.,1.,1.,1.,1.,1.,1.,1.,1.,1.,1.,      161P    914
1.,1.,1.,1.,1.,1.,1.,1.,1.,1.,1.,1.,1.,1.,1.,1.,1.,1.,1.,1.,1.,      161P    915
1.,1.,1.,1.,1.,1.,1.,1.,1.,1.,1.,1.,1.,1.,1.,1.,1.,1.,1.,1.,1.,      161P    916
1.,1.,1.,1.,1.,1.,1.,1.,1.,1.,1.,1.,1.,1.,1.,1.,1.,1.,1.,1.,1.,      161P    917
1.,1.,1.,1.,1.,1.,1.,1.,1.,1.,1.,1.,1.,1.,1.,1.,1.,1.,1.,1.,1.,      161P    918
1.,1.,1.,1.,1.,1.,1.,1.,1.,1.,1.,1.,1.,1.,1.,1.,1.,1.,1.,1.,1.,      161P    919
1.,1.,1.,1.,1.,1.,1.,1.,1.,1.,1.,1.,1.,1.,1.,1.,1.,1.,1.,1.,1.,      161P    920
1.,1.,1.,1.,1.,1.,1.,1.,1.,1.,1.,1.,1.,1.,1.,1.,1.,1.,1.,1.,1.,      161P    921
1.,1.,1.,1.,1.,1.,1.,1.,1.,1.,1.,1.,1.,1.,1.,1.,1.,1.,1.,1.,1.,      161P    922
1.,1.,1.,1.,1.,1.,1.,1.,1.,1.,1.,1.,1.,1.,1.,1.,1.,1.,1.,1.,1.,      161P    923
1.,1.,1.,1.,1.,1.,1.,1.,1.,1.,1.,1.,1.,1.,1.,1.,1.,1.,1.,1.,1.,      161P    924
1.,1.,1.,1.,1.,1.,1.,1.,1.,1.,1.,1.,1.,1.,1.,1.,1.,1.,1.,1.,1.,      161P    925
1.,1.,1.,1.,1.,1.,1.,1.,1.,1.,1.,1.,1.,1.,1.,1.,1.,1.,1.,1.,1.,      161P    926
1.,1.,1.,1.,1.,1.,1.,1.,1.,1.,1.,1.,1.,1.,1.,1.,1.,1.,1.,1.,1.,      161P    927
1.,1.,1.,1.,1.,1.,1.,1.,1.,1.,1.,1.,1.,1.,1.,1.,1.,1.,1.,1.,1.,      161P    928
1.,1.,1.,1.,1.,1.,1.,1.,1.,1.,1.,1.,1.,1.,1.,1.,1.,1.,1.,1.,1.,      161P    929
1.,1.,1.,1.,1.,1.,1.,1.,1.,1.,1.,1.,1.,1.,1.,1.,1.,1.,1.,1.,1.,      161P    930
1.,1.,1.,1.,1.,1.,1.,1.,1.,1.,1.,1.,1.,1.,1.,1.,1.,1.,1.,1.,1.,      161P    931
1.,1.,1.,1.,1.,1.,1.,1.,1.,1.,1.,1.,1.,1.,1.,1.,1.,1.,1.,1.,1.,      161P    932
1.,1.,1.,1.,1.,1.,1.,1.,1.,1.,1.,1.,1.,1.,1.,1.,1.,1.,1.,1.,1.,      161P    933
1.,1.,1.,1.,1.,1.,1.,1.,1.,1.,1.,1.,1.,1.,1.,1.,1.,1.,1.,1.,1.,      161P    934
1.,1.,1.,1.,1.,1.,1.,1.,1.,1.,1.,1.,1.,1.,1.,1.,1.,1.,1.,1.,1.,      161P    935
1.,1.,1.,1.,1.,1.,1.,1.,1.,1.,1.,1.,1.,1.,1.,1.,1.,1.,1.,1.,1.,      161P    936
1.,1.,1.,1.,1.,1.,1.,1.,1.,1.,1.,1.,1.,1.,1.,1.,1.,1.,1.,1.,1.,      161P    937
1.,1.,1.,1.,1.,1.,1.,1.,1.,1.,1.,1.,1.,1.,1.,1.,1.,1.,1.,1.,1.,      161P    938
1.,1.,1.,1.,1.,1.,1.,1.,1.,1.,1.,1.,1.,1.,1.,1.,1.,1.,1.,1.,1.,      161P    939
1.,1.,1.,1.,1.,1.,1.,1.,1.,1.,1.,1.,1.,1.,1.,1.,1.,1.,1.,1.,1.,      161P    940
1.,1.,1.,1.,1.,1.,1.,1.,1.,1.,1.,1.,1.,1.,1.,1.,1.,1.,1.,1.,1.,      161P    941
1.,1.,1.,1.,1.,1.,1.,1.,1.,1.,1.,1.,1.,1.,1.,1.,1.,1.,1.,1.,1.,      161P    942
1.,1.,1.,1.,1.,1.,1.,1.,1.,1.,1.,1.,1.,1.,1.,1.,1.,1.,1.,1.,1.,      161P    943
1.,1.,1.,1.,1.,1.,1.,1.,1.,1.,1.,1.,1.,1.,1.,1.,1.,1.,1.,1.,1.,      161P    944
1.,1.,1.,1.,1.,1.,1.,1.,1.,1.,1.,1.,1.,1.,1.,1.,1.,1.,1.,1.,1.,      161P    945
1.,1.,1.,1.,1.,1.,1.,1.,1.,1.,1.,1.,1.,1.,1.,1.,1.,1.,1.,1.,1.,      161P    946
1.,1.,1.,1.,1.,1.,1.,1.,1.,1.,1.,1.,1.,1.,1.,1.,1.,1.,1.,1.,1.,      161P    947
1.,1.,1.,1.,1.,1.,1.,1.,1.,1.,1.,1.,1.,1.,1.,1.,1.,1.,1.,1.,1.,      161P    948
1.,1.,1.,1.,1.,1.,1.,1.,1.,1.,1.,1.,1.,1.,1.,1.,1.,1.,1.,1.,1.,      161P    949
1.,1.,1.,1.,1.,1.,1.,1.,1.,1.,1.,1.,1.,1.,1.,1.,1.,1.,1.,1.,1.,      161P    950
1.,1.,1.,1.,1.,1.,1.,1.,1.,1.,1.,1.,1.,1.,1.,1.,1.,1.,1.,1.,1.,      161P    951
1.,1.,1.,1.,1.,1.,1.,1.,1.,1.,1.,1.,1.,1.,1.,1.,1.,1.,1.,1.,1.,      161P    952
1.,1.,1.,1.,1.,1.,1.,1.,1.,1.,1.,1.,1.,1.,1118.98993974555,          161P    953
8023.2446958461,-6.45735375489789D-13,1118.98993974555,              161P    954
8014.47496869548,-4.95041988048525,1118.98993974555,                 161P    955
7996.93058243568,-14.7206559205065,1118.98993974555,                 161P    956
7970.59919597438,-28.9839023372494,1118.98993974555,                 161P    957
7944.25296765669,-42.8541199720516,1118.98993974555,                 161P    958
7917.89184023379,-56.3297928118165,1118.98993974555,                 161P    959
7891.51573419272,-69.4088152666186,1118.98993974555,                 161P    960
7865.12454823619,-82.088504870528,1118.98993974555,                  161P    961
7838.7181599837,-94.3656208546212,1118.98993974555,                  161P    962
7812.29642614671,-106.236368777276,1118.98993974555,                 161P    963
7785.85918510845,-117.696468850481,1118.98993974555,                 161P    964
7759.40625587326,-128.741128105642,1118.98993974555,                 161P    965
7732.93744328799,-139.36517867489,1118.98993974555,                  161P    966
7697.6242297284,-152.962203632592,1118.98993974555,                  161P    967
7653.44191307263,-168.878063457823,1118.98993974555,                 161P    968
7600.35591274342,-186.197026194245,1118.98993974555,                 161P    969
7547.20063495381,-201.681445116364,1118.98993974555,                 161P    970
7502.84509560992,-213.010176465914,1118.98993974555,                 161P    971
7467.32396657046,-221.101369431915,1118.98993974555,                 161P    972
7440.66453644516,-226.677656598349,1118.98993974555,                 161P    973
7413.98629658807,-231.755841250556,1118.98993974555,                 161P    974
7384.32268187599,-236.838829262337,1118.98993974555,                 161P    975
7351.6653285818,-241.705139882371,1118.98993974555,                  161P    976
7316.00463543919,-246.100520955468,1118.98993974555,                 161P    977
7280.30920780123,-249.576094153998,1118.98993974555,                 161P    978
7244.57893644065,-252.128967020422,1118.98993974555,                 161P    979
7208.81386514043,-253.760298975705,1118.98993974555,                 161P    980
7173.01417615513,-254.474916322747,1118.98993974555,                 161P    981
7137.18016743262,-254.280709051278,1118.98993974555,                 161P    982
7101.31223423605,-253.18814416686,1118.98993974555,                  161P    983
7065.41084487896,-251.209623129548,1118.98993974555,                 161P    984
7017.49842451646,-247.409042202103,1118.98993974555,                 161P    985
6963.52414026937,-241.205263824087,1118.98993974555,                 161P    986
6903.4618246359,-231.905343592181,1118.98993974555,                  161P    987
6858.35834438102,-223.427771959827,1118.98993974555,                 161P    988
6822.24246943906,-215.769435293347,1118.98993974555,                 161P    989
6795.13923901323,-209.593399400824,1118.98993974555,                 161P    990
6768.01989689711,-202.9907081219,1118.98993974555,                   161P    991
6740.88463819078,-195.966527920581,1118.98993974555,                 161P    992
6713.73364361767,-188.525644555266,1118.98993974555,                 161P    993
6686.56707546282,-180.672355512015,1118.98993974555,                 161P    994
6659.38507756787,-172.410469877578,1118.98993974555,                 161P    995
6632.18777311524,-163.743249658192,1118.98993974555,                 161P    996
6604.97526408232,-154.673395328013,1118.98993974555,                 161P    997
6577.74763065423,-145.203030278079,1118.98993974555,                 161P    998
6550.50493062011,-135.333684828814,1118.98993974555,                 161P    999
6532.33310965922,-128.488755664819,1118.98993974555,                 161P   1000
6523.24469584611,-125.000000063825,1118.98993974555,                 161P   1001
8023.2446958461,-6.44997290842915D-13,1118.94365342819,              161P   1002
8014.47496869548,-4.95041988048525,1118.85230193489,                 161P   1003
7996.93058243569,-14.7206559205065,1118.71894089331,                 161P   1004
7970.59919597438,-28.9839023372494,1118.58925466202,                 161P   1005
7944.25296765669,-42.8541199720516,1118.46325741604,                 161P   1006
7917.89184023379,-56.3297928118165,1118.34096884241,                 161P   1007
7891.51573419272,-69.4088152666187,1118.22241402223,                 161P   1008
7865.12454823619,-82.088504870528,1118.10762325655,                  161P   1009
7838.7181599837,-94.3656208546213,1117.99663202339,                  161P   1010
7812.29642614671,-106.236368777276,1117.88948033858,                 161P   1011
7785.85918510845,-117.696468850481,1117.78621301638,                 161P   1012
7759.40625587326,-128.741128105642,1117.68687837613,                 161P   1013
7732.93744328799,-139.36517867489,1117.55974649048,                  161P   1014
7697.6242297284,-152.962203632592,1117.41093354956,                  161P   1015
7653.44191307263,-168.878063457823,1117.24900162715,                 161P   1016
7600.35591274342,-186.197026194246,1117.10422264924,                 161P   1017
7547.20063495381,-201.681445116364,1116.99829925913,                 161P   1018
7502.84509560992,-213.010176465914,1116.92264678207,                 161P   1019
7467.32396657047,-221.101369431915,1116.87050861913,                 161P   1020
7440.66453644516,-226.677656598349,1116.82302770383,                 161P   1021
7413.98629658807,-231.755841250556,1116.77550187719,                 161P   1022
7384.32268187599,-236.838829262337,1116.73000197943,                 161P   1023
7351.6653285818,-241.705139882371,1116.68890526264,                  161P   1024
7316.00463543919,-246.100520955468,1116.65640872932,                 161P   1025
7280.30920780123,-249.576094153998,1116.63253942391,                 161P   1026
7244.57893644066,-252.128967020422,1116.61728650585,                 161P   1027
7208.81386514043,-253.760298975705,1116.6106048493,                  161P   1028
7173.01417615513,-254.474916322747,1116.61242068303,                 161P   1029
7137.18016743262,-254.280709051278,1116.62263614078,                 161P   1030
7101.31223423605,-253.188144166861,1116.64113526917,                 161P   1031
7065.41084487897,-251.209623129548,1116.67667061762,                 161P   1032
7017.49842451646,-247.409042202103,1116.73467580965,                 161P   1033
6963.52414026937,-241.205263824087,1116.8216298602,                  161P   1034
6903.4618246359,-231.905343592181,1116.90089496936,                  161P   1035
6858.35834438102,-223.427771959827,1116.97250024951,                 161P   1036
6822.24246943906,-215.769435293347,1117.03024604991,                 161P   1037
6795.13923901323,-209.593399400824,1117.0919810688,                  161P   1038
6768.01989689711,-202.9907081219,1117.1576569999,                    161P   1039
6740.88463819078,-195.966527920581,1117.22722909645,                 161P   1040
6713.73364361767,-188.525644555266,1117.30065717708,                 161P   1041
6686.56707546282,-180.672355512015,1117.37790562687,                 161P   1042
6659.38507756787,-172.410469877578,1117.45894394618,                 161P   1043
6632.18777311524,-163.743249658192,1117.54374688556,                 161P   1044
6604.97526408232,-154.673395328013,1117.63229459151,                 161P   1045
6577.74763065424,-145.203030278079,1117.72457275524,                 161P   1046
6550.50493062011,-135.333684828814,1117.7885726933,                  161P   1047
6532.33310965922,-128.48875566482,1117.82119248165,                  161P   1048
6523.24469584611,-125.000000063825,1118.98993974555,                 161P   1049
8023.24469584611,-6.4350041700628D-13,1118.85108079348,              161P   1050
8014.4749686955,-4.94912146971758,1118.57702631355,                  161P   1051
7996.9305824357,-14.7167949433694,1118.17694318882,                  161P   1052
7970.59919597439,-28.9763003536751,1117.78788449495,                 161P   1053
7944.25296765669,-42.8428800668057,1117.409892757,                   161P   1054
7917.89184023379,-56.3150184672663,1117.04302703611,                 161P   1055
7891.51573419272,-69.3906105174034,1116.68736257558,                 161P   1056
7865.12454823621,-82.066974454846,1116.34299027856,                  161P   1057
7838.7181599837,-94.3408703606729,1116.01001657905,                  161P   1058
7812.29642614672,-106.208504788476,1115.68856152464,                 161P   1059
7785.85918510847,-117.665599072763,1115.37875955802,                 161P   1060
7759.40625587326,-128.707361502049,1115.0807556373,                  161P   1061
7732.93744328798,-139.328625563914,1114.69935998034,                 161P   1062
7697.6242297284,-152.922084253722,1114.25292115759,                  161P   1063
7653.44191307263,-168.833769620196,1113.76712539034,                 161P   1064
7600.35591274341,-186.148189887885,1113.33278845664,                 161P   1065
7547.20063495381,-201.62854751084,1113.01501828629,                  161P   1066
7502.84509560992,-212.95430752725,1112.78806085511,                  161P   1067
7467.32396657045,-221.043378311242,1112.63164636628,                 161P   1068
7440.66453644517,-226.6182029126,1112.48920362039,                   161P   1069
7413.98629658809,-231.695055643525,1112.34662614046,                 161P   1070
7384.32268187598,-236.776710474188,1112.2101264472,                  161P   1071
7351.6653285818,-241.641744743889,1112.08683629683,                  161P   1072
7316.00463543921,-246.035972983446,1111.98934669684,                 161P   1073
7280.30920780124,-249.510634598366,1111.91773878063,                 161P   1074
7244.57893644067,-252.062837889748,1111.87198002644,                 161P   1075
7208.81386514043,-253.693741974466,1111.85193505677,                 161P   1076
7173.01417615512,-254.408171889557,1111.85738255801,                 161P   1077
7137.18016743263,-254.214015555346,1111.88802893122,                 161P   1078
7101.31223423606,-253.121737232074,1111.94352631641,                 161P   1079
7065.41084487898,-251.143735127108,1112.05013236175,                 161P   1080
7017.49842451646,-247.344151027262,1112.22414793783,                 161P   1081
6963.52414026937,-241.141999794576,1112.48501008949,                 161P   1082
6903.4618246359,-231.844518773234,1112.72280541697,                  161P   1083
6858.35834438102,-223.369170663426,1112.93762125744,                 161P   1084
6822.24246943908,-215.712842648121,1113.11085865861,                 161P   1085
6795.13923901324,-209.538426624546,1113.29606371529,                 161P   1086
6768.01989689712,-202.937467119006,1113.4930915086,                  161P   1087
6740.88463819078,-195.915129240431,1113.70180779826,                 161P   1088
6713.73364361768,-188.476197491997,1113.92209204014,                 161P   1089
6686.56707546283,-180.624968232609,1114.1538373895,                  161P   1090
6659.38507756788,-172.365249549956,1114.39695234745,                 161P   1091
6632.18777311526,-163.700302594705,1114.65136116558,                 161P   1092
6604.97526408232,-154.632827132729,1114.91700428342,                 161P   1093
6577.74763065424,-145.164945998127,1115.19383877462,                 161P   1094
6550.50493062013,-135.298189109966,1115.38583858881,                 161P   1095
6532.33310965921,-128.455055254207,1115.48369795385,                 161P   1096
6523.2446958461,-124.967214694353,1118.98993974555,                  161P   1097
8023.24469584609,-6.41194758906589D-13,1118.71233108718,             161P   1098
8014.47496869547,-4.94328014053831,1118.16443774084,                 161P   1099
7996.93058243566,-14.699425063813,1117.36458625453,                  161P   1100
7970.59919597437,-28.9421003224238,1116.58677495824,                 161P   1101
7944.25296765667,-42.7923136446118,1115.83108886601,                 161P   1102
7917.89184023378,-56.2485512037409,1115.09764605502,                 161P   1103
7891.51573419271,-69.3087104466756,1114.38659695188,                 161P   1104
7865.12454823617,-81.9701127762688,1113.6981232919,                  161P   1105
7838.71815998368,-94.2295220975947,1113.03243785892,                 161P   1106
7812.29642614671,-106.083149441562,1112.38978065415,                 161P   1107
7785.85918510843,-117.526721192681,1111.77042045659,                 161P   1108
7759.40625587324,-128.555451295012,1111.17464706905,                 161P   1109
7732.93744328798,-139.164179334043,1110.41215581702,                 161P   1110
7697.62422972838,-152.741593991094,1109.51962940609,                 161P   1111
7653.44191307261,-168.634499177554,1108.54842007013,                 161P   1112
7600.3559127434,-185.928483650917,1107.68008791602,                  161P   1113
7547.20063495379,-201.390570179633,1107.04479758034,                 161P   1114
7502.84509560991,-212.702962673556,1106.5910612759,                  161P   1115
7467.32396657044,-220.782486121616,1106.27835535709,                 161P   1116
7440.66453644515,-226.350730891409,1105.99358193158,                 161P   1117
7413.98629658805,-231.421591535011,1105.7085391443,                  161P   1118
7384.32268187598,-236.497248610546,1105.43564714852,                 161P   1119
7351.66532858179,-241.356540797163,1105.18916384586,                 161P   1120
7316.00463543917,-245.745582634687,1104.9942613457,                  161P   1121
7280.30920780121,-249.216143189968,1104.85110185056,                 161P   1122
7244.57893644063,-251.765334177114,1104.75962034273,                 161P   1123
7208.81386514042,-253.394313344916,1104.71954617377,                 161P   1124
7173.01417615512,-254.107900035542,1104.73043689037,                 161P   1125
7137.18016743261,-253.913972859387,1104.79170552593,                 161P   1126
7101.31223423603,-252.822983725983,1104.90265663379,                 161P   1127
7065.41084487895,-250.847316209385,1105.11578485258,                 161P   1128
7017.49842451644,-247.052216667381,1105.46367909834,                 161P   1129
6963.52414026935,-240.857385684809,1105.98519816913,                 161P   1130
6903.46182463589,-231.570878256979,1106.46060173924,                 161P   1131
6858.35834438101,-223.105533396952,1106.89006441446,                 161P   1132
6822.24246943904,-215.458241961689,1107.23640292266,                 161P   1133
6795.13923901321,-209.291113453028,1107.60666732652,                 161P   1134
6768.01989689711,-202.697944901427,1108.00056790201,                 161P   1135
6740.88463819077,-195.683895319563,1108.4178362744,                  161P   1136
6713.73364361765,-188.253743563577,1108.85823145007,                 161P   1137
6686.56707546281,-180.411780921485,1109.32153982386,                 161P   1138
6659.38507756786,-172.161810986383,1109.80757846956,                 161P   1139
6632.18777311523,-163.507091059879,1110.31619595069,                 161P   1140
6604.97526408231,-154.450317721375,1110.84727319181,                 161P   1141
6577.74763065423,-144.993611299446,1111.40072437656,                 161P   1142
6550.5049306201,-135.13849990742,1111.78457294771,                   161P   1143
6532.33310965921,-128.303442838179,1111.98021468832,                 161P   1144
6523.2446958461,-124.819718892748,1118.98993974555,                  161P   1145
8023.2446958461,-6.38830567556767D-13,1118.57379978984,              161P   1146
8014.47496869549,-4.93354970176865,1117.75249862876,                 161P   1147
7996.93058243568,-14.670490459378,1116.55350806295,                  161P   1148
7970.59919597438,-28.8851301878242,1115.38755610453,                 161P   1149
7944.25296765668,-42.7080805087666,1114.25477019224,                 161P   1150
7917.89184023379,-56.137830575405,1113.15532732507,                  161P   1151
7891.51573419271,-69.1722819733097,1112.08945299533,                 161P   1152
7865.12454823619,-81.8087613779285,1111.05741962704,                 161P   1153
7838.71815998369,-94.0440390643232,1110.05954618686,                 161P   1154
7812.29642614671,-105.874333521673,1109.09619244034,                 161P   1155
7785.85918510846,-117.295379546751,1108.16776129192,                 161P   1156
7759.40625587325,-128.30240050457,1107.27468716048,                  161P   1157
7732.93744328799,-138.890246138468,1106.13170020134,                 161P   1158
7697.62422972839,-152.440934775919,1104.79378839487,                 161P   1159
7653.44191307262,-168.30255609087,1103.33792958638,                  161P   1160
7600.35591274341,-185.562498783845,1102.03628536989,                 161P   1161
7547.2006349538,-200.994149472006,1101.08397468156,                  161P   1162
7502.84509560992,-212.284274455424,1100.40381647986,                 161P   1163
7467.32396657045,-220.347894028739,1099.9350651514,                  161P   1164
7440.66453644516,-225.9051781685,1099.50818509114,                   161P   1165
7413.98629658808,-230.96605724165,1099.080901253,                    161P   1166
7384.32268187598,-236.031723305353,1098.67183165173,                 161P   1167
7351.6653285818,-240.881450376556,1098.30234911696,                  161P   1168
7316.0046354392,-245.261852747645,1098.01018705547,                  161P   1169
7280.30920780123,-248.725581791055,1097.79558861179,                 161P   1170
7244.57893644066,-251.26975490624,1097.65845632317,                  161P   1171
7208.81386514042,-252.895527563064,1097.59838448311,                 161P   1172
7173.01417615512,-253.607709617212,1097.61470984689,                 161P   1173
7137.18016743262,-253.414164170691,1097.70655254179,                 161P   1174
7101.31223423606,-252.325322559307,1097.87287008193,                 161P   1175
7065.41084487897,-250.353543981077,1098.19235279602,                 161P   1176
7017.49842451645,-246.565914779141,1098.71385200676,                 161P   1177
6963.52414026937,-240.383277809823,1099.49561769293,                 161P   1178
6903.46182463589,-231.115050105032,1100.20825548328,                 161P   1179
6858.35834438102,-222.666368577341,1100.85202711462,                 161P   1180
6822.24246943907,-215.034130203793,1101.37119424909,                 161P   1181
6795.13923901323,-208.879141178353,1101.92622669555,                 161P   1182
6768.01989689712,-202.298950734617,1102.51669015311,                 161P   1183
6740.88463819078,-195.298707730172,1103.14218232345,                 161P   1184
6713.73364361767,-187.883181614375,1103.80234195329,                 161P   1185
6686.56707546282,-180.056655228196,1104.49684884486,                 161P   1186
6659.38507756787,-171.822924677671,1105.22542878892,                 161P   1187
6632.18777311525,-163.185240852682,1105.98785477935,                 161P   1188
6604.97526408232,-154.146295024634,1106.78394832078,                 161P   1189
6577.74763065423,-144.708203348411,1107.61358077177,                 161P   1190
6550.50493062012,-134.87249092938,1108.18897610998,                  161P   1191
6532.33310965921,-128.050888105572,1108.48224630445,                 161P   1192
6523.2446958461,-124.574021583063,1118.98993974555,                  161P   1193
8023.24469584609,-6.36409702920614D-13,1118.43559588882,             161P   1194
8014.47496869547,-4.91993780522174,1117.34153307052,                 161P   1195
7996.93058243567,-14.6300138835806,1115.74434672706,                 161P   1196
7970.59919597437,-28.8054347499202,1114.19117141633,                 161P   1197
7944.25296765667,-42.5902468983213,1112.68217690001,                 161P   1198
7917.89184023378,-55.9829436504848,1111.21759896038,                 161P   1199
7891.51573419271,-68.9814323816036,1109.79773797769,                 161P   1200
7865.12454823618,-81.5830471429557,1108.42295685052,                 161P   1201
7838.71815998369,-93.784567120565,1107.09368047727,                  161P   1202
7812.29642614671,-105.582221236979,1105.81038810498,                 161P   1203
7785.85918510844,-116.971756056866,1104.57361644625,                 161P   1204
7759.40625587324,-127.948408124202,1103.3839441946,                  161P   1205
7732.93744328797,-138.507041392127,1101.86136077014,                 161P   1206
7697.62422972838,-152.020343039875,1100.07911616655,                 161P   1207
7653.44191307262,-167.838201392765,1098.13975327848,                 161P   1208
7600.3559127434,-185.050523088978,1096.40582106453,                  161P   1209
7547.20063495379,-200.439597124336,1095.13723925149,                 161P   1210
7502.84509560991,-211.698572119898,1094.23119426499,                 161P   1211
7467.32396657044,-219.739943786114,1093.6067663158,                  161P   1212
7440.66453644515,-225.281895116564,1093.0381154674,                  161P   1213
7413.98629658806,-230.328810985419,1092.46892674285,                 161P   1214
7384.32268187597,-235.380500637292,1091.92400137048,                 161P   1215
7351.66532858179,-240.216847082543,1091.43181029287,                 161P   1216
7316.00463543918,-244.585163716683,1091.04261852784,                 161P   1217
7280.30920780122,-248.039336168134,1090.75674997032,                 161P   1218
7244.57893644063,-250.57648978958,1090.57407478935,                  161P   1219
7208.81386514042,-252.197776862888,1090.49405253957,                 161P   1220
7173.01417615512,-252.907993973126,1090.51579970656,                 161P   1221
7137.18016743261,-252.714982527629,1090.63814420386,                 161P   1222
7101.31223423603,-251.629145081658,1090.85969732637,                 161P   1223
7065.41084487895,-249.662806733615,1091.28528318369,                 161P   1224
7017.49842451644,-245.885627779469,1091.97997707125,                 161P   1225
6963.52414026935,-239.72004899744,1093.02137432087,                  161P   1226
6903.46182463589,-230.477392770456,1093.9706856656,                  161P   1227
6858.35834438101,-222.052021553976,1094.82825976756,                 161P   1228
6822.24246943904,-214.440840886433,1095.51984707492,                 161P   1229
6795.13923901322,-208.302833766301,1096.2592108938,                  161P   1230
6768.01989689711,-201.740798378661,1097.04577268788,                 161P   1231
6740.88463819077,-194.759869375158,1097.87899655196,                 161P   1232
6713.73364361766,-187.364803046015,1098.75840125718,                 161P   1233
6686.56707546282,-179.559870415639,1099.68356026519,                 161P   1234
6659.38507756786,-171.348857116432,1100.65410829926,                 161P   1235
6632.18777311523,-162.735005068915,1101.66974296262,                 161P   1236
6604.97526408231,-153.720998119152,1102.73022647963,                 161P   1237
6577.74763065423,-144.308946583451,1103.83538748647,                 161P   1238
6550.50493062011,-134.500371359344,1104.60187689994,                 161P   1239
6532.33310965921,-127.697589659789,1104.99254481941,                 161P   1240
6523.24469584609,-124.230315976163,1118.98993974555,                 161P   1241
8023.2446958461,-6.33934069635698D-13,1118.29782811663,              161P   1242
8014.47496869548,-4.90245516183664,1116.93186439142,                 161P   1243
7996.93058243567,-14.5780271866838,1114.93773885261,                 161P   1244
7970.59919597438,-28.7030767195548,1112.99856214575,                 161P   1245
7944.25296765668,-42.4389055343347,1111.11454622275,                 161P   1246
7917.89184023378,-55.7840123065959,1109.28598546327,                 161P   1247
7891.51573419271,-68.7363118475219,1107.51325489933,                 161P   1248
7865.12454823618,-81.2931476816477,1105.79680761853,                 161P   1249
7838.71815998369,-93.451310439926,1104.13717411672,                  161P   1250
7812.29642614671,-105.207042445157,1102.53495274536,                 161P   1251
7785.85918510845,-116.556105376281,1100.99081360304,                 161P   1252
7759.40625587325,-127.493752703874,1099.50547920249,                 161P   1253
7732.93744328799,-138.014866631644,1097.60449720103,                 161P   1254
7697.62422972839,-151.480149738712,1095.37932197633,                 161P   1255
7653.44191307262,-167.241800475238,1092.95798079704,                 161P   1256
7600.35591274341,-184.392959430388,1090.79312475201,                 161P   1257
7547.2006349538,-199.727349503463,1089.20926986744,                  161P   1258
7502.84509560992,-210.946316545162,1088.07805092458,                 161P   1259
7467.32396657045,-218.959113778381,1087.29843762157,                 161P   1260
7440.66453644516,-224.481372185344,1086.58846336956,                 161P   1261
7413.98629658807,-229.510354203443,1085.87781756622,                 161P   1262
7384.32268187598,-234.544093041268,1085.19746514126,                 161P   1263
7351.66532858179,-239.363253878989,1084.58295275084,                 161P   1264
7316.00463543919,-243.716048015708,1084.09703747777,                 161P   1265
7280.30920780122,-247.157946315014,1083.74012371272,                 161P   1266
7244.57893644065,-249.68608434445,1083.51204935859,                  161P   1267
7208.81386514042,-251.301610291326,1083.41213965636,                 161P   1268
7173.01417615511,-252.009303696397,1083.43929151707,                 161P   1269
7137.18016743262,-251.81697810312,1083.59204156255,                  161P   1270
7101.31223423605,-250.734999102031,1083.86865596115,                 161P   1271
7065.41084487896,-248.775647995184,1084.40001013315,                 161P   1272
7017.49842451645,-245.011890973441,1085.26735214911,                 161P   1273
6963.52414026937,-238.868221129975,1086.56756164572,                 161P   1274
6903.46182463589,-229.658408013847,1087.7527996768,                  161P   1275
6858.35834438102,-221.262975745009,1088.82350155528,                 161P   1276
6822.24246943907,-213.678840857843,1089.68696493118,                 161P   1277
6795.13923901323,-207.562644702364,1090.61007843001,                 161P   1278
6768.01989689712,-201.02392703318,1091.59211973532,                  161P   1279
6740.88463819077,-194.067804256318,1092.63241975656,                 161P   1280
6713.73364361767,-186.699015760871,1093.73037766794,                 161P   1281
6686.56707546282,-178.921817394467,1094.88546092608,                 161P   1282
6659.38507756787,-170.739981337537,1096.09721347424,                 161P   1283
6632.18777311525,-162.156737990673,1097.36525776268,                 161P   1284
6604.97526408231,-153.174761663086,1098.68929692297,                 161P   1285
6577.74763065422,-143.796155172226,1100.06911700296,                 161P   1286
6550.50493062011,-134.022434011228,1101.02609745886,                 161P   1287
6532.33310965922,-127.243825504745,1101.51385574606,                 161P   1288
6523.2446958461,-123.788872527544,1118.98993974555,                  161P   1289
8023.2446958461,-6.31405615384549D-13,1118.16060486118,              161P   1290
8014.47496869548,-4.88111552508867,1116.52381489754,                 161P   1291
7996.93058243567,-14.5145712662513,1114.13431903593,                 161P   1292
7970.59919597437,-28.5781366210661,1111.81066657499,                 161P   1293
7944.25296765668,-42.2541754759852,1109.55311148956,                 161P   1294
7917.89184023378,-55.5411930416163,1107.36200652537,                 161P   1295
7891.51573419271,-68.4371132056518,1105.23780107105,                 161P   1296
7865.12454823619,-80.9392910558563,1103.18103804677,                 161P   1297
7838.71815998369,-93.0445311930755,1101.19235312846,                 161P   1298
7812.29642614671,-104.749092296702,1099.27246330127,                 161P   1299
7785.85918510844,-116.048754494441,1097.42217152255,                 161P   1300
7759.40625587324,-126.938791917782,1095.64234355585,                 161P   1301
7732.93744328798,-137.414109047419,1093.36445856971,                 161P   1302
7697.62422972838,-150.82077983867,1090.69810337435,                  161P   1303
7653.44191307262,-166.513822522666,1087.79668888733,                 161P   1304
7600.3559127434,-183.590325108744,1085.20261220574,                  161P   1305
7547.20063495379,-198.857966929543,1083.3047303431,                  161P   1306
7502.84509560991,-210.028099525344,1081.94922742723,                 161P   1307
7467.32396657045,-218.006018278976,1081.01504212903,                 161P   1308
7440.66453644516,-223.504239140556,1080.16430304367,                 161P   1309
7413.98629658806,-228.511330769873,1079.31275926018,                 161P   1310
7384.32268187598,-233.523158513208,1078.49751504803,                 161P   1311
7351.6653285818,-238.321342281622,1077.76116481068,                  161P   1312
7316.00463543919,-242.65518937188,1077.1789083221,                   161P   1313
7280.30920780122,-246.082105614848,1076.75123015043,                 161P   1314
7244.57893644065,-248.599239046501,1076.47793606001,                 161P   1315
7208.81386514042,-250.207732856271,1076.35821750902,                 161P   1316
7173.01417615512,-250.912345780297,1076.39075270177,                 161P   1317
7137.18016743261,-250.720857350883,1076.57378811977,                 161P   1318
7101.31223423604,-249.643588038733,1076.90524616883,                 161P   1319
7065.41084487897,-247.692765687275,1077.54195061413,                 161P   1320
7017.49842451644,-243.945391723613,1078.5812583795,                  161P   1321
6963.52414026936,-237.828464334373,1080.13925718692,                 161P   1322
6903.4618246359,-228.658740124708,1081.55948942156,                  161P   1323
6858.35834438101,-220.299851887187,1082.84247670486,                 161P   1324
6822.24246943905,-212.748729578044,1083.87713682184,                 161P   1325
6795.13923901322,-206.659156288036,1084.98327374365,                 161P   1326
6768.01989689711,-200.148900655779,1086.16002194189,                 161P   1327
6740.88463819078,-193.223056816377,1087.40657966715,                 161P   1328
6713.73364361766,-185.88634352908,1088.72222696934,                  161P   1329
6686.56707546282,-178.142998116468,1090.10632571906,                 161P   1330
6659.38507756787,-169.996776339246,1091.5583294383,                  161P   1331
6632.18777311524,-161.450894536568,1093.07778572153,                 161P   1332
6604.97526408232,-152.508015376784,1094.66433884087,                 161P   1333
6577.74763065424,-143.170232524105,1096.31773242454,                 161P   1334
6550.50493062012,-133.439054874953,1097.46445102085,                 161P   1335
6532.33310965921,-126.689952613487,1098.04891593349,                 161P   1336
6523.2446958461,-123.250038517639,1118.98993974555,                  161P   1337
8023.2446958461,-6.28826329429472D-13,1118.02403408274,              161P   1338
8014.47496869548,-4.8559356843734,1116.1177056205,                   161P   1339
7996.93058243567,-14.439696047533,1113.33471936546,                  161P   1340
7970.59919597438,-28.4307127536421,1110.62841927749,                 161P   1341
7944.25296765667,-42.03620206344,1107.9991011549,                    161P   1342
7917.89184023378,-55.2546768985907,1105.44717583175,                 161P   1343
7891.51573419271,-68.0840718566696,1102.97316669982,                 161P   1344
7865.12454823618,-80.5217556695498,1100.57770608467,                 161P   1345
7838.71815998369,-92.5645494219406,1098.26153434224,                 161P   1346
7812.29642614672,-104.208731093301,1096.02548652722,                 161P   1347
7785.85918510845,-115.450102580073,1093.87049782403,                 161P   1348
7759.40625587325,-126.283962392724,1091.7975765659,                  161P   1349
7732.93744328798,-136.705241297818,1089.14458071481,                 161P   1350
7697.62422972839,-150.042752112562,1086.03914329637,                 161P   1351
7653.44191307262,-165.654840286654,1082.65993818142,                 161P   1352
7600.35591274341,-182.643251613086,1079.63868174592,                 161P   1353
7547.2006349538,-197.832133407172,1077.42826605851,                  161P   1354
7502.84509560991,-208.944643486547,1075.84954560782,                 161P   1355
7467.32396657044,-216.881407155357,1074.76152328212,                 161P   1356
7440.66453644516,-222.351264761695,1073.77068868005,                 161P   1357
7413.98629658807,-227.332526686915,1072.7789168661,                  161P   1358
7384.32268187598,-232.318500294322,1071.82942225789,                 161P   1359
7351.66532858179,-237.091932035787,1070.97181349515,                 161P   1360
7316.00463543919,-241.403422437528,1070.29367387971,                 161P   1361
7280.30920780122,-244.812660507402,1069.79556777605,                 161P   1362
7244.57893644065,-247.316808993598,1069.4772689627,                  161P   1363
7208.81386514042,-248.917005188259,1069.33783575119,                 161P   1364
7173.01417615512,-249.617983278998,1069.37572867903,                 161P   1365
7137.18016743262,-249.427482666431,1069.58890546692,                 161P   1366
7101.31223423605,-248.355770581835,1069.97494639276,                 161P   1367
7065.41084487896,-246.415011789787,1070.71650018586,                 161P   1368
7017.49842451645,-242.686969120174,1071.92695602817,                 161P   1369
6963.52414026937,-236.60159666065,1073.74151839512,                  161P   1370
6903.46182463589,-227.479175612283,1075.39562746958,                 161P   1371
6858.35834438102,-219.163407737985,1076.88989077097,                 161P   1372
6822.24246943906,-211.651238831193,1078.09493361307,                 161P   1373
6795.13923901323,-205.593079361381,1079.38322370768,                 161P   1374
6768.01989689711,-199.116407691437,1080.75375299548,                 161P   1375
6740.88463819077,-192.226291677732,1082.20558769888,                 161P   1376
6713.73364361767,-184.927425737214,1083.73788931002,                 161P   1377
6686.56707546282,-177.224025333706,1085.34991461545,                 161P   1378
6659.38507756787,-169.119826853357,1087.04102714588,                 161P   1379
6632.18777311525,-160.618030043434,1088.81069999586,                 161P   1380
6604.97526408231,-151.721283836582,1090.65851885801,                 161P   1381
6577.74763065422,-142.431671096587,1092.58418514246,                 161P   1382
6550.50493062011,-132.750692936038,1093.91973970163,                 161P   1383
6532.33310965921,-126.036406756888,1094.60045141346,                 161P   1384
6523.24469584609,-122.614237885172,1118.98993974555,                 161P   1385
8023.2446958461,-6.26198241012402D-13,1117.88822322787,              161P   1386
8014.47496869548,-4.82693544960114,1115.71385606574,                 161P   1387
7996.93058243567,-14.353460437624,1112.53956892396,                  161P   1388
7970.59919597437,-28.2609211010766,1109.45275038311,                 161P   1389
7944.25296765668,-41.7851567844215,1106.4537378321,                  161P   1390
7917.89184023378,-54.9246892903347,1103.54299987018,                 161P   1391
7891.51573419271,-67.6774655512242,1100.72113348049,                 161P   1392
7865.12454823619,-80.0408700132144,1097.98885989649,                 161P   1393
7838.71815998369,-92.0117427458809,1095.34702357163,                 161P   1394
7812.29642614671,-103.58638395704,1092.79657697322,                  161P   1395
7785.85918510844,-114.760620614714,1090.33858677698,                 161P   1396
7759.40625587324,-125.529779307235,1087.97420309249,                 161P   1397
7732.93744328798,-135.888821075242,1084.94818361357,                 161P   1398
7697.62422972838,-149.146678663492,1081.40610716635,                 161P   1399
7653.44191307262,-164.665529560205,1077.55177000377,                 161P   1400
7600.3559127434,-181.552484041056,1074.1057107795,                   161P   1401
7547.2006349538,-196.650655997412,1071.58450030575,                  161P   1402
7502.84509560991,-207.696800823588,1069.78380437418,                 161P   1403
7467.32396657045,-215.586165180568,1068.54280101954,                 161P   1404
7440.66453644516,-221.02335613622,1067.41265043712,                  161P   1405
7413.98629658806,-225.974869363212,1066.28143086647,                 161P   1406
7384.32268187598,-230.931066133653,1065.19843287445,                 161P   1407
7351.6653285818,-235.675990363867,1064.22024030763,                  161P   1408
7316.00463543919,-239.961732023859,1063.44675108981,                 161P   1409
7280.30920780122,-243.350609711958,1062.87860893776,                 161P   1410
7244.57893644064,-245.839803120753,1062.51555582219,                 161P   1411
7208.81386514041,-247.430442750349,1062.35651764886,                 161P   1412
7173.01417615512,-248.127234515212,1062.39973849961,                 161P   1413
7137.18016743261,-247.937871595328,1062.64288894116,                 161P   1414
7101.31223423604,-246.872559904822,1063.08320902713,                 161P   1415
7065.41084487897,-244.943391558831,1063.92902875266,                 161P   1416
7017.49842451644,-241.237613210594,1065.3096803491,                  161P   1417
6963.52414026936,-235.188583330848,1067.37937867368,                 161P   1418
6903.4618246359,-226.120642483474,1069.26606322219,                  161P   1419
6858.35834438102,-217.854537379925,1070.97042693418,                 161P   1420
6822.24246943906,-210.387232053729,1072.34490443726,                 161P   1421
6795.13923901321,-204.365252644432,1073.814334146,                   161P   1422
6768.01989689711,-197.92726044044,1075.37756626323,                  161P   1423
6740.88463819077,-191.078293032276,1077.03353571786,                 161P   1424
6713.73364361766,-183.823016801261,1078.78128610388,                 161P   1425
6686.56707546282,-176.165622035959,1080.61996970857,                 161P   1426
6659.38507756787,-168.10982280837,1082.54886057209,                  161P   1427
6632.18777311524,-159.658799756482,1084.56735770359,                 161P   1428
6604.97526408231,-150.815185993197,1086.67498854215,                 161P   1429
6577.74763065424,-141.581051943182,1088.8714125148,                  161P   1430
6550.50493062011,-131.957889754207,1090.3947522929,                  161P   1431
6532.33310965921,-125.283702103574,1091.17117525592,                 161P   1432
6523.2446958461,-121.881970837947,1118.98993974555,                  161P   1433
8023.2446958461,-6.23523417776814D-13,1117.75327914544,              161P   1434
8014.47496869548,-4.79413763676256,1115.31258396074,                 161P   1435
7996.93058243568,-14.2559322825589,1111.74949329387,                 161P   1436
7970.59919597438,-28.0688952472828,1108.28458484609,                 161P   1437
7944.25296765668,-41.5012371492922,1104.91823733147,                 161P   1438
7917.89184023378,-54.5514898352423,1101.65097674584,                 161P   1439
7891.51573419272,-67.2176141876187,1098.48347319394,                 161P   1440
7865.12454823619,-79.497012424578,1095.41653624978,                  161P   1441
7838.71815998369,-91.3865460866272,1092.45111379993,                 161P   1442
7812.29642614672,-102.882540520741,1089.58827497493,                 161P   1443
7785.85918510845,-113.980851049644,1086.82921710261,                 161P   1444
7759.40625587325,-124.676836016328,1084.17523116409,                 161P   1445
7732.93744328798,-134.965490699891,1080.77856876981,                 161P   1446
7697.62422972839,-148.133264478992,1076.80264001266,                 161P   1447
7653.44191307262,-163.546668685462,1072.47620319154,                 161P   1448
7600.35591274341,-180.318880556171,1068.60805235606,                 161P   1449
7547.20063495379,-195.314464229921,1065.77803065134,                 161P   1450
7502.84509560991,-206.285553279117,1063.75677593143,                 161P   1451
7467.32396657045,-214.12131138876,1062.3637679038,                   161P   1452
7440.66453644516,-219.521557998834,1061.09519048388,                 161P   1453
7413.98629658807,-224.43942693831,1059.82541314039,                  161P   1454
7384.32268187598,-229.361947597736,1058.60976381024,                 161P   1455
7351.66532858179,-234.074631260726,1057.51175702963,                 161P   1456
7316.00463543919,-238.331252383621,1056.64352674995,                 161P   1457
7280.30920780123,-241.697103499826,1056.00579553375,                 161P   1458
7244.57893644065,-244.169383465219,1055.59827374702,                 161P   1459
7208.81386514042,-245.749215098434,1055.41975573469,                 161P   1460
7173.01417615512,-246.441272338436,1055.46827050449,                 161P   1461
7137.18016743262,-246.253196091984,1055.74120330175,                 161P   1462
7101.31223423605,-245.195122926585,1056.23545612725,                 161P   1463
7065.41084487896,-243.279062794493,1057.18487633887,                 161P   1464
7017.49842451645,-239.598464278462,1058.73463746563,                 161P   1465
6963.52414026937,-233.590536035958,1061.05784341839,                 161P   1466
6903.46182463589,-224.584209566869,1063.17561909711,                 161P   1467
6858.35834438101,-216.374270569315,1065.08874231625,                 161P   1468
6822.24246943906,-208.957703705452,1066.63157311395,                 161P   1469
6795.13923901323,-202.976642132253,1068.28098636707,                 161P   1470
6768.01989689711,-196.582394466709,1070.03569144518,                 161P   1471
6740.88463819078,-189.779964070183,1071.89449282164,                 161P   1472
6713.73364361767,-182.573985617106,1073.85631694476,                 161P   1473
6686.56707546282,-174.968620924086,1075.92021226948,                 161P   1474
6659.38507756787,-166.967558826937,1078.08536391653,                 161P   1475
6632.18777311524,-158.573958352012,1080.35109728252,                 161P   1476
6604.97526408231,-149.790434720872,1082.71688192478,                 161P   1477
6577.74763065423,-140.619044290171,1085.18233555511,                 161P   1478
6550.50493062011,-131.061269068906,1086.89226206883,                 161P   1479
6532.33310965921,-124.4324308454,1087.76378543439,                   161P   1480
6523.24469584609,-121.053813488493,1118.98993974555,                 161P   1481
8023.24469584609,-6.20803964131345D-13,1117.61930800231,             161P   1482
8014.47496869548,-4.75756804937481,1114.91420500524,                 161P   1483
7996.93058243567,-14.1471883121305,1110.96511406499,                 161P   1484
7970.59919597438,-27.8547862676505,1107.12484171741,                 161P   1485
7944.25296765667,-41.1846665304191,1103.3938077038,                  161P   1486
7917.89184023378,-54.1353721461365,1099.77259500267,                 161P   1487
7891.5157341927,-66.7048795516369,1096.26194631324,                  161P   1488
7865.12454823619,-78.8906107809043,1092.86275891307,                 161P   1489
7838.71815998369,-90.6894513145545,1089.57608337613,                 161P   1490
7812.29642614671,-102.097754529742,1086.40310465507,                 161P   1491
7785.85918510845,-113.111407364709,1083.34514978783,                 161P   1492
7759.40625587325,-123.725803568913,1080.40364961136,                 161P   1493
7732.93744328798,-133.935976597368,1076.63901661646,                 161P   1494
7697.62422972839,-147.003306857654,1072.23236360033,                 161P   1495
7653.44191307262,-162.299137920677,1067.43723093287,                 161P   1496
7600.35591274341,-178.943411689862,1063.15003174316,                 161P   1497
7547.2006349538,-193.824609346951,1060.01342531922,                  161P   1498
7502.84509560992,-204.71201114515,1057.77320202753,                  161P   1499
7467.32396657045,-212.487998246397,1056.22928527213,                 161P   1500
7440.66453644516,-217.847051881782,1054.82327906449,                 161P   1501
7413.98629658807,-222.727407413933,1053.41594294197,                 161P   1502
7384.32268187598,-227.612379182805,1052.06859868242,                 161P   1503
7351.6653285818,-232.289114587714,1050.85164154184,                  161P   1504
7316.00463543918,-236.513266288593,1049.88935327804,                 161P   1505
7280.30920780122,-239.853442758834,1049.182534731,                   161P   1506
7244.57893644064,-242.306864221386,1048.73086488972,                 161P   1507
7208.81386514042,-243.874644930046,1048.53300748696,                 161P   1508
7173.01417615512,-244.561423171063,1048.58677800693,                 161P   1509
7137.18016743262,-244.374781566512,1048.88927843079,                 161P   1510
7101.31223423605,-243.324779362361,1049.43707514378,                 161P   1511
7065.41084487896,-241.423334899184,1050.48934888775,                 161P   1512
7017.49842451645,-237.77081191608,1052.20700027456,                  161P   1513
6963.52414026936,-231.808712031778,1054.78188607963,                 161P   1514
6903.4618246359,-222.871085643456,1057.12908673443,                  161P   1515
6858.35834438102,-214.723771898734,1059.24946431631,                 161P   1516
6822.24246943906,-207.363778460709,1060.95943459077,                 161P   1517
6795.13923901321,-201.428340307286,1062.78753371694,                 161P   1518
6768.01989689712,-195.082867836889,1064.73233124657,                 161P   1519
6740.88463819077,-188.332326245331,1066.79250213802,                 161P   1520
6713.73364361766,-181.181314853846,1068.96685653854,                 161P   1521
6686.56707546282,-173.633963732782,1071.25433981935,                 161P   1522
6659.38507756787,-165.693933579587,1073.65404882286,                 161P   1523
6632.18777311524,-157.364359323625,1076.16523586389,                 161P   1524
6604.97526408232,-148.647836237596,1078.7873130353,                  161P   1525
6577.74763065424,-139.546404992307,1081.51985663451,                 161P   1526
6550.50493062011,-130.06153629202,1083.41502460387,                  161P   1527
6532.33310965922,-123.483262715811,1084.38096270339,                 161P   1528
6523.2446958461,-120.130417385501,1118.98993974555,                  161P   1529
8023.2446958461,-6.18042019599228D-13,1117.48641519991,              161P   1530
8014.47496869548,-4.71725545849697,1114.51903262277,                 161P   1531
7996.93058243567,-14.0273140804686,1110.18704834552,                 161P   1532
7970.59919597437,-27.6187626120467,1105.97443342179,                 161P   1533
7944.25296765668,-40.8356939891861,1101.88164828987,                 161P   1534
7917.89184023378,-53.6766636028857,1097.90933245233,                 161P   1535
7891.51573419272,-66.139665036361,1094.0583006185,                   161P   1536
7865.12454823618,-78.222142167633,1090.32953706361,                  161P   1537
7838.71815998369,-89.9210068677627,1086.72419422246,                 161P   1538
7812.29642614671,-101.232643413057,1083.24357193758,                 161P   1539
7785.85918510844,-112.152973593214,1079.88912591295,                 161P   1540
7759.40625587325,-122.677430188115,1076.66242571567,                 161P   1541
7732.93744328798,-132.801088736101,1072.53278393474,                 161P   1542
7697.62422972838,-145.75769479167,1067.6988735817,                   161P   1543
7653.44191307261,-160.92391875851,1062.43881762526,                  161P   1544
7600.35591274341,-177.427159589867,1057.73594302342,                 161P   1545
7547.20063495379,-192.182263489244,1054.29521959668,                 161P   1546
7502.84509560991,-202.977412403226,1051.83779022269,                 161P   1547
7467.32396657045,-210.687510759754,1050.14417941175,                 161P   1548
7440.66453644516,-216.001155199842,1048.6018505879,                  161P   1549
7413.98629658806,-220.840157718464,1047.05806290414,                 161P   1550
7384.32268187598,-225.683737358769,1045.58008373458,                 161P   1551
7351.66532858179,-230.320845096966,1044.24513367168,                 161P   1552
7316.00463543919,-234.509204036174,1043.18954450141,                 161P   1553
7280.30920780123,-237.82107798586,1042.41419471104,                  161P   1554
7244.57893644065,-240.253710723029,1041.91873216522,                 161P   1555
7208.81386514042,-241.808207060002,1041.70169103579,                 161P   1556
7173.01417615512,-242.489165981156,1041.76067500213,                 161P   1557
7137.18016743261,-242.30410585827,1042.09250506121,                  161P   1558
7101.31223423604,-241.263000701695,1042.69341468413,                 161P   1559
7065.41084487896,-239.377667863603,1043.84771408702,                 161P   1560
7017.49842451644,-235.756094025766,1045.73190437638,                 161P   1561
6963.52414026937,-229.844513165242,1048.55644424951,                 161P   1562
6903.46182463589,-220.9826185105,1051.13122322672,                   161P   1563
6858.35834438102,-212.904339895144,1053.45718697016,                 161P   1564
6822.24246943905,-205.606710337413,1055.33295140698,                 161P   1565
6795.13923901323,-199.721565293303,1057.33829815429,                 161P   1566
6768.01989689711,-193.429860300945,1059.47165807136,                 161P   1567
6740.88463819078,-186.736518484265,1061.73157764406,                 161P   1568
6713.73364361767,-179.646100192782,1064.11675165466,                 161P   1569
6686.56707546282,-172.162700501272,1066.62602322042,                 161P   1570
6659.38507756787,-164.289949088771,1069.25840161597,                 161P   1571
6632.18777311524,-156.030954321252,1072.01306666258,                 161P   1572
6604.97526408231,-147.388289480739,1074.88937345119,                 161P   1573
6577.74763065422,-138.363977946694,1077.88685719815,                 161P   1574
6550.50493062011,-128.959477961574,1079.96577560501,                 161P   1575
6532.33310965921,-122.436944471183,1081.02536848934,                 161P   1576
6523.24469584609,-119.11250900925,1118.98993974555,                  161P   1577
8023.24469584609,-6.15239757132369D-13,1117.3547052913,              161P   1578
8014.47496869548,-4.67323157992895,1114.12737771412,                 161P   1579
7996.93058243567,-13.8964038982349,1109.41590827651,                 161P   1580
7970.59919597438,-27.3610099713154,1104.83426503976,                 161P   1581
7944.25296765667,-40.4545940786048,1100.38294877692,                 161P   1582
7917.89184023378,-53.1757250929446,1096.06265501145,                 161P   1583
7891.5157341927,-65.5224153224734,1091.87426982188,                  161P   1584
7865.12454823619,-77.4921325002704,1087.81886370668,                 161P   1585
7838.71815998369,-89.0818173174208,1083.89769005483,                 161P   1586
7812.29642614671,-100.287887794043,1080.11216257608,                 161P   1587
7785.85918510845,-111.106303779812,1076.46386449519,                 161P   1588
7759.40625587325,-121.53254067828,1072.95450287455,                  161P   1589
7732.93744328798,-131.561719985423,1068.46310129185,                 161P   1590
7697.62422972839,-144.397408262285,1063.20573666749,                 161P   1591
7653.44191307262,-159.422093148162,1057.48489575655,                 161P   1592
7600.35591274341,-175.771317162595,1052.37004571617,                 161P   1593
7547.20063495379,-190.388718767058,1048.62791226627,                 161P   1594
7502.84509560991,-201.083121743261,1045.95521018574,                 161P   1595
7467.32396657044,-208.721265456506,1044.11323776289,                 161P   1596
7440.66453644516,-213.985320206224,1042.43579974574,                 161P   1597
7413.98629658807,-218.779162639465,1040.75677507145,                 161P   1598
7384.32268187598,-223.57753947831,1039.1493237879,                   161P   1599
7351.66532858179,-228.171371318103,1037.69743107095,                 161P   1600
7316.00463543919,-232.320642315823,1036.54937147606,                 161P   1601
7280.30920780122,-235.601608137284,1035.70610044667,                 161P   1602
7244.57893644064,-238.011538281988,1035.1672350001,                  161P   1603
7208.81386514041,-239.551527251579,1034.93118090051,                 161P   1604
7173.01417615512,-240.226131110319,1034.99533190774,                 161P   1605
7137.18016743262,-240.042798064641,1035.35623053566,                 161P   1606
7101.31223423605,-239.011409042243,1036.00978030453,                 161P   1607
7065.41084487896,-237.143671109632,1037.26519722447,                 161P   1608
7017.49842451645,-233.555895680271,1039.31444403489,                 161P   1609
6963.52414026936,-227.699484763421,1042.38641577712,                 161P   1610
6903.4618246359,-218.920293913382,1045.18674737654,                  161P   1611
6858.35834438101,-210.917405990753,1047.71646733599,                 161P   1612
6822.24246943906,-203.687881703199,1049.7565501827,                  161P   1613
6795.13923901322,-197.85765988999,1051.93756685013,                  161P   1614
6768.01989689711,-191.624672357184,1054.25781073962,                 161P   1615
6740.88463819077,-184.993796283549,1056.71570100809,                 161P   1616
6713.73364361766,-177.969549459058,1059.30981809973,                 161P   1617
6686.56707546282,-170.555988741118,1062.03890378797,                 161P   1618
6659.38507756787,-162.756709934718,1064.90188055914,                 161P   1619
6632.18777311524,-154.574792396945,1067.89785638622,                 161P   1620
6604.97526408231,-146.012785394615,1071.02612986562,                 161P   1621
6577.74763065424,-137.072693423965,1074.28619549828,                 161P   1622
6550.50493062011,-127.755961118374,1076.54722875933,                 161P   1623
6532.33310965922,-121.294299298993,1077.69964279672,                 161P   1624
6523.2446958461,-118.000889195845,1118.98993974555,                  161P   1625
8023.2446958461,-6.12399381403178D-13,1117.22428189886,              161P   1626
8014.47496869548,-4.62553104934541,1113.73954841269,                 161P   1627
7996.93058243567,-13.7545607586834,1108.65230055028,                 161P   1628
7970.59919597437,-27.0817311316921,1103.70523359566,                 161P   1629
7944.25296765668,-40.0416666280633,1098.89888826265,                 161P   1630
7917.89184023378,-52.6329507284145,1094.23401554843,                 161P   1631
7891.51573419271,-64.8536160296202,1089.71157220357,                 161P   1632
7865.12454823619,-76.7011561120712,1085.3327141076,                  161P   1633
7838.71815998369,-88.1725428937789,1081.09879461758,                 161P   1634
7812.29642614671,-99.2642309567865,1077.01134019823,                 161P   1635
7785.85918510844,-109.972221389324,1073.0720603495,                  161P   1636
7759.40625587325,-120.292035778328,1069.28279828606,                 161P   1637
7732.93744328798,-130.218845415556,1064.43317049935,                 161P   1638
7697.62422972838,-142.92351747147,1058.75648782076,                  161P   1639
7653.44191307261,-157.794842647125,1052.57936281108,                 161P   1640
7600.3559127434,-173.977187137875,1047.05656142628,                  161P   1641
7547.2006349538,-188.445386247158,1043.01596206636,                  161P   1642
7502.84509560991,-199.030629493628,1040.13009002026,                 161P   1643
7467.32396657045,-206.590809275156,1038.1412051522,                  161P   1644
7440.66453644516,-211.801132853993,1036.32997766149,                 161P   1645
7413.98629658806,-216.546043659584,1034.51703696467,                 161P   1646
7384.32268187598,-221.295442587268,1032.78137822498,                 161P   1647
7351.6653285818,-225.842384344166,1031.21368512655,                  161P   1648
7316.00463543919,-229.949302972923,1029.97405833976,                 161P   1649
7280.30920780122,-233.196779375373,1029.0635295125,                  161P   1650
7244.57893644065,-235.58211092174,1028.48168511608,                  161P   1651
7208.81386514043,-237.106380941888,1028.22680376123,                 161P   1652
7173.01417615512,-237.774098995497,1028.29607133874,                 161P   1653
7137.18016743262,-237.59263726379,1028.6857545995,                   161P   1654
7101.31223423604,-236.571775818031,1029.39143033585,                 161P   1655
7065.41084487896,-234.723102228553,1030.74697707704,                 161P   1656
7017.49842451645,-231.171947880057,1032.95966816927,                 161P   1657
6963.52414026936,-225.375314421969,1036.27665491534,                 161P   1658
6903.46182463589,-216.68573438074,1039.30033598381,                  161P   1659
6858.35834438102,-208.764533400773,1042.03182190909,                 161P   1660
6822.24246943905,-201.608802191623,1044.23461813615,                 161P   1661
6795.13923901323,-195.8380905202,1046.58958881488,                   161P   1662
6768.01989689711,-189.668724232637,1049.09489123133,                 161P   1663
6740.88463819077,-183.105530725453,1051.7488184572,                  161P   1664
6713.73364361767,-176.152981674707,1054.54983771543,                 161P   1665
6686.56707546282,-168.815092528723,1057.49659042552,                 161P   1666
6659.38507756786,-161.095422389445,1060.58791313327,                 161P   1667
6632.18777311524,-152.997019182401,1063.82284266511,                 161P   1668
6604.97526408231,-144.522406153574,1067.20062167481,                 161P   1669
6577.74763065423,-135.673567338941,1070.72070434556,                 161P   1670
6550.50493062012,-126.451932626243,1073.16207359913,                 161P   1671
6532.33310965921,-120.056226172429,1074.40640213101,                 161P   1672
6523.2446958461,-116.796432509353,1118.98993974555,                  161P   1673
8023.24469584609,-6.09523127069315D-13,1117.09524763285,             161P   1674
8014.47496869548,-4.57419139500201,1113.35584984212,                 161P   1675
7996.93058243567,-13.6018962564969,1107.89682593308,                 161P   1676
7970.59919597437,-26.7811458150033,1102.58822735184,                 161P   1677
7944.25296765667,-39.5972365070482,1097.43063432755,                 161P   1678
7917.89184023378,-52.0487675354702,1092.42485274028,                 161P   1679
7891.51573419271,-64.133793333726,1087.57190925993,                  161P   1680
7865.12454823618,-75.8498353014388,1082.87304423769,                 161P   1681
7838.71815998369,-87.1938989658803,1078.32970993395,                 161P   1682
7812.29642614671,-98.1624782603678,1073.94354436745,                 161P   1683
7785.85918510845,-108.751618657816,1069.71638196841,                 161P   1684
7759.40625587325,-118.956891451927,1065.6502006536,                  161P   1685
7732.93744328798,-128.773521529214,1060.44616209414,                 161P   1686
7697.62422972839,-141.337181998582,1054.35462747571,                 161P   1687
7653.44191307262,-156.04344749006,1047.7260782033,                   161P   1688
7600.35591274342,-172.046181042357,1041.79967052278,                 161P   1689
7547.20063495379,-186.353794840823,1037.46378418321,                 161P   1690
7502.84509560991,-196.821550446715,1034.36701262339,                 161P   1691
7467.32396657044,-204.297818345992,1032.2327800598,                  161P   1692
7440.66453644516,-209.450311546286,1030.28918807373,                 161P   1693
7413.98629658807,-214.142557678769,1028.34375768048,                 161P   1694
7384.32268187598,-218.839242118825,1026.48125700935,                 161P   1695
7351.66532858179,-223.335716498976,1024.79899690767,                 161P   1696
7316.00463543919,-227.397051651898,1023.46877820191,                 161P   1697
7280.30920780122,-230.608483692259,1022.49170793282,                 161P   1698
7244.57893644065,-232.967339987293,1021.86734235101,                 161P   1699
7208.81386514041,-234.474691842774,1021.59383426812,                 161P   1700
7173.01417615511,-235.134998765919,1021.66816391982,                 161P   1701
7137.18016743261,-234.955551112701,1022.0863252312,                  161P   1702
7101.31223423605,-233.946020403499,1022.84357174659,                 161P   1703
7065.41084487896,-232.117865595986,1024.29818183639,                 161P   1704
7017.49842451645,-228.606126189219,1026.67257638181,                 161P   1705
6963.52414026936,-222.873830675233,1030.23196850159,                 161P   1706
6903.46182463589,-214.280697945879,1033.47662016639,                 161P   1707
6858.35834438101,-206.447415891536,1036.40772306851,                 161P   1708
6822.24246943906,-199.371107512529,1038.77149963208,                 161P   1709
6795.13923901322,-193.664446074335,1041.29857155543,                 161P   1710
6768.01989689712,-187.563554763882,1043.98696145911,                 161P   1711
6740.88463819078,-181.073207397488,1046.83483767247,                 161P   1712
6713.73364361765,-174.197826019224,1049.84055540314,                 161P   1713
6686.56707546282,-166.941381509183,1053.00265678555,                 161P   1714
6659.38507756787,-159.30739346616,1056.31989334027,                  161P   1715
6632.18777311524,-151.298875986171,1059.79123150503,                 161P   1716
6604.97526408231,-142.918324309209,1063.41585858672,                 161P   1717
6577.74763065423,-134.167700450056,1067.19318888025,                 161P   1718
6550.50493062011,-125.048418425855,1069.81297338584,                 161P   1719
6532.33310965921,-118.723699141973,1071.14823744019,                 161P   1720
6523.24469584609,-115.500086552617,1118.98993974555,                 161P   1721
8023.2446958461,-6.06613257015972D-13,1116.96770401062,              161P   1722
8014.47496869548,-4.5192530082316,1112.97658387619,                  161P   1723
7996.93058243567,-13.438530500056,1107.1500787925,                   161P   1724
7970.59919597438,-26.4594905059255,1101.48412510987,                 161P   1725
7944.25296765667,-39.1216533697444,1095.97934211637,                 161P   1726
7917.89184023378,-51.423635118643,1090.63658994087,                  161P   1727
7891.51573419271,-63.3635135533323,1085.45696436487,                 161P   1728
7865.12454823619,-74.938839842697,1080.44178923543,                  161P   1729
7838.71815998369,-86.146655479165,1075.59261457366,                  161P   1730
7812.2964261467,-96.9834965057118,1070.91118866365,                  161P   1731
7785.85918510844,-107.445455891155,1066.39946942263,                 161P   1732
7759.40625587325,-117.528158120232,1062.05956791335,                 161P   1733
7732.93744328798,-127.22688543102,1056.50521284408,                  161P   1734
7697.62422972838,-139.639649888717,1050.00361878382,                 161P   1735
7653.44191307261,-154.169285582326,1042.9288602415,                  161P   1736
7600.3559127434,-169.979818089812,1036.60350885011,                  161P   1737
7547.2006349538,-184.115590101887,1031.97574677748,                  161P   1738
7502.84509560992,-194.457622589431,1028.6705120804,                  161P   1739
7467.32396657045,-201.844096673369,1026.39261092284,                 161P   1740
7440.66453644516,-206.934705785345,1024.31818355704,                 161P   1741
7413.98629658807,-211.57059563306,1022.24179402932,                  161P   1742
7384.32268187598,-216.210870481992,1020.25391674402,                 161P   1743
7351.66532858179,-220.653339896617,1018.45841315256,                 161P   1744
7316.00463543918,-224.665896329504,1017.03864907373,                 161P   1745
7280.30920780122,-227.838757422505,1015.99580607014,                 161P   1746
7244.57893644064,-230.169282642538,1015.32941052083,                 161P   1747
7208.81386514043,-231.658530428451,1015.03749089162,                 161P   1748
7173.01417615512,-232.310906726488,1015.11682413886,                 161P   1749
7137.18016743262,-232.133614331702,1015.56313451361,                 161P   1750
7101.31223423604,-231.13620860455,1016.37135604644,                  161P   1751
7065.41084487896,-229.330010874742,1017.92388507438,                 161P   1752
7017.49842451644,-225.860449260966,1020.45811502468,                 161P   1753
6963.52414026936,-220.197001558721,1024.25711217623,                 161P   1754
6903.46182463589,-211.707076764647,1027.72018171665,                 161P   1755
6858.35834438102,-203.967876448916,1030.8485955585,                  161P   1756
6822.24246943905,-196.976558166095,1033.37149276391,                 161P   1757
6795.13923901322,-191.338436661232,1036.06867776505,                 161P   1758
6768.01989689711,-185.310820187251,1038.93804007262,                 161P   1759
6740.88463819077,-178.898425224483,1041.97762471474,                 161P   1760
6713.73364361767,-172.105620705982,1045.18567617773,                 161P   1761
6686.56707546281,-164.936329819533,1048.56063845795,                 161P   1762
6659.38507756787,-157.394029891738,1052.10117903296,                 161P   1763
6632.18777311525,-149.481698817778,1055.80619476493,                 161P   1764
6604.97526408231,-141.201801868531,1059.67481825329,                 161P   1765
6577.74763065423,-132.556277493973,1063.70642436544,                 161P   1766
6550.50493062011,-123.546522728178,1066.50256301482,                 161P   1767
6532.33310965921,-117.297766569627,1067.92771207634,                 161P   1768
6523.2446958461,-114.11287122228,1118.98993974555,                   161P   1769
8023.24469584609,-6.0367206057533D-13,1116.84175137676,              161P   1770
8014.47496869548,-4.46075911165844,1112.60204890136,                 161P   1771
7996.93058243567,-13.2645920169186,1106.41264662977,                 161P   1772
7970.59919597437,-26.1170182658866,1100.39379551914,                 161P   1773
7944.25296765668,-38.6152913798729,1094.5461534292,                  161P   1774
7917.89184023378,-50.7580452991383,1088.87063406096,                 161P   1775
7891.51573419271,-62.5433827039308,1083.36840144543,                 161P   1776
7865.12454823618,-73.9688864590101,1078.04086188392,                 161P   1777
7838.71815998369,-85.0316363495554,1072.88966193888,                 161P   1778
7812.29642614672,-95.728213253463,1067.91665878424,                  161P   1779
7785.85918510845,-106.054760709295,1063.12393228386,                 161P   1780
7759.40625587325,-116.00695983525,1058.51372498563,                  161P   1781
7732.93744328798,-125.580153932657,1052.61342328002,                 161P   1782
7697.62422972839,-137.832256670585,1045.70688488907,                 161P   1783
7653.44191307262,-152.173831415634,1038.19148312354,                 161P   1784
7600.35591274341,-167.779723985596,1031.472164474,                   161P   1785
7547.20063495379,-181.73253293175,1026.55616754731,                  161P   1786
7502.84509560991,-191.940705735497,1023.04507009723,                 161P   1787
7467.32396657044,-199.231574716044,1020.62529247812,                 161P   1788
7440.66453644516,-204.256294717064,1018.42166178259,                 161P   1789
7413.98629658807,-208.832181006496,1016.21594671411,                 161P   1790
7384.32268187598,-213.412395540906,1014.1042567716,                  161P   1791
7351.66532858179,-217.797364889479,1012.19692229783,                 161P   1792
7316.00463543919,-221.757985734661,1010.6887298414,                  161P   1793
7280.30920780122,-224.889779640611,1009.58093455714,                 161P   1794
7244.57893644065,-227.190140251377,1008.87303332521,                 161P   1795
7208.81386514042,-228.660112306144,1008.56293181663,                 161P   1796
7173.01417615512,-229.304044723824,1008.64720624421,                 161P   1797
7137.18016743261,-229.129047071771,1009.12131454886,                 161P   1798
7101.31223423605,-228.144551032867,1009.97987523308,                 161P   1799
7065.41084487896,-226.361731401829,1011.62910175125,                 161P   1800
7017.49842451645,-222.937077249049,1014.321173308,                   161P   1801
6963.52414026936,-217.346933060357,1018.35678664085,                 161P   1802
6903.46182463589,-208.966895626411,1022.03554949651,                 161P   1803
6858.35834438101,-201.32786584373,1025.35881300715,                  161P   1804
6822.24246943906,-194.427038057413,1028.03884597201,                 161P   1805
6795.13923901322,-188.86189226238,1030.90402204808,                  161P   1806
6768.01989689711,-182.912292835457,1033.9520992967,                  161P   1807
6740.88463819078,-176.582895210315,1037.18100098278,                 161P   1808
6713.73364361766,-169.87801177174,1040.58886225248,                  161P   1809
6686.56707546282,-162.801514928653,1044.17403018827,                 161P   1810
6659.38507756787,-155.356836999694,1047.93508927306,                 161P   1811
6632.18777311524,-147.546917336347,1051.87086766138,                 161P   1812
6604.97526408232,-139.374189300835,1055.98044392756,                 161P   1813
6577.74763065423,-130.840566253259,1060.26315400338,                 161P   1814
6550.50493062011,-121.947427145507,1063.23344694223,                 161P   1815
6532.33310965921,-115.779550303911,1064.74735977882,                 161P   1816
6523.24469584609,-112.635877906176,1118.98993974555,                 161P   1817
8023.2446958461,-6.00701851725582D-13,1116.71748882416,              161P   1818
8014.47496869548,-4.39875572519099,1112.23253958199,                 161P   1819
7996.93058243568,-13.0802176526969,1105.68510961761,                 161P   1820
7970.59919597438,-25.7539985339568,1099.31809639347,                 161P   1821
7944.25296765667,-38.0785489163037,1093.13219582334,                 161P   1822
7917.89184023378,-50.052521727872,1087.12837446154,                  161P   1823
7891.51573419271,-61.6740460211588,1081.30786367275,                 161P   1824
7865.12454823619,-72.9407382584722,1075.67215110621,                 161P   1825
7838.71815998369,-83.8497188152142,1070.22297857021,                 161P   1826
7812.2964261467,-94.3976160941857,1064.96231066742,                  161P   1827
7785.85918510844,-104.580627237755,1059.89234757201,                 161P   1828
7759.40625587325,-114.394493395451,1055.01546155266,                 161P   1829
7732.93744328798,-123.834622595496,1048.77385525678,                 161P   1830
7697.62422972838,-135.916424305709,1041.46780623512,                 161P   1831
7653.44191307261,-150.058654907933,1033.51767396795,                 161P   1832
7600.3559127434,-165.447629647551,1026.40967446562,                  161P   1833
7547.2006349538,-179.206498193935,1021.20931033187,                  161P   1834
7502.84509560992,-189.272780062163,1017.49511247499,                 161P   1835
7467.32396657045,-196.46230786831,1014.93536214769,                  161P   1836
7440.66453644516,-201.417185573813,1012.60426182277,                 161P   1837
7413.98629658807,-205.929468239078,1010.27095655379,                 161P   1838
7384.32268187598,-210.446018987846,1008.03711532027,                 161P   1839
7351.6653285818,-214.770038407864,1006.01945055434,                  161P   1840
7316.00463543919,-218.675607657841,1004.42401628653,                 161P   1841
7280.30920780121,-221.763870446547,1003.25214027651,                 161P   1842
7244.57893644064,-224.032256645694,1002.50329030127,                 161P   1843
7208.81386514042,-225.481796472869,1002.17525088483,                 161P   1844
7173.01417615512,-226.116778398142,1002.26440019007,                 161P   1845
7137.18016743262,-225.944213167745,1002.76593342123,                 161P   1846
7101.31223423604,-224.973401366621,1003.6741577866,                  161P   1847
7065.41084487896,-223.215362462771,1005.41878427059,                 161P   1848
7017.49842451644,-219.838310108165,1008.26657945395,                 161P   1849
6963.52414026936,-214.32586746351,1012.53563396045,                  161P   1850
6903.46182463589,-206.062310360963,1016.42719587484,                 161P   1851
6858.35834438102,-198.52946109689,1019.94269448591,                  161P   1852
6822.24246943906,-191.724553014253,1022.77775470168,                 161P   1853
6795.13923901322,-186.236761292112,1025.80866768335,                 161P   1854
6768.01989689711,-180.369859743142,1029.03306180664,                 161P   1855
6740.88463819077,-174.128439091702,1032.44874020721,                 161P   1856
6713.73364361767,-167.516751781556,1036.05373015819,                 161P   1857
6686.56707546282,-160.538616396154,1039.84628312858,                 161P   1858
6659.38507756787,-153.197417545799,1043.82490172032,                 161P   1859
6632.18777311525,-145.496053725762,1047.98834630222,                 161P   1860
6604.97526408231,-137.436924475164,1052.33564214848,                 161P   1861
6577.74763065423,-129.021916558901,1056.86608677765,                 161P   1862
6550.50493062011,-120.25238976179,1060.00819713619,                  161P   1863
6532.33310965921,-114.170244797195,1061.60968268113,                 161P   1864
6523.2446958461,-111.070268624637,1118.98993974555,                  161P   1865
8023.2446958461,-5.97704967270289D-13,1116.59501411603,              161P   1866
8014.47496869548,-4.33329162982861,1111.8683466285,                  161P   1867
7996.93058243567,-12.8855524634315,1104.96804014373,                 161P   1868
7970.59919597438,-25.3707169149447,1098.25787403609,                 161P   1869
7944.25296765668,-37.5118482597424,1091.73858172591,                 161P   1870
7917.89184023379,-49.3076194736377,1085.41118186038,                 161P   1871
7891.51573419271,-60.7561874533387,1079.2769721691,                  161P   1872
7865.12454823618,-71.8552041339444,1073.33752047879,                 161P   1873
7838.71815998369,-82.6018327466165,1067.59466247322,                 161P   1874
7812.29642614672,-92.9927518716548,1062.05046863819,                 161P   1875
7785.85918510844,-103.024215247123,1056.70725772717,                 161P   1876
7759.40625587325,-112.692027404514,1051.5675298633,                  161P   1877
7732.93744328798,-121.991664711671,1044.9895295436,                  161P   1878
7697.62422972839,-133.893660070108,1037.28971790509,                 161P   1879
7653.44191307262,-147.82542016871,1028.91110988081,                  161P   1880
7600.35591274341,-162.985369844693,1021.42002172463,                 161P   1881
7547.20063495379,-176.539473239549,1015.93938175589,                 161P   1882
7502.84509560991,-186.455944552853,1012.0250056271,                  161P   1883
7467.32396657044,-193.538474843495,1009.3272964681,                  161P   1884
7440.66453644515,-198.419612017155,1006.87056050052,                 161P   1885
7413.98629658806,-202.864741032352,1004.41150075249,                 161P   1886
7384.32268187597,-207.314074611677,1002.05726569637,                 161P   1887
7351.66532858179,-211.573742192821,999.93085803043,                  161P   1888
7316.00463543919,-215.421187151797,998.249437154756,                 161P   1889
7280.30920780123,-218.463489141054,997.014402389151,                 161P   1890
7244.57893644065,-220.69811628202,996.225192826272,                  161P   1891
7208.81386514042,-222.126083460151,995.879473586076,                 161P   1892
7173.01417615512,-222.751615322749,995.973427631008,                 161P   1893
7137.18016743262,-222.581618279218,996.501991208801,                 161P   1894
7101.31223423604,-221.625254499379,997.459164712301,                 161P   1895
7065.41084487896,-219.893379454953,999.297818582066,                 161P   1896
7017.49842451645,-216.566585785125,1002.29909689705,                 161P   1897
6963.52414026936,-211.136181583497,1006.7982339104,                  161P   1898
6903.4618246359,-202.995606143039,1010.89953320795,                  161P   1899
6858.35834438101,-195.574863845884,1014.60450111065,                 161P   1900
6822.24246943906,-188.871229209533,1017.59235810156,                 161P   1901
6795.13923901323,-183.465109065236,1020.78662342641,                 161P   1902
6768.01989689711,-177.685521162778,1024.18479764126,                 161P   1903
6740.88463819077,-171.536987905467,1027.78456548077,                 161P   1904
6713.73364361766,-165.023698450446,1031.58384789717,                 161P   1905
6686.56707546282,-158.149414551432,1035.58080212162,                 161P   1906
6659.38507756787,-150.917470447564,1039.77385005316,                 161P   1907
6632.18777311524,-143.330721497512,1044.16168525012,                 161P   1908
6604.97526408232,-135.391531529465,1048.74328045348,                 161P   1909
6577.74763065423,-127.101759228709,1053.51789532124,                 161P   1910
6550.50493062011,-118.462744143181,1056.82935105286,                 161P   1911
6532.33310965922,-112.471116166308,1058.51714934182,                 161P   1912
6523.2446958461,-109.417275116603,1118.98993974555,                  161P   1913
8023.2446958461,-5.94683765000067D-13,1116.47442360903,              161P   1914
8014.47496869548,-4.26441832925412,1111.50975656871,                 161P   1915
7996.93058243568,-12.6807496013825,1104.26200236064,                 161P   1916
7970.59919597437,-24.9674749545273,1097.21396257415,                 161P   1917
7944.25296765668,-36.9156352602497,1090.36640755915,                 161P   1918
7917.89184023378,-48.5239245860739,1083.72040725427,                 161P   1919
7891.51573419271,-59.7905291229769,1077.27732473302,                 161P   1920
7865.12454823619,-70.7131381261802,1071.03880676615,                 161P   1921
7838.71815998369,-81.2889599144267,1065.0067814687,                  161P   1922
7812.2964261467,-91.5147258586315,1059.18342358062,                  161P   1923
7785.85918510845,-101.386749239915,1053.57116861043,                 161P   1924
7759.40625587325,-110.900901272511,1048.17264256872,                 161P   1925
7732.93744328798,-120.052730222834,1041.26342344881,                 161P   1926
7697.62422972838,-131.765555367543,1033.17590699897,                 161P   1927
7653.44191307261,-145.475884188778,1024.37541506432,                 161P   1928
7600.35591274341,-160.39488175262,1016.50713184719,                  161P   1929
7547.2006349538,-173.733556342568,1010.75052792184,                  161P   1930
7502.84509560992,-183.492415344552,1006.63905314574,                 161P   1931
7467.32396657045,-190.46237595856,1003.80550757027,                  161P   1932
7440.66453644516,-195.265932379196,1001.22506879027,                 161P   1933
7413.98629658807,-199.640410551362,998.642189221655,                 161P   1934
7384.32268187598,-204.019026460345,996.169412530873,                 161P   1935
7351.6653285818,-208.210990920925,993.935934910292,                  161P   1936
7316.00463543919,-211.997284622208,992.169850279967,                 161P   1937
7280.30920780121,-214.991232289339,990.87262841899,                  161P   1938
7244.57893644064,-217.190342285393,990.043680176895,                 161P   1939
7208.81386514042,-218.595613365256,989.680553106604,                 161P   1940
7173.01417615512,-219.211203029708,989.77923797314,                  161P   1941
7137.18016743261,-219.043907917755,990.334416051627,                 161P   1942
7101.31223423605,-218.102744575755,991.339785639658,                 161P   1943
7065.41084487897,-216.398395938663,993.271020339329,                 161P   1944
7017.49842451644,-213.124478299329,996.42342053853,                  161P   1945
6963.52414026936,-207.780384896231,1001.14910037509,                 161P   1946
6903.46182463589,-199.769195693083,1005.45691036992,                 161P   1947
6858.35834438102,-192.466398611339,1009.34843269096,                 161P   1948
6822.24246943906,-185.869311487293,1012.48673576879,                 161P   1949
6795.13923901322,-180.54911617092,1015.8418403574,                   161P   1950
6768.01989689712,-174.861388989782,1019.41112115961,                 161P   1951
6740.88463819077,-168.810580468145,1023.19214633068,                 161P   1952
6713.73364361767,-162.400813180725,1027.18273213754,                 161P   1953
6686.56707546282,-155.635789091955,1031.38094302335,                 161P   1954
6659.38507756787,-148.518789446608,1035.78512142579,                 161P   1955
6632.18777311524,-141.052624220306,1040.39389512062,                 161P   1956
6604.97526408231,-133.239619670573,1045.20618512369,                 161P   1957
6577.74763065423,-125.081604940767,1050.22121381498,                 161P   1958
6550.50493062011,-116.579898288061,1053.69940964102,                 161P   1959
6532.33310965921,-110.68350119566,1055.47219280337,                  161P   1960
6523.2446958461,-107.678197869812,1118.98993974555,                  161P   1961
8023.2446958461,-5.91640621837332D-13,1116.35581217737,              161P   1962
8014.47496869548,-4.19219000937161,1111.1570515223,                  161P   1963
7996.93058243567,-12.46597019471,1103.56755174142,                   161P   1964
7970.59919597438,-24.5445899023491,1096.18718330184,                 161P   1965
7944.25296765667,-36.2903789869718,1089.01675287693,                 161P   1966
7917.89184023378,-47.7020536352532,1082.05738085498,                 161P   1967
7891.51573419271,-58.7778307594461,1075.31049458107,                 161P   1968
7865.12454823618,-69.5154387528701,1068.77781847434,                 161P   1969
7838.71815998369,-79.9121332181931,1062.46137156418,                 161P   1970
7812.29642614672,-89.9647008885338,1056.36343113371,                 161P   1971
7785.85918510844,-99.6695174885825,1050.48654753037,                 161P   1972
7759.40625587325,-109.022524163626,1044.83347058621,                 161P   1973
7732.93744328798,-118.019344581038,1037.59846847506,                 161P   1974
7697.62422972839,-129.533784479282,1029.12961004502,                 161P   1975
7653.44191307262,-143.011895459925,1019.91415796261,                 161P   1976
7600.3559127434,-157.67820343162,1011.67487003455,                   161P   1977
7547.2006349538,-170.790955051373,1005.64683114474,                  161P   1978
7502.84509560991,-180.384523986752,1001.3414924127,                  161P   1979
7467.32396657044,-187.236431326916,998.374339704885,                 161P   1980
7440.66453644515,-191.958627809823,995.672228265519,                 161P   1981
7413.98629658806,-196.25901353037,992.967560949642,                  161P   1982
7384.32268187598,-200.563466905076,990.378188074401,                 161P   1983
7351.66532858179,-204.684430228661,988.039397681491,                 161P   1984
7316.00463543919,-208.406593816174,986.190038758708,                 161P   1985
7280.30920780123,-211.349831681141,984.831650388047,                 161P   1986
7244.57893644065,-213.51169438859,983.96361563948,                   161P   1987
7208.81386514042,-214.89316377705,983.583366428302,                  161P   1988
7173.01417615512,-215.498326929898,983.686704476399,                 161P   1989
7137.18016743261,-215.333865368484,984.26806027077,                  161P   1990
7101.31223423604,-214.408642921979,985.320834971593,                 161P   1991
7065.41084487896,-212.733161583787,987.343131107638,                 161P   1992
7017.49842451645,-209.514695720586,990.644173048925,                 161P   1993
6963.52414026936,-204.261117566694,995.592677793218,                 161P   1994
6903.46182463589,-196.385617381775,1000.10360932775,                 161P   1995
6858.35834438101,-189.206510970817,1004.17862442277,                 161P   1996
6822.24246943905,-182.721161599096,1007.46490453624,                 161P   1997
6795.13923901323,-177.491076759577,1010.97820876941,                 161P   1998
6768.01989689711,-171.899685103362,1014.71578803721,                 161P   1999
6740.88463819077,-165.951361774242,1018.67509582876,                 161P   2000
6713.73364361766,-159.650159521081,1022.85384544378,                 161P   2001
6686.56707546282,-152.99971760652,1027.25001006018,                  161P   2002
6659.38507756786,-146.003261699451,1031.8618539584,                  161P   2003
6632.18777311524,-138.663554181708,1036.68794021115,                 161P   2004
6604.97526408231,-130.982881909978,1041.72713895815,                 161P   2005
6577.74763065423,-122.963043046612,1046.97863591305,                 161P   2006
6550.50493062011,-114.605333520888,1050.62083537259,                 161P   2007
6532.33310965921,-108.808806287038,1052.47720867609,                 161P   2008
6523.24469584609,-105.854405099115,1118.98993974555,                 161P   2009
8023.2446958461,-5.88577931966764D-13,1116.23927313832,              161P   2010
8014.47496869548,-4.11666349556336,1110.81050897914,                 161P   2011
7996.93058243568,-12.2413832203754,1102.88523464354,                 161P   2012
7970.59919597437,-24.1023944617729,1095.17834403543,                 161P   2013
7944.25296765668,-35.6365713581355,1087.69067951702,                 161P   2014
7917.89184023378,-46.8426532253238,1080.42341104481,                 161P   2015
7891.51573419272,-57.7188890997083,1073.37802911245,                 161P   2016
7865.12454823619,-68.2630482998837,1066.55633443081,                 161P   2017
7838.71815998369,-78.4724358715932,1059.96043535518,                 161P   2018
7812.29642614671,-88.3438964381858,1053.59270992017,                 161P   2019
7785.85918510845,-97.873871019311,1047.4558213057,                   161P   2020
7759.40625587325,-107.058373884601,1041.55264100182,                 161P   2021
7732.93744328798,-115.893107545457,1033.99754801743,                 161P   2022
7697.62422972838,-127.200103243409,1025.15401045827,                 161P   2023
7653.44191307262,-140.435392516829,1015.53084845968,                 161P   2024
7600.35591274341,-154.837472219034,1006.92703805778,                 161P   2025
7547.2006349538,-167.713984447432,1000.63230674653,                  161P   2026
7502.84509560992,-177.134715602305,996.136491271975,                 161P   2027
7467.32396657046,-183.863178949432,993.038065831027,                 161P   2028
7440.66453644516,-188.500300319551,990.216407611038,                 161P   2029
7413.98629658807,-192.723210271878,987.392080437479,                 161P   2030
7384.32268187598,-196.950114595488,984.688148559758,                 161P   2031
7351.6653285818,-200.996834625553,982.245885431437,                  161P   2032
7316.00463543919,-204.651939697357,980.314707194235,                 161P   2033
7280.30920780122,-207.542152175893,978.896221022214,                 161P   2034
7244.57893644064,-209.665066755211,977.989782691111,                 161P   2035
7208.81386514042,-211.021647585041,977.592710499074,                 161P   2036
7173.01417615511,-211.615908115842,977.700620427809,                 161P   2037
7137.18016743262,-211.454409494648,978.307696557983,                 161P   2038
7101.31223423605,-210.545855859843,979.407048104007,                 161P   2039
7065.41084487896,-208.900560000875,981.518814640492,                 161P   2040
7017.49842451645,-205.740078032943,984.965901238217,                 161P   2041
6963.52414026936,-200.581148366382,990.133337667725,                 161P   2042
6903.4618246359,-192.847533227733,994.843841779007,                  161P   2043
6858.35834438102,-185.797765629726,999.099143641062,                 161P   2044
6822.24246943906,-179.42925634106,1002.53081531837,                  161P   2045
6795.13923901322,-174.293396733213,1006.19955511363,                 161P   2046
6768.01989689711,-168.802739613884,1010.10249231683,                 161P   2047
6740.88463819078,-162.961581304253,1014.23696775435,                 161P   2048
6713.73364361767,-156.77390153884,1018.60059355776,                  161P   2049
6686.56707546282,-150.243274015317,1023.19125323433,                 161P   2050
6659.38507756788,-143.37286628891,1028.00713427282,                  161P   2051
6632.18777311524,-136.165390974372,1033.04673617342,                 161P   2052
6604.97526408232,-128.623093728364,1038.30887908858,                 161P   2053
6577.74763065424,-120.747740317542,1043.79271270632,                 161P   2054
6550.50493062011,-112.540603323714,1047.59605030896,                 161P   2055
6532.33310965922,-106.848506350225,1049.53455325701,                 161P   2056
6523.2446958461,-103.947331667212,1118.98993974555,                  161P   2057
8023.2446958461,-5.85498104950743D-13,1116.12489817855,              161P   2058
8014.47496869548,-4.037898208198,1110.47040158028,                   161P   2059
7996.93058243567,-12.0071653718318,1102.2155878774,                  161P   2060
7970.59919597438,-23.6412365293769,1094.18823847542,                 161P   2061
7944.25296765667,-34.9547267558794,1086.38923076265,                 161P   2062
7917.89184023378,-45.946399488227,1078.81978334334,                  161P   2063
7891.51573419271,-56.614537264473,1071.48144868709,                  161P   2064
7865.12454823617,-66.9569520834697,1064.37610237978,                 161P   2065
7838.71815998369,-76.9710005542836,1057.50594044383,                 161P   2066
7812.29642614672,-86.6535876729766,1050.87343979448,                 161P   2067
7785.85918510845,-96.0012225541777,1044.48137434884,                 161P   2068
7759.40625587325,-105.009995727625,1038.33273499587,                 161P   2069
7732.93744328798,-113.675691929785,1030.46349508653,                 161P   2070
7697.62422972839,-124.766347680021,1021.25223602672,                 161P   2071
7653.44191307262,-137.748402419183,1011.22893510776,                 161P   2072
7600.35591274341,-151.874923055746,1002.26737125582,                 161P   2073
7547.20063495379,-164.505065332594,995.710899885409,                 161P   2074
7502.84509560992,-173.745546972928,991.028144738583,                 161P   2075
7467.32396657044,-180.345272727184,987.800884242077,                 161P   2076
7440.66453644515,-184.893670742175,984.861899173179,                 161P   2077
7413.98629658807,-189.035782563619,981.920134173452,                 161P   2078
7384.32268187597,-193.181812330909,979.103770604106,                 161P   2079
7351.66532858179,-197.151105321723,976.559956184053,                 161P   2080
7316.00463543919,-200.736276234071,974.548477981529,                 161P   2081
7280.30920780123,-203.571189459541,973.071009998164,                 161P   2082
7244.57893644065,-205.65348571359,972.126881222366,                  161P   2083
7208.81386514042,-206.984110698591,971.713298444902,                 161P   2084
7173.01417615512,-207.567001074526,971.825695356435,                 161P   2085
7137.18016743261,-207.408592452143,972.45801420698,                  161P   2086
7101.31223423604,-206.517422431085,973.603077686426,                 161P   2087
7065.41084487896,-204.903606483282,975.802653196952,                 161P   2088
7017.49842451645,-201.803594911019,979.39307246534,                  161P   2089
6963.52414026936,-196.743372505357,984.775375113917,                 161P   2090
6903.46182463589,-189.157726813185,989.681745825969,                 161P   2091
6858.35834438101,-182.242844413184,994.113986608235,                 161P   2092
6822.24246943905,-175.996185614544,997.688349991262,                 161P   2093
6795.13923901323,-170.958591861636,1001.50963897784,                 161P   2094
6768.01989689711,-165.572989038412,1005.57486349148,                 161P   2095
6740.88463819077,-159.843591263326,1009.88125378797,                 161P   2096
6713.73364361766,-153.774302125512,1014.42632270937,                 161P   2097
6686.56707546282,-147.368626946071,1019.20786575743,                 161P   2098
6659.38507756787,-140.629672674501,1024.22399505524,                 161P   2099
6632.18777311524,-133.560100024327,1029.47314771098,                 161P   2100
6604.97526408231,-126.162111685429,1034.95409481807,                 161P   2101
6577.74763065423,-118.437439639547,1040.66595070786,                 161P   2102
6550.50493062012,-110.387332119821,1044.62743418837,                 161P   2103
6532.33310965921,-104.804143648161,1046.64654166921,                 161P   2104
6523.24469584609,-101.958477961171,1118.98993974555,                 161P   2105
8023.2446958461,-5.82403563835414D-13,1116.01277728244,              161P   2106
8014.47496869548,-3.95595611547046,1110.13699690495,                 161P   2107
7996.93058243568,-11.7635009188042,1101.55913828705,                 161P   2108
7970.59919597437,-23.1614789188622,1093.21764558654,                 161P   2109
7944.25296765668,-34.2453816180418,1085.11343052755,                 161P   2110
7917.89184023379,-45.013997547118,1077.24775940335,                  161P   2111
7891.51573419272,-55.4656440970353,1069.62224543806,                 161P   2112
7865.1245482362,-65.5981776683088,1062.238837617,                    161P   2113
7838.71815998368,-75.4090085130069,1055.09981790199,                 161P   2114
7812.29642614671,-84.8951044348931,1048.20776014018,                 161P   2115
7785.85918510844,-94.0530453900171,1041.56554680351,                 161P   2116
7759.40625587325,-102.87900124399,1035.17628582674,                  161P   2117
7732.93744328798,-111.36884227469,1026.9990900956,                   161P   2118
7697.62422972838,-122.234432534162,1017.42735646819,                 161P   2119
7653.44191307262,-134.953039143042,1007.01180243365,                 161P   2120
7600.35591274341,-148.792886712523,997.6995356177,                   161P   2121
7547.2006349538,-161.166722307965,990.886482474164,                  161P   2122
7502.84509560991,-170.219684510122,986.020471799973,                 161P   2123
7467.32396657045,-176.685480355341,982.666915286336,                 161P   2124
7440.66453644516,-181.141576575516,979.612915607056,                 161P   2125
7413.98629658807,-185.19963147094,976.556027206786,                  161P   2126
7384.32268187598,-189.261524804345,973.6294477122,                   161P   2127
7351.66532858179,-193.150267925511,970.986083339523,                 161P   2128
7316.00463543919,-196.662684055001,968.895887696669,                 161P   2129
7280.30920780122,-199.440067667189,967.360600295907,                 161P   2130
7244.57893644064,-201.480107355089,966.379523866146,                 161P   2131
7208.81386514042,-202.783729629699,965.949755888388,                 161P   2132
7173.01417615512,-203.35479126336,966.066551354758,                  161P   2133
7137.18016743261,-203.199597267338,966.723615450517,                 161P   2134
7101.31223423605,-202.326511985602,967.913489987828,                 161P   2135
7065.41084487897,-200.74544561424,970.199143962309,                  161P   2136
7017.49842451645,-197.708343363268,973.930071148774,                 161P   2137
6963.52414026937,-192.750809334626,979.523005504399,                 161P   2138
6903.46182463589,-185.319101074915,984.62138274341,                  161P   2139
6858.35834438103,-178.544544137715,989.227075392468,                 161P   2140
6822.24246943906,-172.424650370814,992.941318360533,                 161P   2141
6795.13923901322,-167.489285785935,996.912150149691,                 161P   2142
6768.01989689711,-162.212974367096,1001.13646366943,                 161P   2143
6740.88463819077,-156.599844714568,1005.61138078402,                 161P   2144
6713.73364361767,-150.653721200966,1010.33431700277,                 161P   2145
6686.56707546282,-144.378038013019,1015.30298155632,                 161P   2146
6659.38507756787,-137.775839050109,1020.51541268735,                 161P   2147
6632.18777311525,-130.849731031228,1025.96998634162,                 161P   2148
6604.97526408232,-123.601871946512,1031.66542552038,                 161P   2149
6577.74763065424,-116.033958630154,1037.60080989512,                 161P   2150
6550.50493062011,-108.147213984586,1041.71732256712,                 161P   2151
6532.33310965922,-102.677326572998,1043.81544605341,                 161P   2152
6523.2446958461,-99.8894087017207,1118.98993974555,                  161P   2153
8023.24469584609,-5.79296743241004D-13,1115.9029986604,              161P   2154
8014.47496869548,-3.87090168543309,1109.81055725707,                 161P   2155
7996.93058243567,-11.5105815646177,1100.9164023299,                  161P   2156
7970.59919597438,-22.6634990801588,1092.26732897639,                 161P   2157
7944.25296765667,-33.5090940228389,1083.86428253922,                 161P   2158
7917.89184023378,-44.0461809704451,1075.70857600438,                 161P   2159
7891.51573419271,-54.2731134905998,1067.80188208137,                 161P   2160
7865.12454823618,-64.1877940719515,1060.14622162154,                 161P   2161
7838.7181599837,-73.7876886470482,1052.74396073081,                  161P   2162
7812.29642614672,-83.0698302129256,1045.59776816329,                 161P   2163
7785.85918510845,-92.0308722577651,1038.71063267792,                 161P   2164
7759.40625587325,-100.667066996399,1032.08577681018,                 161P   2165
7732.93744328799,-108.974373497162,1023.60705864259,                 161P   2166
7697.62422972839,-119.606349793389,1013.68238098165,                 161P   2167
7653.44191307262,-132.051501944122,1002.88276823886,                 161P   2168
7600.35591274341,-145.593787985495,993.227124858196,                 161P   2169
7547.20063495379,-157.701581819289,986.162850091622,                 161P   2170
7502.84509560991,-166.559902190799,981.117412210045,                 161P   2171
7467.32396657045,-172.886681180345,977.640198080275,                 161P   2172
7440.66453644515,-177.246969784573,974.47358651613,                  161P   2173
7413.98629658807,-181.217775090741,971.303979713522,                 161P   2174
7384.32268187598,-185.192336307136,968.269486771755,                 161P   2175
7351.6653285818,-188.997470100981,965.528652105792,                  161P   2176
7316.00463543919,-192.434368064132,963.361383478077,                 161P   2177
7280.30920780122,-195.152036964316,961.769484542868,                 161P   2178
7244.57893644065,-197.148215090599,960.752232318236,                 161P   2179
7208.81386514042,-198.423809033673,960.306617258905,                 161P   2180
7173.01417615512,-198.982592643929,960.427719391615,                 161P   2181
7137.18016743262,-198.830735372708,961.109011789299,                 161P   2182
7101.31223423604,-197.976421727674,962.342761254067,                 161P   2183
7065.41084487896,-196.429348832263,964.71269546079,                  161P   2184
7017.49842451645,-193.457545334205,968.581195269024,                 161P   2185
6963.52414026936,-188.606600008496,974.380361106601,                 161P   2186
6903.46182463589,-181.334676056747,979.666733738844,                 161P   2187
6858.35834438101,-174.705774445908,984.442254739181,                 161P   2188
6822.24246943905,-168.717460519895,988.293455122244,                 161P   2189
6795.13923901323,-163.888207987212,992.410705673434,                 161P   2190
6768.01989689712,-158.725339095876,996.790784732684,                 161P   2191
6740.88463819078,-153.232893679827,1001.43070803713,                 161P   2192
6713.73364361766,-147.414613886333,1006.32779579666,                 161P   2193
6686.56707546282,-141.27386006592,1011.47967277307,                  161P   2194
6659.38507756787,-134.813610673077,1016.88430487202,                 161P   2195
6632.18777311524,-128.036416381432,1022.54000815461,                 161P   2196
6604.97526408231,-120.944388783581,1028.44545853456,                 161P   2197
6577.74763065423,-113.539188231199,1034.59970174755,                 161P   2198
6550.50493062012,-105.822011333882,1038.86800495647,                 161P   2199
6532.33310965921,-100.469728400857,1041.04349375556,                 161P   2200
6523.2446958461,-97.7417517318107,1118.98993974555,                  161P   2201
8023.2446958461,-5.76180087452752D-13,1115.79564868124,              161P   2202
8014.47496869548,-3.7828018337799,1109.49133946456,                  161P   2203
7996.93058243568,-11.2486062909858,1100.28788568143,                 161P   2204
7970.59919597437,-22.1476887937968,1091.33803631094,                 161P   2205
7944.25296765668,-32.7464432369883,1082.64276957056,                 161P   2206
7917.89184023379,-43.0437111779775,1074.20344410604,                 161P   2207
7891.51573419272,-53.037883656395,1066.02179079625,                  161P   2208
7865.12454823619,-62.7269108992325,1058.09990076865,                 161P   2209
7838.71815998368,-72.1083165131899,1050.44022241176,                 161P   2210
7812.2964261467,-81.1792010228545,1043.04551728697,                  161P   2211
7785.85918510844,-89.9362940814023,1035.9188780889,                  161P   2212
7759.40625587324,-98.375933201441,1029.06363941834,                  161P   2213
7732.93744328798,-106.494169420961,1020.29006942382,                 161P   2214
7697.62422972838,-116.884167074855,1010.02025594374,                 161P   2215
7653.44191307262,-129.046073577069,998.845081060029,                 161P   2216
7600.35591274341,-142.28014373279,988.853657667022,                  161P   2217
7547.2006349538,-154.11237003032,981.543719077251,                   161P   2218
7502.84509560991,-162.769079311181,976.322823473454,                 161P   2219
7467.32396657045,-168.951863868497,972.724687416747,                 161P   2220
7440.66453644516,-173.212914411313,969.447955291165,                 161P   2221
7413.98629658807,-177.093346107703,966.168123766152,                 161P   2222
7384.32268187598,-180.977448231621,963.028104756642,                 161P   2223
7351.66532858179,-184.695979019242,960.191956141975,                 161P   2224
7316.00463543919,-188.054654845719,957.949319622351,                 161P   2225
7280.30920780123,-190.710470915117,956.302061575069,                 161P   2226
7244.57893644065,-192.661216991949,955.249433876105,                 161P   2227
7208.81386514042,-193.90777903334,954.7883223217,                    161P   2228
7173.01417615512,-194.453844998675,954.913635843954,                 161P   2229
7137.18016743261,-194.305443925556,955.618620538534,                 161P   2230
7101.31223423604,-193.470574046216,956.895274281579,                 161P   2231
7065.41084487896,-191.958711782242,959.347624180946,                 161P   2232
7017.49842451644,-189.054545095602,963.350653078767,                 161P   2233
6963.52414026936,-184.314004941165,969.351487919614,                 161P   2234
6903.46182463589,-177.20758646422,974.821696905138,                  161P   2235
6858.35834438102,-170.729555450459,979.763289127994,                 161P   2236
6822.24246943906,-164.877532655401,983.748417004149,                 161P   2237
6795.13923901321,-160.158191576503,988.008847081172,                 161P   2238
6768.01989689711,-155.112827086049,992.541245664109,                 161P   2239
6740.88463819077,-149.745387073306,997.342524710789,                 161P   2240
6713.73364361767,-144.059528516084,1002.40991124001,                 161P   2241
6686.56707546281,-138.05853528495,1007.74094741344,                  161P   2242
6659.38507756787,-131.745318046211,1013.33352840003,                 161P   2243
6632.18777311524,-125.122369421394,1019.18591170104,                 161P   2244
6604.97526408232,-118.191752944273,1025.29672718441,                 161P   2245
6577.74763065423,-110.955091177712,1031.66498740079,                 161P   2246
6550.50493062011,-103.413553497062,1036.08172307015,                 161P   2247
6532.33310965921,-98.1830859369631,1038.33286562187,                 161P   2248
6523.2446958461,-95.5171966985436,1118.98993974555,                  161P   2249
8023.2446958461,-5.73056048485776D-13,1115.69081180073,              161P   2250
8014.47496869547,-3.69172587405236,1109.17959466654,                 161P   2251
7996.93058243567,-10.977781209831,1099.67408281634,                  161P   2252
7970.59919597438,-21.6144538792037,1090.43049869529,                 161P   2253
7944.25296765667,-31.9580292843923,1081.44985262599,                 161P   2254
7917.89184023378,-42.0073768738647,1072.73354784511,                 161P   2255
7891.51573419271,-51.7609264250949,1064.28337203903,                 161P   2256
7865.12454823619,-61.2166775160762,1056.10148496625,                 161P   2257
7838.71815998369,-70.3722133759507,1048.19041537152,                 161P   2258
7812.29642614672,-79.2247043380168,1040.55301545094,                 161P   2259
7785.85918510845,-87.7709587933732,1033.19247940158,                 161P   2260
7759.40625587325,-96.007402433863,1026.1122512661,                   161P   2261
7732.93744328799,-103.930181373957,1017.0507320238,                  161P   2262
7697.62422972839,-114.070026085791,1006.44386246868,                 161P   2263
7653.44191307262,-125.939118595746,994.901917478435,                 161P   2264
7600.35591274341,-138.85456100051,984.582574794645,                  161P   2265
7547.20063495379,-150.401910792959,977.032723453332,                 161P   2266
7502.84509560992,-158.85019834291,971.64047765084,                   161P   2267
7467.32396657045,-164.884124180652,967.924250489646,                 161P   2268
7440.66453644515,-169.042584293223,964.539975761533,                 161P   2269
7413.98629658807,-172.829589461749,961.152499911453,                 161P   2270
7384.32268187598,-176.620176687402,957.909425234484,                 161P   2271
7351.6653285818,-180.249178925774,954.980194002286,                  161P   2272
7316.00463543919,-183.526990187368,952.663953978127,                 161P   2273
7280.30920780122,-186.118863970591,950.962632793956,                 161P   2274
7244.57893644065,-188.022643254303,949.875457772259,                 161P   2275
7208.81386514042,-189.239192665038,949.399212500868,                 161P   2276
7173.01417615512,-189.772111369675,949.528638822649,                 161P   2277
7137.18016743262,-189.627283248764,950.256761169588,                 161P   2278
7101.31223423604,-188.812513966508,951.575314787504,                 161P   2279
7065.41084487897,-187.337051787109,954.108151000805,                 161P   2280
7017.49842451645,-184.502806756381,958.242559617554,                 161P   2281
6963.52414026936,-179.876401379073,964.440342323363,                 161P   2282
6903.46182463589,-172.941079330514,970.09008399211,                  161P   2283
6858.35834438101,-166.619015485451,975.193859655035,                 161P   2284
6822.24246943906,-160.90788788286,979.309779737209,                  161P   2285
6795.13923901323,-156.302171185296,983.710037459841,                 161P   2286
6768.01989689712,-151.378280521218,988.391189715838,                 161P   2287
6740.88463819078,-146.140068729237,993.350047113266,                 161P   2288
6713.73364361766,-140.59110474058,998.583745661449,                  161P   2289
6686.56707546282,-134.734593362288,1004.08974685561,                 161P   2290
6659.38507756787,-128.573375182523,1009.86587678399,                 161P   2291
6632.18777311524,-122.109882809653,1015.91033575891,                 161P   2292
6604.97526408231,-115.346130095141,1022.22170868046,                 161P   2293
6577.74763065424,-108.28370053651,1028.79897569111,                  161P   2294
6550.50493062012,-100.923735354842,1033.36066896775,                 161P   2295
6532.33310965921,-95.8191982224669,1035.68569419263,                 161P   2296
6523.2446958461,-93.2174937950895,1118.98993974555,                  161P   2297
8023.24469584609,-5.69927084179009D-13,1115.58857050192,             161P   2298
8014.47496869548,-3.59774545767096,1108.87556813611,                 161P   2299
7996.93058243568,-10.6983193851728,1099.07547665954,                 161P   2300
7970.59919597437,-21.0642138439168,1089.54543015754,                 161P   2301
7944.25296765668,-31.1444724275192,1080.28647026305,                 161P   2302
7917.89184023379,-40.9379933649204,1071.30004369954,                 161P   2303
7891.51573419271,-50.4432464068255,1062.58799355458,                 161P   2304
7865.12454823618,-59.6582820560456,1054.15254651838,                 161P   2305
7838.71815998369,-68.5807450655626,1045.99630970257,                 161P   2306
7812.29642614671,-77.2078778036101,1038.12222369392,                 161P   2307
7785.85918510844,-85.5365699102117,1030.53358167894,                 161P   2308
7759.40625587324,-93.563338068511,1023.23393443257,                  161P   2309
7732.93744328797,-101.28442650151,1013.89159507298,                  161P   2310
7697.62422972838,-111.166140772332,1002.9560143743,                  161P   2311
7653.44191307262,-122.733081309448,991.056379877557,                 161P   2312
7600.35591274341,-135.319734769362,980.417236623317,                 161P   2313
7547.2006349538,-146.573123206471,972.633412359527,                  161P   2314
7502.84509560991,-154.806342355179,967.074058695954,                 161P   2315
7467.32396657044,-160.686662296402,963.242664163886,                 161P   2316
7440.66453644516,-164.739260320028,959.753509403992,                 161P   2317
7413.98629658806,-168.429859543291,956.261054318078,                 161P   2318
7384.32268187597,-172.123949635109,952.917475455578,                 161P   2319
7351.66532858179,-175.660568215265,949.897466172121,                 161P   2320
7316.00463543919,-178.854936101683,947.50944494022,                  161P   2321
7280.30920780122,-181.380828448139,945.755399129885,                 161P   2322
7244.57893644064,-183.236143144862,944.634532118039,                 161P   2323
7208.81386514042,-184.421722807554,944.143527814589,                 161P   2324
7173.01417615511,-184.941074978961,944.276965110012,                 161P   2325
7137.18016743261,-184.799933753439,945.027652260646,                 161P   2326
7101.31223423604,-184.005906086083,946.38706838426,                  161P   2327
7065.41084487896,-182.568004807652,948.998398208112,                 161P   2328
7017.49842451644,-179.805911268442,953.260933806854,                 161P   2329
6963.52414026936,-175.297280481797,959.650788285594,                 161P   2330
6903.46182463589,-168.538511209912,965.475617715642,                 161P   2331
6858.35834438102,-162.377388402391,970.737561434268,                 161P   2332
6822.24246943905,-156.81164920846,974.98103553132,                   161P   2333
6795.13923901322,-152.323180428994,979.517659006394,                 161P   2334
6768.01989689711,-147.524637450677,984.343882049139,                 161P   2335
6740.88463819077,-142.419775030247,989.456416427073,                 161P   2336
6713.73364361766,-137.012071244507,994.852309393309,                 161P   2337
6686.56707546281,-131.304649315592,1000.52894377378,                 161P   2338
6659.38507756787,-125.300277518696,1006.48407828634,                 161P   2339
6632.18777311524,-119.001326535173,1012.71585747026,                 161P   2340
6604.97526408231,-112.409758949794,1019.2228223711,                  161P   2341
6577.74763065422,-105.52711794891,1026.00392152558,                  161P   2342
6550.50493062011,-98.3545157015125,1030.70698350724,                 161P   2343
6532.33310965921,-93.3799249794027,1033.10406219678,                 161P   2344
6523.24469584609,-90.8444522479146,1118.98993974555,                 161P   2345
8023.2446958461,-5.66795656217558D-13,1115.48900521731,              161P   2346
8014.47496869547,-3.5009345279271,1108.57949904863,                  161P   2347
7996.93058243567,-10.4104406959139,1098.49253812999,                 161P   2348
7970.59919597438,-20.4974016136055,1088.68352697449,                 161P   2349
7944.25296765667,-30.3064127681557,1079.15353770588,                 161P   2350
7917.89184023378,-39.8364020358627,1069.90405939631,                 161P   2351
7891.51573419271,-49.0858803445447,1060.93698908439,                 161P   2352
7865.12454823619,-58.0529506556111,1052.25461864032,                 161P   2353
7838.71815998369,-66.7353210988509,1043.85963149137,                 161P   2354
7812.29642614672,-75.1303082470045,1035.75505430153,                 161P   2355
7785.85918510845,-83.2348854360673,1027.94427665586,                 161P   2356
7759.40625587325,-91.0456630809926,1020.430953268,                   161P   2357
7732.93744328799,-98.5589864681327,1010.81514384068,                 161P   2358
7697.62422972838,-108.174795894528,999.559455524504,                 161P   2359
7653.44191307262,-119.430484209633,987.31149351294,                  161P   2360
7600.35591274341,-131.678446220022,976.360919993297,                 161P   2361
7547.20063495379,-142.629019738622,968.349246700837,                 161P   2362
7502.84509560991,-150.640693030311,962.627158976306,                 161P   2363
7467.32396657045,-156.362780754303,958.683611408268,                 161P   2364
7440.66453644515,-160.306328321954,955.092321695693,                 161P   2365
7413.98629658806,-163.897618034197,951.497635049555,                 161P   2366
7384.32268187598,-167.492304679984,948.056182549327,                 161P   2367
7351.6653285818,-170.933757179885,944.947771195314,                  161P   2368
7316.00463543918,-174.042168533602,942.489847522181,                 161P   2369
7280.30920780122,-176.5000922065,940.684457074485,                   161P   2370
7244.57893644065,-178.305482654022,939.53077991029,                  161P   2371
7208.81386514041,-179.459159818107,939.025402870536,                 161P   2372
7173.01417615512,-179.964536857814,939.162746158325,                 161P   2373
7137.18016743262,-179.827193570038,939.935407512423,                 161P   2374
7101.31223423604,-179.054532216012,941.334616626322,                 161P   2375
7065.41084487897,-177.655323102248,944.022385607042,                 161P   2376
7017.49842451645,-174.967554121784,948.40969465427,                  161P   2377
6963.52414026936,-170.580245074978,954.986593712511,                 161P   2378
6903.46182463589,-164.003346017363,960.981928241696,                 161P   2379
6858.35834438102,-158.00801148875,966.397900202046,                  161P   2380
6822.24246943906,-152.592039528919,970.765589777043,                 161P   2381
6795.13923901322,-148.22434995434,975.435009833493,                  161P   2382
6768.01989689712,-143.554929898338,980.402506650561,                 161P   2383
6740.88463819078,-138.587433081745,985.664695742239,                 161P   2384
6713.73364361767,-133.325243990566,991.218537928486,                 161P   2385
6686.56707546282,-127.771401804853,997.061339424998,                 161P   2386
6659.38507756787,-121.928600308898,1003.19079334256,                 161P   2387
6632.18777311525,-115.799146391923,1009.60498990716,                 161P   2388
6604.97526408231,-109.384949827933,1016.3024274577,                  161P   2389
6577.74763065424,-102.687512278044,1023.28202375229,                 161P   2390
6550.50493062011,-95.707915984096,1028.1227543231,                   161P   2391
6532.33310965922,-90.8671854137929,1030.59000058482,                 161P   2392
6523.2446958461,-88.3999391522824,1118.98993974555,                  161P   2393
8023.24469584609,-5.63664228279753D-13,1115.39219429021,             161P   2394
8014.47496869548,-3.40136924205235,1108.29162036741,                 161P   2395
7996.93058243568,-10.1143716048731,1097.92572591543,                 161P   2396
7970.59919597437,-19.9144630769598,1087.84546733845,                 161P   2397
7944.25296765668,-29.4445095746405,1078.05194640746,                 161P   2398
7917.89184023379,-38.703469464928,1068.54669337179,                  161P   2399
7891.51573419271,-47.689896024349,1059.33165772861,                  161P   2400
7865.12454823618,-56.4019461653648,1050.40919472494,                 161P   2401
7838.71815998369,-64.8373931977242,1041.78206199254,                 161P   2402
7812.29642614671,-72.9936300098333,1033.4533698914,                  161P   2403
7785.85918510845,-80.867716014913,1025.42660173837,                  161P   2404
7759.40625587325,-88.4563580264412,1017.70551331042,                 161P   2405
7732.93744328797,-95.7560052695019,1007.82379904608,                 161P   2406
7697.62422972839,-105.098344624845,996.256858516539,                 161P   2407
7653.44191307262,-116.033925318562,983.67020506489,                  161P   2408
7600.35591274341,-127.933559809902,972.416816635144,                 161P   2409
7547.2006349538,-138.572703059306,964.183597491842,                  161P   2410
7502.84509560991,-146.356527319567,958.303277554465,                 161P   2411
7467.32396657045,-151.915880980609,954.250679533502,                 161P   2412
7440.66453644516,-155.747275510943,950.560080312652,                 161P   2413
7413.98629658807,-159.236430269249,946.865990223256,                 161P   2414
7384.32268187597,-162.728885353576,943.329371645423,                 161P   2415
7351.66532858179,-166.072464214563,940.135003761091,                 161P   2416
7316.00463543919,-169.09247349664,937.609111416296,                  161P   2417
7280.30920780122,-171.480494727465,935.753796720789,                 161P   2418
7244.57893644064,-173.234540536998,934.568217058872,                 161P   2419
7208.81386514042,-174.35540754834,934.048864887808,                  161P   2420
7173.01417615512,-174.846411851565,934.190006113233,                 161P   2421
7137.18016743261,-174.712974556201,934.984033780072,                 161P   2422
7101.31223423604,-173.962287405909,936.42193505756,                  161P   2423
7065.41084487896,-172.602871282913,939.184028594961,                 161P   2424
7017.49842451644,-169.991541460244,943.692659378649,                 161P   2425
6963.52414026936,-165.729005863441,950.451428646104,                 161P   2426
6903.46182463589,-159.3391513876,956.612551449589,                   161P   2427
6858.35834438101,-153.514321960201,962.17829063987,                  161P   2428
6822.24246943906,-148.252378243961,966.666759416394,                 161P   2429
6795.13923901322,-144.008904148837,971.465302391566,                 161P   2430
6768.01989689711,-139.472280675823,976.570164808651,                 161P   2431
6740.88463819077,-134.646057635269,981.977868590847,                 161P   2432
6713.73364361766,-129.533523259656,987.68529051602,                  161P   2433
6686.56707546282,-124.137630295871,993.689662308982,                 161P   2434
6659.38507756786,-118.46099591798,999.988613288371,                  161P   2435
6632.18777311524,-112.505861408117,1006.58018086944,                 161P   2436
6604.97526408231,-106.274082227041,1013.4628218658,                  161P   2437
6577.74763065423,-99.767117329137,1020.63542410852,                  161P   2438
6550.50493062011,-92.9860181777717,1025.61001482733,                 161P   2439
6532.33310965921,-88.2829561981878,1028.14548755718,                 161P   2440
6523.24469584609,-85.8858775097727,1118.98993974555,                 161P   2441
8023.2446958461,-5.60535263939152D-13,1115.29821386615,              161P   2442
8014.47496869548,-3.29912794895966,1108.01215851965,                 161P   2443
7996.93058243567,-9.81034509112671,1097.37548583478,                 161P   2444
7970.59919597438,-19.3158569531504,1087.03191041445,                 161P   2445
7944.25296765667,-28.5594410856334,1076.98256281031,                 161P   2446
7917.89184023378,-37.5400871660609,1067.22901324482,                 161P   2447
7891.51573419271,-46.2563919577351,1057.77326214002,                 161P   2448
7865.12454823619,-54.7065677742836,1048.61772626676,                 161P   2449
7838.7181599837,-62.8884548571999,1039.76523529177,                  161P   2450
7812.29642614671,-70.7995244617305,1031.21898082392,                 161P   2451
7785.85918510845,-78.4369243917582,1022.9825371714,                  161P   2452
7759.40625587325,-85.7974604502466,1015.05975821972,                 161P   2453
7732.93744328799,-92.8776885944929,1004.91991349307,                 161P   2454
7697.62422972838,-101.939207848021,993.050820965776,                 161P   2455
7653.44191307262,-112.546077416275,980.135378542134,                 161P   2456
7600.35591274341,-124.088022420812,968.588028732817,                 161P   2457
7547.2006349538,-134.407365117388,960.139741170513,                  161P   2458
7502.84509560992,-141.957216468045,954.105815323962,                 161P   2459
7467.32396657045,-147.349462277225,949.947355205307,                 161P   2460
7440.66453644516,-151.065689443013,946.160350031255,                 161P   2461
7413.98629658807,-154.449964175329,942.369762800058,                 161P   2462
7384.32268187599,-157.837440029597,938.74076055638,                  161P   2463
7351.6653285818,-161.080514710583,935.462949290005,                  161P   2464
7316.00463543918,-164.009745946417,932.871075502987,                 161P   2465
7280.30920780122,-166.325985973437,930.967296216495,                 161P   2466
7244.57893644065,-168.027307159718,929.750746803984,                 161P   2467
7208.81386514042,-169.114482182759,929.217828098566,                 161P   2468
7173.01417615512,-169.59072745474,929.362656219693,                  161P   2469
7137.18016743262,-169.461301132802,930.177425503133,                 161P   2470
7101.31223423605,-168.733178784958,931.652887684694,                 161P   2471
7065.41084487896,-167.41462516541,934.487132719555,                  161P   2472
7017.49842451645,-164.881788948972,939.113538103636,                 161P   2473
6963.52414026936,-160.747380327102,946.048860162318,                 161P   2474
6903.46182463589,-154.549597613617,952.370924016629,                 161P   2475
6858.35834438102,-148.899855937872,958.082051627557,                 161P   2476
6822.24246943905,-143.796080268623,962.687768331858,                 161P   2477
6795.13923901322,-139.680160181356,967.611659003127,                 161P   2478
6768.01989689712,-135.279902453271,972.849870802768,                 161P   2479
6740.88463819078,-130.598750191477,978.398834799527,                 161P   2480
6713.73364361767,-125.639892787905,984.25534618638,                  161P   2481
6686.56707546282,-120.406194233241,990.416564375148,                 161P   2482
6659.38507756787,-114.900193032259,996.880056757466,                 161P   2483
6632.18777311525,-109.124063096725,1003.64380948185,                 161P   2484
6604.97526408231,-103.079604114309,1010.70623905082,                 161P   2485
6577.74763065423,-96.768231184972,1018.0662042432,                   161P   2486
6550.50493062011,-90.19096416612,1023.17074138311,                   161P   2487
6532.33310965921,-85.629270883918,1025.77244581425,                  161P   2488
6523.2446958461,-83.3042456561043,1118.98993974555,                  161P   2489
8023.24469584609,-5.57411225030779D-13,1115.20713792242,             161P   2490
8014.47496869548,-3.19429105585255,1107.74133348653,                 161P   2491
7996.93058243568,-9.49860025618925,1096.84225101455,                 161P   2492
7970.59919597437,-18.7020540151268,1086.24349660146,                 161P   2493
7944.25296765668,-27.651903362232,1075.94622868965,                  161P   2494
7917.89184023378,-36.3471700798277,1065.9520562396,                  161P   2495
7891.51573419271,-44.7864955222575,1056.26302902424,                 161P   2496
7865.12454823618,-52.9681488106325,1046.8816234369,                  161P   2497
7838.71815998368,-60.8900388174884,1037.81073895295,                 161P   2498
7812.29642614672,-68.5497171543228,1029.05364591925,                 161P   2499
7785.85918510845,-75.9444222597557,1020.61400682314,                 161P   2500
7759.40625587324,-83.0710614391582,1012.49577062666,                 161P   2501
7732.93744328798,-89.9263000917842,1002.10577300223,                 161P   2502
7697.62422972839,-98.6998700633233,989.943866534512,                 161P   2503
7653.44191307262,-108.969683516525,976.709796416334,                 161P   2504
7600.35591274342,-120.14485837098,964.877570152354,                  161P   2505
7547.20063495379,-130.136281737818,956.220860896062,                 161P   2506
7502.84509560991,-137.446220308469,950.038076356267,                 161P   2507
7467.32396657045,-142.667115898577,945.77702582555,                  161P   2508
7440.66453644516,-146.26525194588,941.896594140154,                  161P   2509
7413.98629658807,-149.541984062866,938.012492027262,                 161P   2510
7384.32268187597,-152.821815579305,934.293961250192,                 161P   2511
7351.66532858179,-155.961834580592,930.935285433228,                 161P   2512
7316.00463543919,-158.797983187824,928.279469371376,                 161P   2513
7280.30920780122,-161.04061970159,926.328723300072,                  161P   2514
7244.57893644064,-162.687877744554,925.082161262216,                 161P   2515
7208.81386514042,-163.740505440763,924.536095298434,                 161P   2516
7173.01417615512,-164.201616993965,924.684496371126,                 161P   2517
7137.18016743261,-164.076303472032,925.519366248104,                 161P   2518
7101.31223423604,-163.371318779303,927.031228507784,                 161P   2519
7065.41084487896,-162.094665039596,929.935395186193,                 161P   2520
7017.49842451644,-159.642315146654,934.675935327178,                 161P   2521
6963.52414026936,-155.639286259309,941.78235378397,                  161P   2522
6903.4618246359,-149.638451434173,948.260384779355,                  161P   2523
6858.35834438101,-144.168242462972,954.112407557816,                 161P   2524
6822.24246943906,-139.226650253056,958.831748623323,                 161P   2525
6795.13923901322,-135.241522387327,963.877113099471,                 161P   2526
6768.01989689711,-130.981092321463,969.244553096986,                 161P   2527
6740.88463819076,-126.448693750391,974.930411638086,                 161P   2528
6713.73364361766,-121.647414716282,980.931404852193,                 161P   2529
6686.56707546282,-116.580028200322,987.244622073028,                 161P   2530
6659.38507756786,-111.248992040864,993.867570679051,                 161P   2531
6632.18777311524,-105.656411068896,1000.79818713654,                 161P   2532
6604.97526408231,-99.8040277832313,1008.03484888253,                 161P   2533
6577.74763065423,-93.6932123158111,1015.57638654187,                 161P   2534
6550.50493062012,-87.3249521162119,1020.806854087,                   161P   2535
6532.33310965921,-82.9082164582422,1023.47274331794,                 161P   2536
6523.2446958461,-80.657073912518,1118.98993974555,                   161P   2537
8023.2446958461,-5.53948274034026D-13,1115.10924916393,              161P   2538
8014.47496869549,-3.07501332873614,1107.45024974571,                 161P   2539
7996.93058243567,-9.14391390051242,1096.26912827096,                 161P   2540
7970.59919597438,-18.0037023424993,1085.39610653878,                 161P   2541
7944.25296765667,-26.6193561910403,1074.83237296964,                 161P   2542
7917.89184023379,-34.9899337568191,1064.5795781592,                  161P   2543
7891.51573419271,-43.1141271268121,1054.63982492325,                 161P   2544
7865.12454823619,-50.9902700549645,1045.0156537374,                  161P   2545
7838.7181599837,-58.6163494982455,1035.71003910777,                  161P   2546
7812.29642614671,-65.9900084933451,1026.72633600888,                 161P   2547
7785.85918510844,-73.1085885979288,1018.06830170358,                 161P   2548
7759.40625587326,-79.9691126015906,1009.73998734227,                 161P   2549
7732.93744328799,-86.5683704203916,999.081124464353,                 161P   2550
7697.62422972839,-95.0143273254804,986.604500497749,                 161P   2551
7653.44191307262,-104.900656622425,973.027968162919,                 161P   2552
7600.3559127434,-115.658540304121,960.889555638963,                  161P   2553
7547.2006349538,-125.276874853277,952.008833980215,                  161P   2554
7502.84509560992,-132.31385368242,945.666055570143,                  161P   2555
7467.32396657044,-137.339796292264,941.294740487581,                 161P   2556
7440.66453644516,-140.803574673479,937.313893644647,                 161P   2557
7413.98629658806,-143.957950638995,933.329281393309,                 161P   2558
7384.32268187599,-147.115310269467,929.514525019637,                 161P   2559
7351.6653285818,-150.138078111058,926.068935686688,                  161P   2560
7316.00463543919,-152.868322354971,923.344394232882,                 161P   2561
7280.30920780123,-155.027216785627,921.343168088737,                 161P   2562
7244.57893644065,-156.612964718075,920.064348370912,                 161P   2563
7208.81386514042,-157.626286340638,919.504151685523,                 161P   2564
7173.01417615511,-158.070179569887,919.65639297971,                  161P   2565
7137.18016743262,-157.949545368623,920.512867048434,                 161P   2566
7101.31223423605,-157.270885444214,922.063852245835,                 161P   2567
7065.41084487896,-156.04190311399,925.043170963555,                  161P   2568
7017.49842451645,-153.681126192011,929.906383560609,                 161P   2569
6963.52414026936,-149.827574036895,937.19669705461,                  161P   2570
6903.46182463589,-144.050815831063,943.842362106223,                 161P   2571
6858.35834438103,-138.784869428144,949.845819528332,                 161P   2572
6822.24246943905,-134.027800756809,954.687284474721,                 161P   2573
6795.13923901323,-130.191481182908,959.863209442583,                 161P   2574
6768.01989689711,-126.090139442863,965.369544381941,                 161P   2575
6740.88463819078,-121.726984748504,971.202537682181,                 161P   2576
6713.73364361767,-117.104989831623,977.358820495032,                 161P   2577
6686.56707546282,-112.226824127847,983.835406833911,                 161P   2578
6659.38507756787,-107.094853697526,990.629739575014,                 161P   2579
6632.18777311524,-101.711104775478,997.739701785734,                 161P   2580
6604.97526408231,-96.0772547938039,1005.16362891588,                 161P   2581
6577.74763065424,-90.194622722894,1012.90032132933,                  161P   2582
6550.50493062011,-84.0641591392381,1018.26613933732,                 161P   2583
6532.33310965921,-79.8123484004128,1021.00101462647,                 161P   2584
6523.2446958461,-77.6452655603406,1118.98993974555,                  161P   2585
8023.24469584609,-5.50153052685073D-13,1115.00591421347,             161P   2586
8014.47496869547,-2.94034465506772,1107.14297111454,                 161P   2587
7996.93058243567,-8.74346075735931,1095.66411896349,                 161P   2588
7970.59919597437,-17.2152391881125,1084.5015706292,                  161P   2589
7944.25296765667,-25.4535747786266,1073.65654617663,                 161P   2590
7917.89184023377,-33.4575670795084,1063.13074015387,                 161P   2591
7891.51573419271,-41.2259654575952,1052.92631137022,                 161P   2592
7865.12454823619,-48.7571766389816,1043.04586794915,                 161P   2593
7838.71815998369,-56.0492757410285,1033.49246360177,                 161P   2594
7812.29642614672,-63.1000090223016,1024.26954263892,                 161P   2595
7785.85918510845,-69.9068344657986,1015.3809623716,                  161P   2596
7759.40625587325,-76.4669052463409,1006.83088182435,                 161P   2597
7732.93744328798,-82.7771518642423,995.888194961753,                 161P   2598
7697.62422972838,-90.8532223039679,983.079343705103,                 161P   2599
7653.44191307261,-100.306584745942,969.141295742485,                 161P   2600
7600.35591274341,-110.593332283565,956.679661815874,                 161P   2601
7547.20063495379,-119.79043667385,947.562464480877,                  161P   2602
7502.84509560991,-126.51923452903,941.050790695817,                  161P   2603
7467.32396657045,-131.325068491816,936.563076323904,                 161P   2604
7440.66453644516,-134.637152428468,932.476227571875,                 161P   2605
7413.98629658807,-137.653384073589,928.385513146328,                 161P   2606
7384.32268187597,-140.672468715666,924.469177517268,                 161P   2607
7351.66532858179,-143.562855948999,920.93183910137,                  161P   2608
7316.00463543919,-146.173530509503,918.134748613001,                 161P   2609
7280.30920780122,-148.237877236627,916.080233859647,                 161P   2610
7244.57893644064,-149.754178130165,914.767361756289,                 161P   2611
7208.81386514042,-150.723121838254,914.192248164933,                 161P   2612
7173.01417615512,-151.147574985185,914.348543337196,                 161P   2613
7137.18016743261,-151.032223898514,915.227823580082,                 161P   2614
7101.31223423604,-150.38328554664,916.820108379851,                  161P   2615
7065.41084487896,-149.20812588387,919.878760336028,                  161P   2616
7017.49842451645,-146.950738008412,924.871470459496,                 161P   2617
6963.52414026936,-143.26595024569,932.355910273454,                  161P   2618
6903.4618246359,-137.742182280975,939.178535959331,                  161P   2619
6858.358344381,-132.706855371316,945.341853323994,                   161P   2620
6822.24246943906,-128.158120147097,950.312236700804,                 161P   2621
6795.13923901321,-124.489810273305,955.625986093809,                 161P   2622
6768.01989689711,-120.568084746861,961.278943608299,                 161P   2623
6740.88463819077,-116.396012233656,967.267257735909,                 161P   2624
6713.73364361766,-111.976435276268,973.587469922684,                 161P   2625
6686.56707546282,-107.311906403641,980.236514671329,                 161P   2626
6659.38507756787,-102.404688055788,987.211766766888,                 161P   2627
6632.18777311525,-97.2567177294469,994.511052907313,                 161P   2628
6604.97526408231,-91.8695993946581,1002.13266421842,                 161P   2629
6577.74763065422,-86.2445942577106,1010.07536912095,                 161P   2630
6550.50493062012,-80.3826112659592,1015.58406802154,                 161P   2631
6532.33310965921,-76.3170064547128,1018.39176751477,                 161P   2632
6523.2446958461,-74.2448299259194,1118.98993974555,                  161P   2633
8023.2446958461,-5.4603608752077D-13,1114.89875723943,               161P   2634
8014.47496869549,-2.78932100271191,1106.82432724487,                 161P   2635
7996.93058243568,-8.29437415873376,1095.03673232767,                 161P   2636
7970.59919597437,-16.3310202931964,1083.57394874273,                 161P   2637
7944.25296765668,-24.1462138108976,1072.43722937105,                 161P   2638
7917.89184023379,-31.739100512288,1061.62831433821,                  161P   2639
7891.51573419272,-39.1084939997015,1051.14942051836,                 161P   2640
7865.12454823618,-46.2528828340062,1041.00322618472,                 161P   2641
7838.7181599837,-53.1704409993883,1031.19286718309,                  161P   2642
7812.29642614671,-59.8590305124412,1021.72188046468,                 161P   2643
7785.85918510845,-66.3162399205927,1012.59422708936,                 161P   2644
7759.40625587325,-72.5393686190267,1003.81417794543,                 161P   2645
7732.93744328798,-78.5255047653267,992.577169371213,                 161P   2646
7697.62422972839,-86.1867674872168,979.42380281649,                  161P   2647
7653.44191307263,-95.1545809570746,965.110867937626,                 161P   2648
7600.35591274341,-104.91297472387,952.314057698912,                  161P   2649
7547.2006349538,-113.637692213699,942.951638220673,                  161P   2650
7502.84509560992,-120.020881730846,936.264822169557,                 161P   2651
7467.32396657044,-124.579875719529,931.656403276704,                 161P   2652
7440.66453644516,-127.721842519432,927.459631949466,                 161P   2653
7413.98629658807,-130.58315276134,923.258890974959,                  161P   2654
7384.32268187598,-133.447169462894,919.2372190039,                   161P   2655
7351.66532858181,-136.18909898515,915.604738004644,                  161P   2656
7316.00463543919,-138.665682595804,912.732415128585,                 161P   2657
7280.30920780123,-140.623999173568,910.622640793529,                 161P   2658
7244.57893644066,-142.06241895923,909.274456817551,                  161P   2659
7208.81386514042,-142.981595230135,908.683874592324,                 161P   2660
7173.01417615511,-143.384247373402,908.84437358247,                  161P   2661
7137.18016743263,-143.274821014783,909.747303525765,                 161P   2662
7101.31223423605,-142.659213803181,911.382415466048,                 161P   2663
7065.41084487896,-141.544413358621,914.523334939349,                 161P   2664
7017.49842451645,-139.402970721603,919.650332282033,                 161P   2665
6963.52414026936,-135.907443121258,927.336078517735,                 161P   2666
6903.46182463589,-130.667390064736,934.342210036787,                 161P   2667
6858.35834438103,-125.890690476327,940.671300043842,                 161P   2668
6822.24246943906,-121.575589974778,945.775370124983,                 161P   2669
6795.13923901323,-118.095693916669,951.232041620767,                 161P   2670
6768.01989689711,-114.375398284592,957.037044803061,                 161P   2671
6740.88463819078,-110.417614129933,963.186424570761,                 161P   2672
6713.73364361767,-106.225037994937,969.676629346402,                 161P   2673
6686.56707546282,-101.800091304147,976.504511181006,                 161P   2674
6659.38507756787,-97.1449202928017,983.667374250176,                 161P   2675
6632.18777311524,-92.2613629428988,991.162986797187,                 161P   2676
6604.97526408232,-87.1509408403368,998.989593985056,                 161P   2677
6577.74763065423,-81.8148504128394,1007.14593110877,                 161P   2678
6550.50493062011,-76.253953921442,1012.80279560276,                  161P   2679
6532.33310965922,-72.3971690144742,1015.68601283027,                 161P   2680
6523.2446958461,-70.4314247935361,1118.98993974555,                  161P   2681
8023.2446958461,-5.41948156430196D-13,1114.79732213292,              161P   2682
8014.47496869547,-2.63439624952789,1106.52269802235,                 161P   2683
7996.93058243567,-7.83368717897013,1094.4428462959,                  161P   2684
7970.59919597438,-15.4239610898433,1082.69585914122,                 161P   2685
7944.25296765667,-22.8050823280501,1071.28302050253,                 161P   2686
7917.89184023377,-29.9762441378507,1060.20611364947,                 161P   2687
7891.51573419271,-36.9363260167187,1049.46741042041,                 161P   2688
7865.12454823619,-43.6839004739621,1039.06965549262,                 161P   2689
7838.71815998369,-50.2172429145696,1029.01606246074,                 161P   2690
7812.29642614671,-56.5343341031881,1019.31025596975,                 161P   2691
7785.85918510845,-62.6328965244376,1009.95629528835,                 161P   2692
7759.40625587324,-68.5103795707153,1000.95855719558,                 161P   2693
7732.93744328798,-74.1640331295145,989.442942824876,                 161P   2694
7697.62422972838,-81.3997732118897,975.963457077395,                 161P   2695
7653.44191307261,-89.8694954666643,961.295653142811,                 161P   2696
7600.35591274341,-99.0858875264727,948.181564022858,                 161P   2697
7547.20063495379,-107.326015863047,938.587016543796,                 161P   2698
7502.84509560991,-113.354669613668,931.734410309322,                 161P   2699
7467.32396657045,-117.660447490842,927.011732162545,                 161P   2700
7440.66453644516,-120.627902848659,922.710907802806,                 161P   2701
7413.98629658807,-123.330289903763,918.406015374011,                 161P   2702
7384.32268187598,-126.035233096083,914.284631712316,                 161P   2703
7351.66532858178,-128.624870087722,910.562088464247,                 161P   2704
7316.00463543919,-130.96389903757,907.618550389125,                  161P   2705
7280.30920780122,-132.813446595227,905.456467171756,                 161P   2706
7244.57893644064,-134.171973521685,904.074856873469,                 161P   2707
7208.81386514042,-135.040096809921,903.469631994,                    161P   2708
7173.01417615512,-135.420384806572,903.634110330486,                 161P   2709
7137.1801674326,-135.317036217976,904.559427149652,                  161P   2710
7101.31223423604,-134.735621125238,906.235079386875,                 161P   2711
7065.41084487896,-133.682739041246,909.453873533485,                 161P   2712
7017.49842451645,-131.660236630716,914.707987552153,                 161P   2713
6963.52414026936,-128.358857982688,922.584291037817,                 161P   2714
6903.4618246359,-123.409848490226,929.764129717371,                  161P   2715
6858.35834438101,-118.898456840047,936.250140594497,                 161P   2716
6822.24246943906,-114.823026092926,941.480758902479,                 161P   2717
6795.13923901322,-111.536410778414,947.072720880447,                 161P   2718
6768.01989689711,-108.022748187733,953.021650938332,                 161P   2719
6740.88463819077,-104.284787686323,959.323495913902,                 161P   2720
6713.73364361767,-100.325076044829,965.974616173296,                 161P   2721
6686.56707546281,-96.1459001967629,972.971785718623,                 161P   2722
6659.38507756786,-91.7492871709686,980.312241886262,                 161P   2723
6632.18777311524,-87.1369728640241,987.993697586302,                 161P   2724
6604.97526408231,-82.3103943498102,996.014354472929,                 161P   2725
6577.74763065423,-77.2706816038228,1004.37291648476,                 161P   2726
6550.50493062012,-72.0186489955354,1010.17003496413,                 161P   2727
6532.33310965921,-68.3760780310829,1013.1247375009,                  161P   2728
6523.2446958461,-66.5195153772864,1118.98993974555,                  161P   2729
8023.24469584609,-5.37894976846234D-13,1114.70175079222,             161P   2730
8014.47496869549,-2.47578704625978,1106.23850539686,                 161P   2731
7996.93058243568,-7.36204405283039,1093.88329165748,                 161P   2732
7970.59919597438,-14.4953300302951,1081.86853018712,                 161P   2733
7944.25296765667,-21.432055798577,1070.19553419779,                  161P   2734
7917.89184023379,-28.1714631744326,1058.86612760899,                 161P   2735
7891.51573419271,-34.7124991174149,1047.88263404601,                 161P   2736
7865.12454823619,-41.0538220818578,1037.24786075142,                 161P   2737
7838.7181599837,-47.1938113054893,1026.96509457424,                  161P   2738
7812.29642614672,-53.1305691251633,1017.03804278375,                 161P   2739
7785.85918510844,-58.8619551479377,1007.47085718033,                 161P   2740
7759.40625587326,-64.3855723307759,998.268014312296,                 161P   2741
7732.93744328798,-69.6988361372768,986.489899802884,                 161P   2742
7697.62422972839,-76.4989337189863,972.70314717718,                  161P   2743
7653.44191307263,-84.4587190576921,957.700988474934,                 161P   2744
7600.35591274341,-93.1202194217783,944.28796174712,                  161P   2745
7547.20063495379,-100.864234012766,934.474705134253,                 161P   2746
7502.84509560992,-106.529920359117,927.46589272362,                  161P   2747
7467.32396657044,-110.576460090597,922.635560427547,                 161P   2748
7440.66453644515,-113.365253741657,918.236698138213,                 161P   2749
7413.98629658807,-115.904938068221,913.833675047568,                 161P   2750
7384.32268187598,-118.447024634529,909.618343833616,                 161P   2751
7351.66532858181,-120.880747245326,905.810944659715,                 161P   2752
7316.00463543919,-123.078950183017,902.800308197293,                 161P   2753
7280.30920780122,-124.81714195481,900.588939972093,                  161P   2754
7244.57893644066,-126.093875994749,899.175835661996,                 161P   2755
7208.81386514042,-126.909732148472,898.556814591578,                 161P   2756
7173.01417615511,-127.26712413007,898.725042236154,                  161P   2757
7137.18016743263,-127.1699978542,899.671451789544,                   161P   2758
7101.31223423606,-126.623588043854,901.385300768219,                 161P   2759
7065.41084487896,-125.634096874792,904.677467805121,                 161P   2760
7017.49842451644,-123.733363350052,910.051350132668,                 161P   2761
6963.52414026936,-120.630750942044,918.107195125263,                 161P   2762
6903.46182463589,-115.979706667594,925.450699293145,                 161P   2763
6858.35834438103,-111.739932560004,932.084559750855,                 161P   2764
6822.24246943905,-107.909871439454,937.434410779499,                 161P   2765
6795.13923901322,-104.821133508332,943.153842360698,                 161P   2766
6768.01989689711,-101.519018145724,949.238379162189,                 161P   2767
6740.88463819077,-98.0061091859304,955.683875629279,                 161P   2768
6713.73364361767,-94.2848000660553,962.486609162148,                 161P   2769
6686.56707546282,-90.3572400301231,969.643280225761,                 161P   2770
6659.38507756787,-86.2253340655563,977.151063181216,                 161P   2771
6632.18777311524,-81.8907135557544,985.007618803988,                 161P   2772
6604.97526408232,-77.3547290525999,993.21110775479,                  161P   2773
6577.74763065423,-72.6184424991681,1001.76020442819,                 161P   2774
6550.50493062011,-67.6826192340365,1007.68946908378,                 161P   2775
6532.33310965922,-64.2593566895119,1010.71152450336,                 161P   2776
6523.24469584609,-62.5145721797006,1118.98993974555,                 161P   2777
8023.2446958461,-5.33882217459075D-13,1114.61217686576,              161P   2778
8014.47496869548,-2.3137152355132,1105.97214678844,                  161P   2779
7996.93058243567,-6.88010445629597,1093.35885090325,                 161P   2780
7970.59919597437,-13.5464259682362,1081.09311883159,                 161P   2781
7944.25296765669,-20.0290546414618,1069.1762912165,                  161P   2782
7917.89184023378,-26.3272819254189,1057.61023007646,                 161P   2783
7891.51573419272,-32.4401237146098,1046.39730757385,                 161P   2784
7865.12454823618,-38.3663262846091,1035.54038959041,                 161P   2785
7838.71815998368,-44.1043749727004,1025.04283163255,                 161P   2786
7812.2964261467,-49.6524963419617,1014.90841840896,                  161P   2787
7785.85918510846,-55.0086901154556,1005.14138844494,                 161P   2788
7759.40625587324,-60.1707161671425,995.746311797329,                 161P   2789
7732.93744328798,-65.1361591514793,983.7221698917,                   161P   2790
7697.62422972838,-71.4911036939568,969.647432389641,                 161P   2791
7653.44191307261,-78.9298196520316,954.331900775276,                 161P   2792
7600.3559127434,-87.0243144452391,940.638695752492,                  161P   2793
7547.2006349538,-94.26138460056,930.620454719515,                    161P   2794
7502.84509560991,-99.5561795786546,923.465238581304,                 161P   2795
7467.32396657045,-103.337821720325,918.534007786014,                 161P   2796
7440.66453644517,-105.944053289795,914.043259767898,                 161P   2797
7413.98629658807,-108.317482914409,909.548264035495,                 161P   2798
7384.32268187598,-110.693157521571,905.244880785545,                 161P   2799
7351.66532858178,-112.967561974972,901.357950672769,                 161P   2800
7316.00463543919,-115.021864519055,898.284426466375,                 161P   2801
7280.30920780123,-116.646269489901,896.026866028818,                 161P   2802
7244.57893644064,-117.839425017715,894.584244059198,                 161P   2803
7208.81386514042,-118.60187298986,893.952292553936,                  161P   2804
7173.01417615512,-118.935869112076,894.124034225263,                 161P   2805
7137.1801674326,-118.845100988624,895.090212874794,                  161P   2806
7101.31223423604,-118.334460663176,896.839861624426,                 161P   2807
7065.41084487896,-117.409744300047,900.200797162717,                 161P   2808
7017.49842451645,-115.633438005234,905.686931945907,                 161P   2809
6963.52414026937,-112.733931115397,913.911051628505,                 161P   2810
6903.4618246359,-108.387356956191,921.407950739868,                  161P   2811
6858.35834438101,-104.425130090676,928.180382733281,                 161P   2812
6822.24246943906,-100.845795276295,933.641984239268,                 161P   2813
6795.13923901323,-97.9592546020339,939.480886289076,                 161P   2814
6768.01989689711,-94.8733047682149,945.692520067357,                 161P   2815
6740.88463819078,-91.5903604642491,952.272653424915,                 161P   2816
6713.73364361767,-88.1126584462914,959.217486002312,                 161P   2817
6686.56707546282,-84.4422072629501,966.523649342128,                 161P   2818
6659.38507756787,-80.5807871959532,974.188258782015,                 161P   2819
6632.18777311525,-76.5299228338583,982.208926234545,                 161P   2820
6604.97526408231,-72.2908763177345,990.583773939294,                 161P   2821
6577.74763065424,-67.8646400729183,999.311448600983,                 161P   2822
6550.50493062011,-63.2519293368891,1005.36456682778,                 161P   2823
6532.33310965921,-60.0527629479175,1008.44974851649,                 161P   2824
6523.2446958461,-58.4221968177993,1118.98993974555,                  161P   2825
8023.2446958461,-5.29915490501151D-13,1114.52872563959,              161P   2826
8014.47496869547,-2.148407482392,1105.72399474952,                   161P   2827
7996.93058243567,-6.38854240423649,1092.87025756206,                 161P   2828
7970.59919597438,-12.5785759902125,1080.37070963296,                 161P   2829
7944.25296765667,-18.5980410191102,1068.22671716128,                 161P   2830
7917.89184023377,-24.4462795641457,1056.44017766032,                 161P   2831
7891.5157341927,-30.1223778310771,1045.01350851184,                  161P   2832
7865.12454823619,-35.6251716701979,1033.94963022854,                 161P   2833
7838.7181599837,-40.9532546367224,1023.25196228128,                  161P   2834
7812.29642614672,-46.1049800002837,1012.92436152482,                 161P   2835
7785.85918510844,-51.0784903974995,1002.97114728152,                 161P   2836
7759.40625587325,-55.8717057523731,993.396976725003,                 161P   2837
7732.93744328798,-60.482383288274,981.143624281165,                  161P   2838
7697.62422972838,-66.3832868202137,966.800586705519,                 161P   2839
7653.44191307262,-73.290529672875,951.193102345429,                  161P   2840
7600.35591274341,-80.8066980037265,937.238870222518,                 161P   2841
7547.20063495379,-87.5267020187074,927.029656192283,                 161P   2842
7502.84509560991,-92.4432003733771,919.738043548198,                 161P   2843
7467.32396657044,-95.9546559527563,914.712811029252,                 161P   2844
7440.66453644515,-98.374680387356,910.136458002619,                  161P   2845
7413.98629658806,-100.578535851569,905.555776289527,                 161P   2846
7384.32268187598,-102.784475901309,901.170359677146,                 161P   2847
7351.6653285818,-104.896381234615,897.209334851407,                  161P   2848
7316.00463543919,-106.803910255055,894.07722150467,                  161P   2849
7280.30920780121,-108.31225654599,891.776626258729,                  161P   2850
7244.57893644065,-109.420164824525,890.306504267842,                 161P   2851
7208.81386514041,-110.12813826185,889.662506169507,                  161P   2852
7173.01417615511,-110.438271400552,889.837521671194,                 161P   2853
7137.18016743262,-110.353988377045,890.822118128008,                 161P   2854
7101.31223423605,-109.879831713702,892.605119605402,                 161P   2855
7065.41084487896,-109.021183456939,896.03012307051,                  161P   2856
7017.49842451644,-107.371788718902,901.620837450003,                 161P   2857
6963.52414026936,-104.679442572884,910.001729641905,                 161P   2858
6903.46182463589,-100.643417610516,917.641538600282,                 161P   2859
6858.35834438101,-96.9642795238223,924.543070266208,                 161P   2860
6822.24246943906,-93.6406770427942,930.108783702223,                 161P   2861
6795.13923901321,-90.9603707165993,936.058989984125,                 161P   2862
6768.01989689712,-88.0949023947188,942.389033203401,                 161P   2863
6740.88463819077,-85.046514244526,949.094600535396,                  161P   2864
6713.73364361766,-81.817283212905,956.171819176214,                  161P   2865
6686.56707546281,-78.4090743439195,963.617256457118,                 161P   2866
6659.38507756787,-74.8235407237059,971.427972726807,                 161P   2867
6632.18777311524,-71.0620980137187,979.601534374865,                 161P   2868
6604.97526408231,-67.1259181789663,988.136027846025,                 161P   2869
6577.74763065422,-63.015922739101,997.030074047744,                  161P   2870
6550.50493062012,-58.7327758300741,1003.19858000847,                 161P   2871
6532.33310965921,-55.7621799235987,1006.34257305859,                 161P   2872
6523.24469584609,-54.2481126690277,1118.98993974555,                 161P   2873
8023.2446958461,-5.26000343784605D-13,1114.4515138231,               161P   2874
8014.47496869549,-1.98009498840086,1105.49439632943,                 161P   2875
7996.93058243568,-5.88804540180772,1092.41819494877,                 161P   2876
7970.59919597438,-11.5931337438128,1079.70231290572,                 161P   2877
7944.25296765669,-17.1410163658689,1067.34814004464,                 161P   2878
7917.89184023379,-22.5310868850642,1055.35760671974,                 161P   2879
7891.51573419272,-27.7625030964703,1043.7331721513,                  161P   2880
7865.12454823618,-32.8341920532493,1032.47780739834,                 161P   2881
7838.71815998369,-37.7448574955969,1021.59499111373,                 161P   2882
7812.29642614671,-42.4929817027916,1011.08864690418,                 161P   2883
7785.85918510845,-47.0768528227075,1000.9631688481,                  161P   2884
7759.40625587325,-51.4945537385489,991.22329472248,                  161P   2885
7732.93744328798,-55.7440173793394,978.757869157368,                 161P   2886
7697.62422972838,-61.1826269571132,964.16659153793,                  161P   2887
7653.44191307262,-67.5487363048034,948.288982904617,                 161P   2888
7600.35591274341,-74.4760661367665,934.09323993193,                  161P   2889
7547.2006349538,-80.6696054821788,923.707331409714,                  161P   2890
7502.84509560992,-85.200931048866,916.289520236725,                  161P   2891
7467.32396657045,-88.4372889799114,911.177314234376,                 161P   2892
7440.66453644517,-90.6677216581,906.521756641083,                    161P   2893
7413.98629658807,-92.6989206720829,901.861795443227,                 161P   2894
7384.32268187598,-94.7320409591006,897.4004788685,                   161P   2895
7351.66532858179,-96.6784934830076,893.370899179749,                 161P   2896
7316.00463543919,-98.4365811291262,890.184577235268,                 161P   2897
7280.30920780123,-99.8267591823834,887.844164770586,                 161P   2898
7244.57893644064,-100.847870702393,886.348598856436,                 161P   2899
7208.81386514043,-101.500379440454,885.693454854362,                 161P   2900
7173.01417615512,-101.786215846591,885.871499411478,                 161P   2901
7137.18016743261,-101.708535800407,886.873136628748,                 161P   2902
7101.31223423604,-101.271525949854,888.68699714576,                  161P   2903
7065.41084487896,-100.480146696169,892.171278361883,                 161P   2904
7017.49842451645,-98.9599703416061,897.858753220107,                 161P   2905
6963.52414026936,-96.478550427321,906.3846964888,                    161P   2906
6903.4618246359,-92.7587194052319,914.156730333317,                  161P   2907
6858.35834438103,-89.3678157024435,921.177709258162,                 161P   2908
6822.24246943905,-86.3045939113745,926.839750472704,                 161P   2909
6795.13923901322,-83.8342705823932,932.892939087342,                 161P   2910
6768.01989689711,-81.1932913872869,939.33253861208,                  161P   2911
6740.88463819078,-78.383722835508,946.15416157869,                   161P   2912
6713.73364361767,-75.407479159881,953.353868155273,                  161P   2913
6686.56707546283,-72.2662792914893,960.928166262683,                 161P   2914
6659.38507756787,-68.9616468088919,968.874065372036,                 161P   2915
6632.18777311524,-65.4948864665019,977.189089753542,                 161P   2916
6604.97526408231,-61.8670784141857,985.871292733362,                 161P   2917
6577.74763065423,-58.0790719770518,994.919271350513,                 161P   2918
6550.50493062011,-54.1314792607337,1001.19453783401,                 161P   2919
6532.33310965921,-51.3936084819069,1004.39294508812,                 161P   2920
6523.2446958461,-49.9981576619666,1118.98993974555,                  161P   2921
8023.2446958461,-5.22142253004992D-13,1114.38064940657,              161P   2922
8014.47496869548,-1.80901315186963,1105.2836726498,                  161P   2923
7996.93058243567,-5.37931343343832,1092.00329532859,                 161P   2924
7970.59919597437,-10.5914774476282,1079.08886348497,                 161P   2925
7944.25296765666,-15.6600184454291,1066.5417886648,                  161P   2926
7917.89184023378,-20.5843824359392,1054.36403136344,                 161P   2927
7891.5157341927,-25.3637999814146,1042.55808920021,                  161P   2928
7865.12454823618,-29.9972908385154,1031.1269796252,                  161P   2929
7838.71815998369,-34.4836707453459,1020.07423560803,                 161P   2930
7812.29642614671,-38.8215531135084,1009.4038420199,                  161P   2931
7785.85918510845,-43.0093739963044,999.120261549702,                 161P   2932
7759.40625587324,-47.0453819174136,989.228305951587,                 161P   2933
7732.93744328798,-50.9276884024857,976.568241292503,                 161P   2934
7697.62422972838,-55.8963976369651,961.749130853337,                 161P   2935
7653.44191307261,-61.7124698979406,945.623604221338,                 161P   2936
7600.3559127434,-68.0412727314834,931.206204431889,                  161P   2937
7547.20063495379,-73.6996851803981,920.658127051955,                 161P   2938
7502.84509560991,-77.839500489007,913.124491831214,                  161P   2939
7467.32396657045,-80.7962344314089,907.932462228833,                 161P   2940
7440.66453644515,-82.8339558906353,903.204211288084,                 161P   2941
7413.98629658807,-84.6896576382106,898.471487983483,                 161P   2942
7384.32268187598,-86.5471146592447,893.94051100194,                  161P   2943
7351.66532858179,-88.3253920832272,889.848012182544,                 161P   2944
7316.00463543919,-89.9315795098811,886.611938000312,                 161P   2945
7280.30920780122,-91.20164503527,884.234981595815,                   161P   2946
7244.57893644065,-92.1345316796144,882.716063442867,                 161P   2947
7208.81386514041,-92.730663125716,882.050689815316,                  161P   2948
7173.01417615511,-92.99180303113,882.231514416409,                   161P   2949
7137.18016743261,-92.9208346048637,883.248791513716,                 161P   2950
7101.31223423605,-92.5215827650412,885.090974222042,                 161P   2951
7065.41084487897,-91.7985793301515,888.629660106134,                 161P   2952
7017.49842451644,-90.4097474636713,894.405940994102,                 161P   2953
6963.52414026936,-88.1427242720987,903.065011035261,                 161P   2954
6903.46182463589,-84.7442897116023,910.958399872275,                 161P   2955
6858.35834438101,-81.6463628793234,918.089006580738,                 161P   2956
6822.24246943905,-78.8478059719219,923.839456696074,                 161P   2957
6795.13923901323,-76.5909206115506,929.987161710597,                 161P   2958
6768.01989689712,-74.1781241923292,936.527311177297,                 161P   2959
6740.88463819077,-71.6113046755967,943.455449120603,                 161P   2960
6713.73364361766,-68.8922109028826,950.767574190856,                 161P   2961
6686.56707546281,-66.0224132882125,958.460139782468,                 161P   2962
6659.38507756787,-63.0033037717012,966.530108671491,                 161P   2963
6632.18777311525,-59.8360743759122,974.974966471319,                 161P   2964
6604.97526408232,-56.5217119248658,983.792736112127,                 161P   2965
6577.74763065423,-53.0609923612961,992.981992726651,                 161P   2966
6550.50493062011,-49.4544749043796,999.355243204073,                 161P   2967
6532.33310965921,-46.9531584140309,1002.60359139977,                 161P   2968
6523.24469584609,-45.6782756933259,1118.98993974555,                 161P   2969
8023.2446958461,-5.18346614043847D-13,1114.31623149877,              161P   2970
8014.47496869548,-1.63540124719064,1105.09211842236,                 161P   2971
7996.93058243567,-4.86305800988625,1091.62613896744,                 161P   2972
7970.59919597438,-9.57500801457085,1078.53121932233,                 161P   2973
7944.25296765669,-14.1571185762199,1065.80879076017,                 161P   2974
7917.89184023378,-18.6088888706782,1053.46084117555,                 161P   2975
7891.51573419272,-22.929623303551,1041.4899030937,                   161P   2976
7865.1245482362,-27.1184357059345,1029.89903613557,                  161P   2977
7838.71815998369,-31.1742554701516,1018.6918226464,                  161P   2978
7812.29642614672,-35.0958290793869,1007.87230318862,                 161P   2979
7785.85918510845,-38.8817426797022,997.445002820164,                 161P   2980
7759.40625587325,-42.5304128848338,987.414800542681,                 161P   2981
7732.93744328798,-46.0401324582779,974.57780303322,                  161P   2982
7697.62422972839,-50.5319921612767,959.551585638392,                 161P   2983
7653.44191307262,-55.7898930337063,943.200694012803,                 161P   2984
7600.35591274342,-61.5113174670299,928.581801442038,                 161P   2985
7547.2006349538,-66.626689219084,917.886307643074,                   161P   2986
7502.84509560991,-70.369204364382,910.247384843698,                  161P   2987
7467.32396657045,-73.0421790589341,904.982793163514,                 161P   2988
7440.66453644517,-74.8843393618835,900.188461761187,                 161P   2989
7413.98629658807,-76.5619484767137,895.389595490748,                 161P   2990
7384.32268187598,-78.2411444105297,890.795295082834,                 161P   2991
7351.66532858179,-79.8487596531591,886.645600861928,                 161P   2992
7316.0046354392,-81.3008004623044,883.364300383902,                  161P   2993
7280.30920780123,-82.4489771585957,880.954124427751,                 161P   2994
7244.57893644064,-83.2923342011279,879.413978380198,                 161P   2995
7208.81386514043,-83.8312546116549,878.739305712263,                 161P   2996
7173.01417615512,-84.0673327886264,878.922657457803,                 161P   2997
7137.18016743262,-84.0031752380251,879.954151681269,                 161P   2998
7101.31223423604,-83.6422397986559,881.822080122043,                 161P   2999
7065.41084487896,-82.988623368099,885.41022150237,                   161P   3000
7017.49842451645,-81.7330783963806,891.267229769662,                 161P   3001
6963.52414026936,-79.6836225640025,900.047316091964,                 161P   3002
6903.4618246359,-76.6113374824665,908.051020304417,                  161P   3003
6858.35834438102,-73.8107202508948,915.281281999164,                 161P   3004
6822.24246943906,-71.2807422615048,921.112098491542,                 161P   3005
6795.13923901322,-69.2404513275536,927.345721785382,                 161P   3006
6768.01989689711,-67.0592121977146,933.977274204446,                 161P   3007
6740.88463819078,-64.7387316447207,941.002237497949,                 161P   3008
6713.73364361767,-62.2805906729013,948.416554394686,                 161P   3009
6686.56707546282,-59.6862089828527,956.216628722899,                 161P   3010
6659.38507756787,-56.9568449294993,964.399380811413,                 161P   3011
6632.18777311524,-54.0935761363903,972.962261133382,                 161P   3012
6604.97526408231,-51.097294721559,981.903264988113,                  161P   3013
6577.74763065423,-47.9687021601037,991.220947594878,                 161P   3014
6550.50493062012,-44.7083040026935,997.683268499931,                 161P   3015
6532.33310965922,-42.4470401175727,1000.97701452896,                 161P   3016
6523.24469584611,-41.2945085346496,1118.98993974555,                 161P   3017
8023.24469584609,-5.14618735454275D-13,1114.25835019508,             161P   3018
8014.47496869549,-1.45950208586148,1104.9200015562,                  161P   3019
7996.93058243568,-4.3400011594122,1091.28725335894,                  161P   3020
7970.59919597437,-8.54514706597948,1078.03016034295,                 161P   3021
7944.25296765667,-12.634418695005,1065.15017150692,                  161P   3022
7917.89184023377,-16.6073690896418,1052.64929936441,                 161P   3023
7891.51573419271,-20.4633774716362,1040.53010780457,                 161P   3024
7865.12454823618,-24.2016529859423,1028.79569434008,                 161P   3025
7838.71815998369,-27.8212401764212,1017.44968568158,                 161P   3026
7812.29642614671,-31.321020351015,1006.49617243159,                  161P   3027
7785.85918510844,-34.6997317259271,995.939735688448,                 161P   3028
7759.40625587325,-37.9559612194869,985.785314877507,                 161P   3029
7732.93744328799,-41.088185220732,972.789338220838,                  161P   3030
7697.62422972839,-45.0969131198049,957.577029395702,                 161P   3031
7653.44191307262,-49.7892889533094,941.023640978713,                 161P   3032
7600.3559127434,-54.8953330563715,926.223701471356,                  161P   3033
7547.20063495379,-59.4605098010721,915.395749869698,                 161P   3034
7502.84509560991,-62.8004905368029,907.662223216783,                 161P   3035
7467.32396657045,-65.1859675864165,902.332432466868,                 161P   3036
7440.66453644515,-66.8299903051216,897.478725909471,                 161P   3037
7413.98629658807,-68.3271604989922,892.620428322106,                 161P   3038
7384.32268187598,-69.8257468380492,887.969230032863,                 161P   3039
7351.66532858179,-71.2604515038682,883.768144133495,                 161P   3040
7316.00463543919,-72.5563148849846,880.446206555448,                 161P   3041
7280.30920780122,-73.5809969231149,878.006181896909,                 161P   3042
7244.57893644066,-74.3336448526634,876.446961988431,                 161P   3043
7208.81386514041,-74.8146004986323,875.763933870923,                 161P   3044
7173.01417615512,-75.0252867704568,875.949556326893,                 161P   3045
7137.18016743261,-74.9680298256653,876.993825038467,                 161P   3046
7101.31223423605,-74.6459155876353,878.884886744658,                 161P   3047
7065.41084487896,-74.062600303165,882.517465280663,                  161P   3048
7017.49842451645,-72.9420982195148,888.447009370985,                 161P   3049
6963.52414026936,-71.1130760958559,897.335832228834,                 161P   3050
6903.4618246359,-68.3712373621067,905.438657911811,                  161P   3051
6858.35834438102,-65.8718466479831,912.758462417291,                 161P   3052
6822.24246943906,-63.6139859798659,918.661490361986,                 161P   3053
6795.13923901323,-61.7931430039197,924.972313648627,                 161P   3054
6768.01989689712,-59.8465118238544,931.685994193644,                 161P   3055
6740.88463819077,-57.7756156367319,938.7979577902,                   161P   3056
6713.73364361767,-55.5818653984942,946.304096920026,                 161P   3057
6686.56707546282,-53.2665281107371,954.200770874754,                 161P   3058
6659.38507756787,-50.8307267832595,962.484861843165,                 161P   3059
6632.18777311525,-48.2754231334618,971.153788723944,                 161P   3060
6604.97526408232,-45.6014133256501,980.205521989277,                 161P   3061
6577.74763065423,-42.8093233862675,989.638598965611,                 161P   3062
6550.50493062011,-39.8996044903058,996.180952157492,                 161P   3063
6532.33310965921,-37.8815557927566,999.515489417833,                 161P   3064
6523.24469584609,-36.8529872673245,1118.98993974555,                 161P   3065
8023.2446958461,-5.10963830997555D-13,1114.20708644656,              161P   3066
8014.47496869548,-1.28156167887484,1104.76756276899,                 161P   3067
7996.93058243567,-3.81087442517502,1090.98711245861,                 161P   3068
7970.59919597437,-7.50333495695838,1077.58638731331,                 161P   3069
7944.25296765668,-11.0940484374864,1064.56685203071,                 161P   3070
7917.89184023379,-14.5826224021128,1051.93054092869,                 161P   3071
7891.51573419271,-17.9685117570532,1039.68004567451,                 161P   3072
7865.12454823618,-21.2510220671364,1027.8184973404,                  161P   3073
7838.71815998368,-24.429314364097,1016.34956193008,                  161P   3074
7812.29642614671,-27.5024063451891,1005.27737436517,                 161P   3075
7785.85918510845,-30.469190061519,994.606565377248,                  161P   3076
7759.40625587324,-33.3284247122792,984.342127907216,                 161P   3077
7732.93744328798,-36.0787724430122,971.205348150073,                 161P   3078
7697.62422972838,-39.5987619699126,955.828223682048,                 161P   3079
7653.44191307261,-43.7190500528432,939.095489881956,                 161P   3080
7600.35591274341,-48.2025725615341,924.135202489682,                 161P   3081
7547.20063495381,-52.2111694866375,913.18993695331,                  161P   3082
7502.84509560991,-55.1439445479251,905.372622482127,                 161P   3083
7467.32396657045,-57.2385876473503,899.985086856074,                 161P   3084
7440.66453644516,-58.6821734674854,895.078793490452,                 161P   3085
7413.98629658807,-59.9968108125643,890.167859354008,                 161P   3086
7384.32268187598,-61.3126916484513,885.466268304192,                 161P   3087
7351.6653285818,-62.5724791733312,881.219666324309,                  161P   3088
7316.00463543919,-63.7103527443596,877.861737675874,                 161P   3089
7280.30920780122,-64.6101070139117,875.395276909754,                 161P   3090
7244.57893644064,-65.270993184324,873.819163850168,                  161P   3091
7208.81386514042,-65.6933114058004,873.128735559571,                 161P   3092
7173.01417615511,-65.8783111086889,873.316369116213,                 161P   3093
7137.18016743261,-65.8280348487152,874.371951811808,                 161P   3094
7101.31223423604,-65.5451923179008,876.283501962886,                 161P   3095
7065.41084487896,-65.0329939986505,879.955437165495,                 161P   3096
7017.49842451644,-64.0491019265004,885.949224076062,                 161P   3097
6963.52414026936,-62.4430715642824,894.934351648121,                 161P   3098
6903.46182463589,-60.0355138875714,903.124966268311,                 161P   3099
6858.35834438101,-57.8408453146819,910.524076177022,                 161P   3100
6822.24246943905,-55.8582597900273,916.491059656469,                 161P   3101
6795.13923901322,-54.2594113855315,922.870256679745,                 161P   3102
6768.0198968971,-52.550110694869,929.656675662297,                   161P   3103
6740.88463819078,-50.7316952090782,936.845692838682,                 161P   3104
6713.73364361766,-48.8054038623841,944.433156188294,                 161P   3105
6686.56707546282,-46.772349185348,952.415385558016,                  161P   3106
6659.38507756787,-44.6335172720347,960.789229357147,                 161P   3107
6632.18777311524,-42.3897525886121,969.552078519778,                 161P   3108
6604.97526408231,-40.0417542322117,978.701881529453,                 161P   3109
6577.74763065423,-37.5900719049567,988.237159865525,                 161P   3110
6550.50493062011,-35.0351017753679,994.850395272546,                 161P   3111
6532.33310965921,-33.2630906887045,998.221060112787,                 161P   3112
6523.2446958461,-32.3599237668939,1118.98993974555,                  161P   3113
8023.2446958461,-5.0738701241277D-13,1114.16251195193,               161P   3114
8014.47496869549,-1.1018288922142,1104.63501526494,                  161P   3115
7996.93058243569,-3.27641783829921,1090.72613605021,                 161P   3116
7970.59919597438,-6.45102875557341,1077.20052090423,                 161P   3117
7944.25296765668,-9.53816214999558,1064.05964817515,                 161P   3118
7917.89184023377,-12.5374805985223,1051.30557113996,                 161P   3119
7891.51573419271,-15.4485154539381,1038.94090561933,                 161P   3120
7865.1245482362,-18.2706696723274,1026.96881186598,                  161P   3121
7838.7181599837,-21.0032219465706,1015.39299004948,                  161P   3122
7812.29642614672,-23.6453277371609,1004.21761362744,                 161P   3123
7785.85918510844,-26.1960344795741,993.447356488237,                 161P   3124
7759.40625587326,-28.6542753893601,983.087258105177,                 161P   3125
7732.93744328798,-31.0189002395463,969.828048224689,                 161P   3126
7697.62422972838,-34.0452283706457,954.307614415987,                 161P   3127
7653.44191307262,-37.5876661075222,937.418937477538,                 161P   3128
7600.35591274341,-41.4423964101799,922.319225518158,                 161P   3129
7547.20063495379,-44.8888071304255,911.271953992896,                 161P   3130
7502.84509560991,-47.4102747661067,903.38178492625,                  161P   3131
7467.32396657045,-49.2111543676024,897.944039380902,                 161P   3132
7440.66453644517,-50.4522843038219,892.992021103016,                 161P   3133
7413.98629658807,-51.582550160942,888.035318803948,                  161P   3134
7384.32268187598,-52.7138851152921,883.289910594772,                 161P   3135
7351.6653285818,-53.796993572461,879.003731792111,                   161P   3136
7316.00463543919,-54.7752859143463,875.61450844085,                  161P   3137
7280.30920780123,-55.5488540275821,873.125061136058,                 161P   3138
7244.57893644065,-56.1170541298009,871.534259262329,                 161P   3139
7208.81386514042,-56.4801442765623,870.837396425192,                 161P   3140
7173.01417615512,-56.6391986716973,871.026778659962,                 161P   3141
7137.18016743262,-56.5959734124458,872.092199011518,                 161P   3142
7101.31223423605,-56.3527981696902,874.021564131339,                 161P   3143
7065.41084487897,-55.9124331713412,877.72772046638,                  161P   3144
7017.49842451645,-55.066527172704,883.777367342972,                  161P   3145
6963.52414026936,-53.6857347506359,892.846233113993,                 161P   3146
6903.4618246359,-51.6158253180729,901.113181354509,                  161P   3147
6858.35834438102,-49.7289483288717,908.581248340644,                 161P   3148
6822.24246943907,-48.0244107728061,914.603841987652,                 161P   3149
6795.13923901323,-46.6497930738501,921.042490862364,                 161P   3150
6768.01989689713,-45.1802134841555,927.892156860434,                 161P   3151
6740.88463819077,-43.6168219181985,935.148173124574,                 161P   3152
6713.73364361767,-41.9606835556727,942.806348938809,                 161P   3153
6686.56707546282,-40.2127549001778,950.862969852311,                 161P   3154
6659.38507756787,-38.3738837508472,959.314854902666,                 161P   3155
6632.18777311525,-36.4447961416372,968.159370708392,                 161P   3156
6604.97526408232,-34.4260931246122,977.394446633665,                 161P   3157
6577.74763065423,-32.3182473090268,987.018590378452,                 161P   3158
6550.50493062012,-30.1215993023487,993.693458791628,                 161P   3159
6532.33310965922,-28.5981041446866,997.095537031446,                 161P   3160
6523.2446958461,-27.8216019868855,1118.98993974555,                  161P   3161
8023.2446958461,-5.03893282162229D-13,1114.12468904987,              161P   3162
8014.47496869547,-0.920555097339994,1104.5225444164,                 161P   3163
7996.93058243566,-2.73737888499109,1090.50468911804,                 161P   3164
7970.59919597437,-5.38970020622417,1076.87310076302,                 161P   3165
7944.25296765667,-7.96893587939738,1063.62926928205,                 161P   3166
7917.89184023379,-10.474803993248,1050.77526403969,                  161P   3167
7891.51573419271,-12.9069130034804,1038.31372135149,                 161P   3168
7865.12454823617,-15.2647640919384,1026.24782623081,                 161P   3169
7838.71815998368,-17.5477546218062,1014.58130783801,                 161P   3170
7812.2964261467,-19.7551789976787,1003.31837232979,                  161P   3171
7785.85918510845,-21.886241371995,992.463730214387,                  161P   3172
7759.40625587324,-23.940050468235,982.022460449456,                  161P   3173
7732.93744328798,-25.9156452960588,968.659364645382,                 161P   3174
7697.62422972838,-28.4440794374114,953.017328221231,                 161P   3175
7653.44191307262,-31.4037124084174,935.996328480943,                 161P   3176
7600.35591274341,-34.6242593157673,920.778310262226,                 161P   3177
7547.2006349538,-37.5036637136941,909.644483352796,                  161P   3178
7502.84509560991,-39.6102974231507,901.692494803064,                 161P   3179
7467.32396657044,-41.1148948334145,896.212144515586,                 161P   3180
7440.66453644515,-42.1518330532748,891.221327169181,                 161P   3181
7413.98629658807,-43.096146643182,886.225789102329,                  161P   3182
7384.32268187597,-44.0413534417421,881.443200614762,                 161P   3183
7351.66532858179,-44.9462680059666,877.123439596598,                 161P   3184
7316.00463543919,-45.7636108882168,873.707661676776,                 161P   3185
7280.30920780122,-46.4099109402013,871.198709549685,                 161P   3186
7244.57893644065,-46.8846302949021,869.595443741581,                 161P   3187
7208.81386514042,-47.1879845525086,868.893120983367,                 161P   3188
7173.01417615511,-47.3208711879368,869.083987028148,                 161P   3189
7137.18016743261,-47.2847573838138,870.157754949301,                 161P   3190
7101.31223423604,-47.0815895317539,872.102236646885,                 161P   3191
7065.41084487895,-46.7136737445668,875.837430720786,                 161P   3192
7017.49842451644,-46.0069368956286,881.934476587094,                 161P   3193
6963.52414026936,-44.853313576843,891.07439693112,                   161P   3194
6903.46182463588,-43.1239473441847,899.406116719924,                 161P   3195
6858.35834438101,-41.5475009069552,906.932696018875,                 161P   3196
6822.24246943905,-40.1233952695898,913.002476693528,                 161P   3197
6795.13923901321,-38.9749308034027,919.491572389053,                 161P   3198
6768.01989689709,-37.7471276548299,926.394905527527,                 161P   3199
6740.88463819078,-36.4409465532983,933.707772686846,                 161P   3200
6713.73364361766,-35.0572774344076,941.425950316755,                 161P   3201
6686.56707546282,-33.5969194368705,949.545694863724,                 161P   3202
6659.38507756787,-32.0605808793595,958.063800442454,                 161P   3203
6632.18777311524,-30.4488683479102,966.977613038994,                 161P   3204
6604.97526408231,-28.7622840093794,976.285045793932,                 161P   3205
6577.74763065423,-27.0012227182751,985.984594715372,                 161P   3206
6550.50493062011,-25.1659690463788,992.711760729462,                 161P   3207
6532.3331096592,-23.8931205623251,996.140494256055,                  161P   3208
6523.2446958461,-23.2443691778618,1118.98993974555,                  161P   3209
8023.2446958461,-5.00487526587283D-13,1114.09367064204,              161P   3210
8014.4749686955,-0.7379938249873,1104.43030753058,                   161P   3211
7996.93058243569,-2.1945114594419,1090.32308138949,                  161P   3212
7970.59919597438,-4.32083367607523,1076.60458483645,                 161P   3213
7944.25296765669,-6.38856433361844,1063.27631730177,                 161P   3214
7917.89184023378,-8.39747743091591,1050.34036134298,                 161P   3215
7891.51573419271,-10.3472590720943,1037.79937008359,                 161P   3216
7865.1245482362,-12.2375093636008,1025.65654884294,                  161P   3217
7838.7181599837,-14.0677451809625,1013.91565055672,                  161P   3218
7812.29642614672,-15.8374008604193,1002.5809081979,                  161P   3219
7785.85918510845,-17.5458383836313,991.657062306667,                 161P   3220
7759.40625587325,-19.1923432295223,981.149224221461,                 161P   3221
7732.93744328798,-20.7761449873655,967.700931993898,                 161P   3222
7697.62422972838,-22.8031488962005,951.959169759231,                 161P   3223
7653.44191307262,-25.1758377878308,934.829652627172,                 161P   3224
7600.35591274341,-27.7576970747988,919.514611926251,                 161P   3225
7547.20063495378,-30.0660680440697,908.309801298133,                 161P   3226
7502.84509560991,-31.7549215099289,900.30711484175,                  161P   3227
7467.32396657046,-32.9611324142561,894.791824578421,                 161P   3228
7440.66453644517,-33.7924286659218,889.769188273749,                 161P   3229
7413.98629658807,-34.5494692812803,884.741801151592,                 161P   3230
7384.32268187598,-35.3072259669445,879.928721268904,                 161P   3231
7351.66532858179,-36.0326810336808,875.581419612381,                 161P   3232
7316.00463543919,-36.6879313288315,872.143864398812,                 161P   3233
7280.30920780122,-37.2060594104737,869.618916446286,                 161P   3234
7244.57893644064,-37.5866340799634,868.005429016268,                 161P   3235
7208.81386514042,-37.8298281801533,867.298628598987,                 161P   3236
7173.01417615512,-37.9363612018996,867.490711510327,                 161P   3237
7137.18016743262,-37.9074093613895,868.571325239351,                 161P   3238
7101.31223423605,-37.7445330484655,870.52820398092,                  161P   3239
7065.41084487897,-37.4495810359486,874.28721178635,                  161P   3240
7017.49842451645,-36.8830017717141,880.423129371442,                 161P   3241
6963.52414026936,-35.9581610025338,889.621321281866,                 161P   3242
6903.46182463591,-34.5717566442114,898.006159954059,                 161P   3243
6858.35834438102,-33.3079455613475,905.580724962824,                 161P   3244
6822.24246943906,-32.1662635826647,911.689203527008,                 161P   3245
6795.13923901323,-31.2455585804365,918.219670455144,                 161P   3246
6768.01989689713,-30.2612490661827,925.167015797267,                 161P   3247
6740.88463819077,-29.2141052411442,932.526506144549,                 161P   3248
6713.73364361767,-28.1048405517361,940.293891019545,                 161P   3249
6686.56707546282,-26.9340956545069,948.465403001628,                 161P   3250
6659.38507756787,-25.7024383965715,957.037815766476,                 161P   3251
6632.18777311524,-24.4103550683374,966.008458379307,                 161P   3252
6604.97526408232,-23.0582482480044,975.375230676226,                 161P   3253
6577.74763065424,-21.6464344851649,985.136619076082,                 161P   3254
6550.50493062012,-20.175141913873,991.906674140635,                  161P   3255
6532.33310965922,-19.1547202997271,995.357267559178,                 161P   3256
6523.2446958461,-18.6346270240873,1118.98993974555,                  161P   3257
8023.2446958461,-4.97174508939596D-13,1114.06950010995,              161P   3258
8014.47496869547,-0.554400399017216,1104.35843361061,                161P   3259
7996.93058243566,-1.64857481158176,1090.18156686095,                 161P   3260
7970.59919597437,-3.24592406648917,1076.39534867117,                 161P   3261
7944.25296765667,-4.79925780016919,1063.00128587307,                 161P   3262
7917.89184023378,-6.30840623272838,1050.00147130499,                 161P   3263
7891.51573419271,-7.77313355829344,1037.39857118754,                 161P   3264
7865.12454823618,-9.19313936573876,1025.19580666324,                 161P   3265
7838.71815998368,-10.5680607196059,1013.39694919417,                 161P   3266
7812.2964261467,-11.8974726780538,1002.00625264951,                  161P   3267
7785.85918510845,-13.1808959452725,991.028480971165,                 161P   3268
7759.40625587325,-14.4177937537553,980.468770729867,                 161P   3269
7732.93744328797,-15.6075873511577,966.954090734583,                 161P   3270
7697.62422972839,-17.1303260779748,951.134618970951,                 161P   3271
7653.44191307262,-18.9127524692399,933.920541629699,                 161P   3272
7600.35591274341,-20.8523131709222,918.529897919288,                 161P   3273
7547.20063495381,-22.5864222446694,907.269774515994,                 161P   3274
7502.84509560992,-23.8551334521924,899.227582635345,                 161P   3275
7467.32396657044,-24.7612708545483,893.685066029665,                 161P   3276
7440.66453644516,-25.3857624949991,888.637635378821,                 161P   3277
7413.98629658806,-25.9544713453068,883.58543045807,                  161P   3278
7384.32268187598,-26.5237181267373,878.748590708784,                 161P   3279
7351.66532858179,-27.0686990811038,874.379828509323,                 161P   3280
7316.00463543919,-27.5609403617972,870.925303734656,                 161P   3281
7280.30920780123,-27.9501718241517,868.387891325267,                 161P   3282
7244.57893644065,-28.2360695400342,866.76643888179,                  161P   3283
7208.81386514042,-28.4187633537458,866.056149329889,                 161P   3284
7173.01417615511,-28.4987937657445,866.249180462423,                 161P   3285
7137.18016743261,-28.4770443805369,867.335128663071,                 161P   3286
7101.31223423604,-28.3546874042114,869.301667576282,                 161P   3287
7065.41084487895,-28.1331116834134,873.079231800101,                 161P   3288
7017.49842451644,-27.7074824166891,879.245439466952,                 161P   3289
6963.52414026936,-27.0127176708138,888.489038438548,                 161P   3290
6903.46182463588,-25.9712141994552,896.91526903714,                  161P   3291
6858.35834438101,-25.0218060256516,904.527226039909,                 161P   3292
6822.24246943906,-24.1641444517826,910.665859232568,                 161P   3293
6795.13923901322,-23.4724866029824,917.228563943337,                 161P   3294
6768.0198968971,-22.7330473695607,924.210204996824,                  161P   3295
6740.88463819077,-21.946405346732,931.606025617683,                  161P   3296
6713.73364361767,-21.113096494436,939.411754345845,                  161P   3297
6686.56707546281,-20.2336020905669,947.623605162809,                 161P   3298
6659.38507756787,-19.3083487170412,956.238335817329,                 161P   3299
6632.18777311525,-18.3377016877184,965.253262189668,                 161P   3300
6604.97526408232,-17.3219634304652,974.666273748149,                 161P   3301
6577.74763065423,-16.2613717447154,984.475849440308,                 161P   3302
6550.50493062011,-15.1560980126495,991.279325018811,                 161P   3303
6532.3331096592,-14.3895304171553,994.746952362064,                  161P   3304
6523.2446958461,-13.9988226502387,1118.98993974555,                  161P   3305
8023.24469584609,-4.93958862735421D-13,1114.05221125606,             161P   3306
8014.4749686955,-0.370031595515104,1104.30702316906,                 161P   3307
7996.93058243569,-1.10033248267193,1090.08034343574,                 161P   3308
7970.59919597438,-2.16647474055338,1076.24568487642,                 161P   3309
7944.25296765668,-3.20323907277469,1062.80455961773,                 161P   3310
7917.89184023378,-4.21051216111192,1049.75906785143,                 161P   3311
7891.51573419271,-5.18813661794891,1037.11188516645,                 161P   3312
7865.12454823619,-6.1359119356172,1024.86624402333,                  161P   3313
7838.7181599837,-7.05359587468383,1013.02592913589,                  161P   3314
7812.29642614672,-7.94090481006085,1001.59520932005,                 161P   3315
7785.85918510844,-8.79751883821786,990.57886525668,                  161P   3316
7759.40625587325,-9.62307969665265,979.982051564775,                 161P   3317
7732.93744328799,-10.417201100073,966.419885298546,                  161P   3318
7697.62422972838,-11.4335449579421,950.5448289615,                   161P   3319
7653.44191307261,-12.6232159651219,933.270266848042,                 161P   3320
7600.35591274341,-13.9177654313911,917.825545329119,                 161P   3321
7547.20063495379,-15.0751873022133,906.52585744694,                  161P   3322
7502.8450956099,-15.9219818444313,898.455407871519,                  161P   3323
7467.32396657045,-16.5267784304048,892.893416631903,                 161P   3324
7440.66453644516,-16.9435920516901,887.828250921178,                 161P   3325
7413.98629658807,-17.3231737466895,882.758294165225,                 161P   3326
7384.32268187598,-17.7031144808919,877.904459305224,                 161P   3327
7351.6653285818,-18.0668591180125,873.520346670133,                  161P   3328
7316.00463543918,-18.3954029406892,870.053683798246,                 161P   3329
7280.30920780122,-18.6551934083755,867.507355731727,                 161P   3330
7244.57893644065,-18.8460143170511,865.880206022008,                 161P   3331
7208.81386514042,-18.9679523305543,865.167420739385,                 161P   3332
7173.01417615512,-19.0213682030452,865.361130121692,                 161P   3333
7137.18016743261,-19.0068516916664,866.450893997627,                 161P   3334
7101.31223423604,-18.9251851790982,868.424342700765,                 161P   3335
7065.41084487897,-18.7772956436892,872.215180079274,                 161P   3336
7017.49842451645,-18.4932116551728,878.403053831311,                 161P   3337
6963.52414026936,-18.0294946237122,887.679131858685,                 161P   3338
6903.4618246359,-17.3343486755524,896.134969541523,                  161P   3339
6858.35834438103,-16.7006712435415,903.773672531084,                 161P   3340
6822.24246943906,-16.1282295912912,909.933874921031,                 161P   3341
6795.13923901323,-15.6665862417442,916.519638881008,                 161P   3342
6768.01989689712,-15.1730514613338,923.525811192275,                 161P   3343
6740.88463819077,-14.648011430416,930.947618365673,                  161P   3344
6713.73364361766,-14.0918238725506,938.780773932626,                 161P   3345
6686.56707546282,-13.5048100141503,947.021478571709,                 161P   3346
6659.38507756786,-12.8872545749941,955.666478639531,                 161P   3347
6632.18777311523,-12.2394013819473,964.713080585086,                 161P   3348
6604.97526408231,-11.5614522887521,974.159166461153,                 161P   3349
6577.74763065423,-10.8535660136105,984.003209870458,                 161P   3350
6550.50493062012,-10.115856944186,990.830590690357,                  161P   3351
6532.33310965922,-9.60421548326978,994.310402168925,                 161P   3352
6523.2446958461,-9.34343966373175,1118.98993974555,                  161P   3353
8023.2446958461,-4.9084508539873D-13,1114.04182826346,               161P   3354
8014.47496869547,-0.185145269254035,1104.27614811934,                161P   3355
7996.93058243566,-0.550551238895492,1090.01955270516,                161P   3356
7970.59919597438,-1.08399540304393,1076.15580280225,                 161P   3357
7944.25296765667,-1.6027403247714,1062.68641371671,                  161P   3358
7917.89184023378,-2.10672930604506,1049.61349005666,                 161P   3359
7891.51573419271,-2.59588359760836,1036.93971303716,                 161P   3360
7865.12454823618,-3.07010287568835,1024.66832191597,                 161P   3361
7838.71815998368,-3.52926593566476,1012.80310936535,                 161P   3362
7812.2964261467,-3.9732308658842,1001.34835317761,                   161P   3363
7785.85918510845,-4.40183760250257,990.308844086399,                 161P   3364
7759.40625587325,-4.81490688909395,979.689747549761,                 161P   3365
7732.93744328797,-5.21224544766393,966.099062933218,                 161P   3366
7697.62422972839,-5.72077298744647,950.190624730101,                 161P   3367
7653.44191307262,-6.31602474764831,932.879737887678,                 161P   3368
7600.35591274341,-6.96375243356727,917.402539405239,                 161P   3369
7547.2006349538,-7.54286834191856,906.079090683465,                  161P   3370
7502.84509560993,-7.96656189979661,897.991670669553,                 161P   3371
7467.32396657044,-8.26917180646714,892.417983745688,                 161P   3372
7440.66453644516,-8.47772445690002,887.342167069061,                 161P   3373
7413.98629658807,-8.66764811713823,882.261549272695,                 161P   3374
7384.32268187598,-8.85775142250582,877.397507830632,                 161P   3375
7351.66532858179,-9.0397510124884,873.004176339375,                  161P   3376
7316.0046354392,-9.20413787879151,869.530223813012,                  161P   3377
7280.30920780123,-9.33412401125707,866.978541360292,                 161P   3378
7244.57893644064,-9.42960123236444,865.347970100911,                 161P   3379
7208.81386514042,-9.49061290427903,864.633685982483,                 161P   3380
7173.01417615511,-9.51733953031527,864.82780269441,                  161P   3381
7137.18016743262,-9.51007619542498,865.919858111932,                 161P   3382
7101.31223423605,-9.46921436464401,867.897456557838,                 161P   3383
7065.41084487896,-9.3952178515644,871.696265260862,                  161P   3384
7017.49842451644,-9.25307645849924,877.897150794931,                 161P   3385
6963.52414026937,-9.02105569181563,887.19273444091,                  161P   3386
6903.46182463589,-8.67323949156195,895.666352951426,                 161P   3387
6858.35834438101,-8.35617905675225,903.321118508246,                 161P   3388
6822.24246943906,-8.06975793773208,909.49427449324,                  161P   3389
6795.13923901322,-7.83877473756809,916.093886913708,                 161P   3390
6768.0198968971,-7.59183466335691,923.114791714785,                  161P   3391
6740.88463819077,-7.32913094049306,930.552205369693,                 161P   3392
6713.73364361767,-7.05084255584286,938.401832396292,                 161P   3393
6686.56707546282,-6.75713023507771,946.659865484041,                 161P   3394
6659.38507756787,-6.44813643762761,955.323044147767,                 161P   3395
6632.18777311525,-6.12398316235613,964.388669172584,                 161P   3396
6604.97526408231,-5.7847714065601,973.854618157557,                  161P   3397
6577.74763065424,-5.43058058524624,983.719361495922,                 161P   3398
6550.5049306201,-5.06146793154369,990.561098845023,                  161P   3399
6532.33310965921,-4.80546818225767,994.048227626886,                 161P   3400
6523.2446958461,-4.67498902873707,1118.98993974555,                  161P   3401
8023.24469584609,-4.87837531772533D-13,1114.03836565041,             161P   3402
8014.4749686955,7.15791949945539D-10,1104.26585163182,               161P   3403
7996.93058243569,-4.08521293866283D-10,1089.99927966919,             161P   3404
7970.59919597437,3.61345069273673D-10,1076.12582812503,              161P   3405
7944.25296765669,7.81901067339187D-11,1062.647013366,                161P   3406
7917.89184023378,3.25317194735268D-10,1049.56494147289,              161P   3407
7891.51573419271,2.79778417359785D-10,1036.8822955371,               161P   3408
7865.1245482362,4.09255487186613D-10,1024.60231708314,               161P   3409
7838.7181599837,4.03080771913341D-10,1012.72880143733,               161P   3410
7812.29642614672,5.32707921625282D-10,1001.26602938552,              161P   3411
7785.85918510845,4.86250756246941D-10,990.218795013838,              161P   3412
7759.40625587324,6.45789457649906D-10,979.592267395041,              161P   3413
7732.937443288,6.01666475896518D-10,965.992072224213,                161P   3414
7697.62422972838,7.43797928507037D-10,950.072501538124,              161P   3415
7653.44191307261,7.72715169429791D-10,932.74950080051,               161P   3416
7600.35591274341,8.38937981795229D-10,917.261471610103,              161P   3417
7547.2006349538,9.75175204564825D-10,905.930098911213,               161P   3418
7502.8450956099,9.05927588867806D-10,897.837019443856,               161P   3419
7467.32396657045,1.078960868176D-9,892.259432138684,                 161P   3420
7440.66453644515,9.87550867561877D-10,887.180063482803,              161P   3421
7413.98629658807,1.13097275494928D-9,882.095890347406,               161P   3422
7384.32268187597,1.06516058132832D-9,877.228445123162,               161P   3423
7351.6653285818,1.09250992886306D-9,872.832039245392,                161P   3424
7316.00463543919,1.19192385370314D-9,869.355655699902,               161P   3425
7280.30920780122,1.11746808764001D-9,866.802187618639,               161P   3426
7244.57893644065,1.16749740651917D-9,865.1704753103,                 161P   3427
7208.81386514041,1.17625097346539D-9,864.455691346714,               161P   3428
7173.01417615512,1.16282096774603D-9,864.649943898563,               161P   3429
7137.18016743261,1.19189560337182D-9,865.742763519846,               161P   3430
7101.31223423603,1.14461362921311D-9,867.721745859055,               161P   3431
7065.41084487896,1.18561898511774D-9,871.523212910599,               161P   3432
7017.49842451645,1.10570283358745D-9,877.728437730004,               161P   3433
6963.52414026935,1.14070095832589D-9,887.03052628397,                161P   3434
6903.46182463591,1.07009631778532D-9,895.510074503773,               161P   3435
6858.35834438102,1.03213695296076D-9,903.17019674904,                161P   3436
6822.24246943906,9.69125597901665D-10,909.347672614656,              161P   3437
6795.13923901323,9.99292915985135D-10,915.951903343466,              161P   3438
6768.01989689712,9.14496519720078D-10,922.977721266888,              161P   3439
6740.88463819078,9.22051465466199D-10,930.420339510687,              161P   3440
6713.73364361766,8.52001742147897D-10,938.275459586838,              161P   3441
6686.56707546282,8.56243327606857D-10,946.539271520468,              161P   3442
6659.38507756787,7.59535380930648D-10,955.208512544806,              161P   3443
6632.18777311524,8.19010399873269D-10,964.280481556039,              161P   3444
6604.97526408232,5.94827877837329D-10,973.753054668101,              161P   3445
6577.74763065423,8.98158243285808D-10,983.624701203669,              161P   3446
6550.50493062013,1.46081958762888D-10,990.471226296571,              161P   3447
6532.33310965921,1.28954136015367D-9,993.960795318024,               161P   3448
6523.24469584609,5.76422282514998D-10,1118.98993974555,              161P   3449
8023.2446958461,-4.84940408244882D-13,1114.04182826251,              161P   3450
8014.47496869547,0.185145268287413,1104.2761481165,                  161P   3451
7996.93058243566,0.550551239007483,1090.01955269959,                 161P   3452
7970.59919597438,1.08399540189627,1076.15580279401,                  161P   3453
7944.25296765667,1.6027403236118,1062.68641370587,                   161P   3454
7917.89184023378,2.10672930425818,1049.61349004331,                  161P   3455
7891.51573419271,2.59588359555153,1036.93971302137,                  161P   3456
7865.12454823618,3.07010287316097,1024.66832189782,                  161P   3457
7838.71815998369,3.52926593284279,1012.80310934491,                  161P   3458
7812.29642614671,3.9732308626111,1001.34835315497,                   161P   3459
7785.85918510845,4.40183759900111,990.308844061628,                  161P   3460
7759.40625587326,4.81490688512862,979.689747522947,                  161P   3461
7732.93744328797,5.21224544348686,966.099062903789,                  161P   3462
7697.62422972839,5.72077298276335,950.19062469761,                   161P   3463
7653.44191307262,6.3160247425367,932.879737851854,                   161P   3464
7600.35591274341,6.96375242794454,917.402539366438,                  161P   3465
7547.20063495379,7.54286833575174,906.079090642481,                  161P   3466
7502.84509560992,7.96656189342771,897.991670627015,                  161P   3467
7467.32396657045,8.26917179969437,892.417983702074,                  161P   3468
7440.66453644516,8.47772445009685,887.342167024473,                  161P   3469
7413.98629658807,8.6676481100387,882.261549227127,                   161P   3470
7384.32268187599,8.85775141535869,877.397507784127,                  161P   3471
7351.66532858179,9.03975100518678,873.004176292028,                  161P   3472
7316.00463543919,9.20413787126316,869.530223764994,                  161P   3473
7280.30920780122,9.33412400373052,866.978541311783,                  161P   3474
7244.57893644064,9.42960122471472,865.347970052088,                  161P   3475
7208.81386514042,9.49061289657898,864.633685933524,                  161P   3476
7173.01417615512,9.51733952261275,864.827802645487,                  161P   3477
7137.18016743262,9.51007618769391,865.919858063218,                  161P   3478
7101.31223423606,9.46921435699536,867.897456509506,                  161P   3479
7065.41084487896,9.39521784391643,871.69626521326,                   161P   3480
7017.49842451644,9.25307645104023,877.897150748524,                  161P   3481
6963.52414026937,9.02105568446918,887.192734396292,                  161P   3482
6903.46182463588,8.67323948453071,895.66635290844,                   161P   3483
6858.35834438101,8.35617904997553,903.321118466733,                  161P   3484
6822.24246943906,8.06975793122106,909.494274452916,                  161P   3485
6795.13923901322,7.83877473117477,916.093886874653,                  161P   3486
6768.0198968971,7.59183465722673,923.114791677081,                   161P   3487
6740.88463819077,7.32913093452883,930.55220533342,                   161P   3488
6713.73364361767,7.05084255014689,938.401832361531,                  161P   3489
6686.56707546281,6.75713022957245,946.659865450869,                  161P   3490
6659.38507756787,6.44813643244123,955.323044116264,                  161P   3491
6632.18777311525,6.12398315731611,964.388669142825,                  161P   3492
6604.97526408231,5.78477140200803,973.854618129621,                  161P   3493
6577.74763065423,5.43058058057469,983.719361469882,                  161P   3494
6550.5049306201,5.06146792800057,990.561098820307,                   161P   3495
6532.33310965922,4.80546817754099,994.048227602836,                  161P   3496
6523.24469584611,4.67498902494593,1118.98993974555,                  161P   3497
8023.2446958461,-4.82157766688419D-13,1114.0522112568,               161P   3498
8014.47496869548,0.370031595684771,1104.30702317141,                 161P   3499
7996.93058243568,1.10033248273452,1090.08034344029,                  161P   3500
7970.59919597437,2.16647474088196,1076.24568488317,                  161P   3501
7944.25296765668,3.20323907318131,1062.8045596266,                   161P   3502
7917.89184023379,4.21051216168473,1049.75906786236,                  161P   3503
7891.51573419271,5.18813661863509,1037.11188517938,                  161P   3504
7865.12454823618,6.13591193644083,1024.86624403819,                  161P   3505
7838.71815998369,7.05359587562132,1013.02592915262,                  161P   3506
7812.29642614671,7.94090481112813,1001.5952093386,                   161P   3507
7785.85918510844,8.79751883938353,990.578865276958,                  161P   3508
7759.40625587324,9.6230796979469,979.982051586732,                   161P   3509
7732.93744328799,10.4172011014575,966.419885322638,                  161P   3510
7697.62422972838,11.433544959476,950.544828988101,                   161P   3511
7653.44191307261,12.6232159668081,933.270266877375,                  161P   3512
7600.3559127434,13.9177654332466,917.825545360885,                   161P   3513
7547.2006349538,15.0751873042357,906.5258574805,                     161P   3514
7502.84509560991,15.9219818465446,898.455407906346,                  161P   3515
7467.32396657045,16.5267784326233,892.893416667615,                  161P   3516
7440.66453644515,16.9435920539444,887.82825095768,                   161P   3517
7413.98629658806,17.3231737490147,882.758294202535,                  161P   3518
7384.32268187597,17.7031144832532,877.904459343301,                  161P   3519
7351.6653285818,18.0668591204226,873.520346708897,                   161P   3520
7316.00463543919,18.3954029431568,870.053683837564,                  161P   3521
7280.30920780122,18.6551934108625,867.507355771444,                  161P   3522
7244.57893644065,18.8460143195696,865.880206061982,                  161P   3523
7208.81386514042,18.9679523330897,865.167420779471,                  161P   3524
7173.01417615511,19.0213682055846,865.361130161747,                  161P   3525
7137.18016743261,19.0068516942095,866.450894037513,                  161P   3526
7101.31223423603,18.9251851816229,868.424342740336,                  161P   3527
7065.41084487896,18.7772956462026,872.215180118251,                  161P   3528
7017.49842451645,18.4932116576376,878.403053869306,                  161P   3529
6963.52414026936,18.0294946261258,887.679131895216,                  161P   3530
6903.4618246359,17.3343486778686,896.134969576718,                   161P   3531
6858.35834438102,16.7006712457726,903.773672565074,                  161P   3532
6822.24246943905,16.1282295934415,909.933874954045,                  161P   3533
6795.13923901323,15.6665862438428,916.519638912986,                  161P   3534
6768.01989689712,15.1730514633563,923.525811223145,                  161P   3535
6740.88463819078,14.6480114323754,930.947618395372,                  161P   3536
6713.73364361766,14.0918238744297,938.780773961086,                  161P   3537
6686.56707546282,13.5048100159584,947.021478598872,                  161P   3538
6659.38507756787,12.887254576709,955.666478665321,                   161P   3539
6632.18777311523,12.2394013835934,964.713080609456,                  161P   3540
6604.97526408232,11.5614522902748,974.159166484015,                  161P   3541
6577.74763065424,10.8535660151002,984.0032098918,                    161P   3542
6550.50493062012,10.1158569454526,990.83059071056,                   161P   3543
6532.33310965921,9.60421548467392,994.310402188617,                  161P   3544
6523.24469584609,9.34343966497922,1118.98993974555,                  161P   3545
8023.24469584611,-4.79493498856129D-13,1114.06950010935,             161P   3546
8014.47496869548,0.554400399304595,1104.35843360852,                 161P   3547
7996.93058243567,1.64857481146544,1090.18156685697,                  161P   3548
7970.59919597438,3.24592406670828,1076.39534866524,                  161P   3549
7944.25296765668,4.79925780031884,1063.00128586529,                  161P   3550
7917.89184023378,6.3084062330099,1050.0014712954,                    161P   3551
7891.51573419272,7.77313355859523,1037.39857117621,                  161P   3552
7865.1245482362,9.1931393661244,1025.1958066502,7838.7181599837,     161P   3553
10.5680607200255,1013.3969491795,7812.29642614672,                   161P   3554
11.8974726785547,1002.00625263325,7785.85918510845,                  161P   3555
13.1808959457889,991.028480953387,7759.40625587325,                  161P   3556
14.4177937543631,980.468770710611,7732.93744328798,                  161P   3557
15.6075873517788,966.954090713459,7697.62422972839,                  161P   3558
17.1303260786883,951.134618947624,7653.44191307263,                  161P   3559
18.91275247001,933.920541603977,7600.35591274342,                    161P   3560
20.8523131717651,918.529897891436,7547.20063495379,                  161P   3561
22.5864222456088,907.269774486561,7502.84509560992,                  161P   3562
23.8551334531363,899.22758260481,7467.32396657045,                   161P   3563
24.7612708555816,893.685065998345,7440.66453644517,                  161P   3564
25.3857624960135,888.637635346816,7413.98629658808,                  161P   3565
25.9544713463898,883.585430425351,7384.32268187599,                  161P   3566
26.5237181278099,878.748590675393,7351.66532858179,                  161P   3567
27.0686990822,874.379828475335,7316.00463543919,                     161P   3568
27.5609403629436,870.925303700177,7280.30920780123,                  161P   3569
27.9501718252798,868.38789129044,7244.57893644065,                   161P   3570
28.2360695411883,866.766438846737,7208.81386514042,                  161P   3571
28.418763354908,866.056149294738,7173.01417615512,                   161P   3572
28.4987937669034,866.249180427301,7137.18016743262,                  161P   3573
28.4770443817067,867.335128628095,7101.31223423605,                  161P   3574
28.3546874053598,869.301667541585,7065.41084487897,                  161P   3575
28.133111684572,873.079231765921,7017.49842451645,                   161P   3576
27.7074824178063,879.245439433636,6963.52414026937,                  161P   3577
27.0127176719269,888.489038406515,6903.46182463589,                  161P   3578
25.9712142005154,896.915269006278,6858.35834438102,                  161P   3579
25.0218060266729,904.527226010103,6822.24246943907,                  161P   3580
24.1641444527589,910.665859203621,6795.13923901322,                  161P   3581
23.4724866039525,917.228563915294,6768.01989689711,                  161P   3582
22.7330473704794,924.210204969756,6740.88463819077,                  161P   3583
21.9464053476338,931.60602559164,6713.73364361767,                   161P   3584
21.1130964952905,939.411754320891,6686.56707546282,                  161P   3585
20.233602091401,947.623605138988,6659.38507756787,                   161P   3586
19.3083487178149,956.238335794719,6632.18777311525,                  161P   3587
18.3377016884909,965.253262168292,6604.97526408231,                  161P   3588
17.3219634311257,974.666273728116,6577.74763065423,                  161P   3589
16.2613717454663,984.475849421564,6550.50493062012,                  161P   3590
15.1560980130837,991.279325001139,6532.33310965921,                  161P   3591
14.3895304180088,994.746952344797,6523.24469584611,                  161P   3592
13.9988226508092,1118.98993974555,8023.24469584609,                  161P   3593
-4.76951330997211D-13,1114.09367064261,8014.47496869549,             161P   3594
0.737993824231252,1104.43030753277,7996.93058243568,                 161P   3595
2.19451145961723,1090.32308139356,7970.59919597437,                  161P   3596
4.32083367531063,1076.60458484256,7944.25296765667,                  161P   3597
6.38856433292397,1063.27631730977,7917.89184023377,                  161P   3598
8.39747742978986,1050.34036135285,7891.5157341927,                   161P   3599
10.3472590708247,1037.79937009525,7865.12454823618,                  161P   3600
12.237509362022,1025.65654885635,7838.71815998368,                   161P   3601
14.0677451792158,1013.9156505718,7812.29642614671,                   161P   3602
15.8374008583745,1002.58090821463,7785.85918510843,                  161P   3603
17.5458383814673,991.657062324949,7759.40625587325,                  161P   3604
19.1923432270454,981.149224241272,7732.93744328797,                  161P   3605
20.7761449847779,967.700932015623,7697.62422972838,                  161P   3606
22.8031488932806,951.959169783227,7653.44191307261,                  161P   3607
25.1758377846549,934.829652653631,7600.35591274341,                  161P   3608
27.7576970713077,919.514611954896,7547.20063495379,                  161P   3609
30.0660680402263,908.309801328414,7502.84509560991,                  161P   3610
31.7549215059865,900.307114873154,7467.32396657045,                  161P   3611
32.9611324100326,894.79182461064,7440.66453644515,                   161P   3612
33.7924286617059,889.769188306665,7413.98629658806,                  161P   3613
34.549469276853,884.741801185249,7384.32268187597,                   161P   3614
35.307225962508,879.928721303251,7351.6653285818,                    161P   3615
36.032681029147,875.581419647337,7316.00463543919,                   161P   3616
36.6879313241388,872.14386443428,7280.30920780122,                   161P   3617
37.2060594058026,869.618916482108,7244.57893644065,                  161P   3618
37.5866340752067,868.005429052322,7208.81386514041,                  161P   3619
37.8298281753654,867.298628635145,7173.01417615512,                  161P   3620
37.9363611971135,867.490711546451,7137.18016743261,                  161P   3621
37.9074093565795,868.571325275328,7101.31223423604,                  161P   3622
37.744533043716,870.528204016607,7065.41084487896,                   161P   3623
37.4495810311882,874.28721182151,7017.49842451645,                   161P   3624
36.8830017670853,880.423129405708,6963.52414026936,                  161P   3625
35.9581609979604,889.621321314815,6903.4618246359,                   161P   3626
34.5717566398405,898.006159985803,6858.35834438102,                  161P   3627
33.307945557134,905.580724993485,6822.24246943905,                   161P   3628
32.166263578623,911.689203556781,6795.13923901322,                   161P   3629
31.2455585764547,918.219670483991,6768.01989689711,                  161P   3630
30.2612490623763,925.167015825106,6740.88463819078,                  161P   3631
29.214105237432,932.526506171339,6713.73364361766,                   161P   3632
28.1048405481989,940.293891045211,6686.56707546283,                  161P   3633
26.9340956510793,948.465403026132,6659.38507756786,                  161P   3634
25.702438393355,957.037815789728,6632.18777311523,                   161P   3635
24.4103550651899,966.008458401304,6604.97526408231,                  161P   3636
23.0582482452005,975.375230696813,6577.74763065423,                  161P   3637
21.6464344822097,985.136619095402,6550.5049306201,                   161P   3638
20.1751419117764,991.906674158756,6532.33310965921,                  161P   3639
19.154720296639,995.357267576939,6523.24469584609,                   161P   3640
18.6346270217301,1118.98993974555,8023.24469584611,                  161P   3641
-4.74534818543752D-13,1114.12468905041,8014.47496869548,             161P   3642
0.920555097901882,1104.5225444176,7996.93058243567,                  161P   3643
2.73737888490153,1090.50468912058,7970.59919597438,                  161P   3644
5.38970020685829,1076.8731007667,7944.25296765668,                   161P   3645
7.96893588001874,1063.62926928692,7917.89184023379,                  161P   3646
10.4748039942188,1050.77526404568,7891.51573419272,                  161P   3647
12.9069130045937,1038.31372135858,7865.12454823619,                  161P   3648
15.2647640933084,1026.24782623895,7838.7181599837,                   161P   3649
17.5477546233359,1014.58130784719,7812.29642614672,                  161P   3650
19.7551789994543,1003.31837233995,7785.85918510846,                  161P   3651
21.8862413738911,992.463730225508,7759.40625587325,                  161P   3652
23.9400504703875,982.02246046148,7732.93744328799,                   161P   3653
25.9156452983217,968.659364658593,7697.62422972839,                  161P   3654
28.4440794399527,953.01732823581,7653.44191307262,                   161P   3655
31.4037124111904,935.996328497013,7600.35591274341,                  161P   3656
34.6242593188145,920.778310279645,7547.2006349538,                   161P   3657
37.5036637170417,909.644483371173,7502.84509560992,                  161P   3658
39.6102974265996,901.69249482216,7467.32396657045,                   161P   3659
41.1148948370912,896.212144535146,7440.66453644517,                  161P   3660
42.151833056962,891.221327189198,7413.98629658808,                   161P   3661
43.0961466470357,886.225789122771,7384.32268187599,                  161P   3662
44.0413534456178,881.443200635624,7351.66532858179,                  161P   3663
44.9462680099253,877.123439617851,7316.0046354392,                   161P   3664
45.7636108923027,873.707661698316,7280.30920780122,                  161P   3665
46.4099109442817,871.19870957145,7244.57893644065,                   161P   3666
46.8846302990509,869.595443763489,7208.81386514042,                  161P   3667
47.1879845566852,868.893121005335,7173.01417615512,                  161P   3668
47.3208711921135,869.083987050104,7137.18016743262,                  161P   3669
47.2847573880083,870.157754971157,7101.31223423605,                  161P   3670
47.0815895359009,872.102236668577,7065.41084487897,                  161P   3671
46.7136737487161,875.837430742139,7017.49842451645,                  161P   3672
46.0069368996721,881.93447660792,6963.52414026937,                   161P   3673
44.8533135808284,891.07439695114,6903.4618246359,                    161P   3674
43.1239473479982,899.406116739214,6858.35834438102,                  161P   3675
41.5475009106298,906.9326960375,6822.24246943906,                    161P   3676
40.1233952731194,913.002476711626,6795.13923901323,                  161P   3677
38.9749308068713,919.491572406573,6768.01989689711,                  161P   3678
37.7471276581518,926.394905544448,6740.88463819077,                  161P   3679
36.4409465565325,933.707772703118,6713.73364361767,                  161P   3680
35.0572774374948,941.425950332355,6686.56707546281,                  161P   3681
33.5969194398568,949.545694878602,6659.38507756788,                  161P   3682
32.0605808821689,958.0638004566,6632.18777311525,                    161P   3683
30.4488683506466,966.977613052331,6604.97526408232,                  161P   3684
28.7622840118394,976.285045806501,6577.74763065423,                  161P   3685
27.0012227208209,985.984594726984,6550.50493062013,                  161P   3686
25.1659690482711,992.711760740659,6532.33310965921,                  161P   3687
23.893120564921,996.140494266847,6523.24469584611,                   161P   3688
23.2443691799164,1118.98993974555,8023.24469584609,                  161P   3689
-4.72247341219504D-13,1114.16251195156,8014.47496869548,             161P   3690
1.10182889206548,1104.63501526397,7996.93058243567,                  161P   3691
3.27641783828331,1090.72613604825,7970.59919597437,                  161P   3692
6.45102875534898,1077.20052090135,7944.25296765667,                  161P   3693
9.53816214974059,1064.05964817136,7917.89184023378,                  161P   3694
12.5374805981493,1051.30557113529,7891.5157341927,                   161P   3695
15.4485154535004,1038.9409056138,7865.12454823619,                   161P   3696
18.270669671795,1026.96881185962,7838.71815998368,                   161P   3697
21.0032219459726,1015.39299004232,7812.29642614672,                  161P   3698
23.6453277364723,1004.21761361952,7785.85918510843,                  161P   3699
26.1960344788303,993.447356479566,7759.40625587325,                  161P   3700
28.6542753885265,983.087258095795,7732.93744328797,                  161P   3701
31.0189002386608,969.828048214388,7697.62422972838,                  161P   3702
34.0452283696597,954.307614404614,7653.44191307262,                  161P   3703
37.5876661064428,937.418937465003,7600.35591274341,                  161P   3704
41.4423964089905,922.319225504574,7547.2006349538,                   161P   3705
44.8888071291271,911.271953978557,7502.84509560991,                  161P   3706
47.4102747647551,903.38178491136,7467.32396657045,                   161P   3707
49.211154366177,897.944039365641,7440.66453644515,                   161P   3708
50.452284302381,892.992021087407,7413.98629658806,                   161P   3709
51.5825501594478,888.035318788002,7384.32268187597,                  161P   3710
52.7138851137812,883.289910578499,7351.66532858179,                  161P   3711
53.7969935709177,879.003731775538,7316.00463543919,                  161P   3712
54.7752859127608,875.614508424045,7280.30920780122,                  161P   3713
55.5488540259904,873.125061119081,7244.57893644065,                  161P   3714
56.1170541281855,871.534259245242,7208.81386514042,                  161P   3715
56.4801442749372,870.837396408056,7173.01417615512,                  161P   3716
56.6391986700696,871.026778642837,7137.18016743261,                  161P   3717
56.5959734108151,872.092198994469,7101.31223423604,                  161P   3718
56.3527981680733,874.021564114421,7065.41084487896,                  161P   3719
55.9124331697282,877.727720449722,7017.49842451645,                  161P   3720
55.0665271711263,883.777367326729,6963.52414026936,                  161P   3721
53.6857347490867,892.846233098377,6903.46182463589,                  161P   3722
51.6158253165881,901.113181339462,6858.35834438101,                  161P   3723
49.7289483274405,908.581248326117,6822.24246943906,                  161P   3724
48.024410771429,914.603841973538,6795.13923901322,                   161P   3725
46.6497930725024,921.042490848697,6768.01989689711,                  161P   3726
45.1802134828586,927.892156847237,6740.88463819078,                  161P   3727
43.6168219169397,935.148173111881,6713.73364361767,                  161P   3728
41.9606835544682,942.806348926643,6686.56707546282,                  161P   3729
40.2127548990166,950.862969840703,6659.38507756786,                  161P   3730
38.3738837497488,959.314854891637,6632.18777311525,                  161P   3731
36.4447961405776,968.159370697981,6604.97526408231,                  161P   3732
34.4260931236404,977.394446623877,6577.74763065423,                  161P   3733
32.3182473080585,987.01859036936,6550.50493062011,                   161P   3734
30.1215993015607,993.693458782945,6532.33310965922,                  161P   3735
28.5981041437463,997.095537023029,6523.24469584609,                  161P   3736
27.8216019860842,1118.98993974555,8023.2446958461,                   161P   3737
-4.70092098257996D-13,1114.20708644674,8014.47496869548,             161P   3738
1.28156167895918,1104.76756276946,7996.93058243568,                  161P   3739
3.81087442523616,1090.98711245957,7970.59919597438,                  161P   3740
7.50333495716832,1077.58638731473,7944.25296765668,                  161P   3741
11.0940484377629,1064.56685203257,7917.89184023379,                  161P   3742
14.5826224024926,1051.93054093099,7891.51573419271,                  161P   3743
17.9685117575135,1039.68004567722,7865.12454823618,                  161P   3744
21.2510220676853,1027.81849734352,7838.7181599837,                   161P   3745
24.4293143647253,1016.34956193359,7812.2964261467,                   161P   3746
27.5024063459004,1005.27737436906,7785.85918510846,                  161P   3747
30.4691900623007,994.6065653815,7759.40625587324,                    161P   3748
33.3284247131419,984.342127911816,7732.93744328799,                  161P   3749
36.0787724439395,971.205348155125,7697.62422972839,                  161P   3750
39.5987619709362,955.828223687626,7653.44191307261,                  161P   3751
43.719050053971,939.095489888102,7600.35591274341,                   161P   3752
48.202572562775,924.135202496346,7547.20063495379,                   161P   3753
52.2111694879879,913.189936960341,7502.84509560992,                  161P   3754
55.1439445493409,905.37262248943,7467.32396657045,                   161P   3755
57.2385876488312,899.985086863559,7440.66453644516,                  161P   3756
58.6821734689951,895.078793498109,7413.98629658807,                  161P   3757
59.996810814116,890.167859361829,7384.32268187599,                   161P   3758
61.3126916500314,885.466268312172,7351.66532858179,                  161P   3759
62.5724791749431,881.219666332438,7316.00463543919,                  161P   3760
63.7103527460071,877.861737684116,7280.30920780123,                  161P   3761
64.6101070155757,875.39527691808,7244.57893644065,                   161P   3762
65.2709931860078,873.819163858549,7208.81386514043,                  161P   3763
65.693311407495,873.128735567976,7173.01417615512,                   161P   3764
65.8783111103871,873.316369124612,7137.18016743262,                  161P   3765
65.8280348504147,874.371951820171,7101.31223423605,                  161P   3766
65.5451923195896,876.283501971184,7065.41084487897,                  161P   3767
65.0329940003298,879.955437173664,7017.49842451645,                  161P   3768
64.0491019281496,885.949224084029,6963.52414026936,                  161P   3769
62.4430715658945,894.93435165578,6903.4618246359,                    161P   3770
60.0355138891203,903.124966275691,6858.35834438103,                  161P   3771
57.8408453161729,910.524076184146,6822.24246943906,                  161P   3772
55.8582597914661,916.491059663391,6795.13923901323,                  161P   3773
54.2594113869327,922.870256686448,6768.01989689711,                  161P   3774
52.5501106962219,929.65667566877,6740.88463819077,                   161P   3775
50.7316952103869,936.845692844907,6713.73364361766,                  161P   3776
48.8054038636411,944.433156194262,6686.56707546282,                  161P   3777
46.7723491865555,952.415385563709,6659.38507756788,                  161P   3778
44.6335172731823,960.789229362557,6632.18777311524,                  161P   3779
42.3897525897098,969.552078524885,6604.97526408232,                  161P   3780
40.0417542332341,978.701881534255,6577.74763065423,                  161P   3781
37.590071905943,988.237159869982,6550.50493062011,                   161P   3782
35.035101776234,994.850395276806,6532.33310965921,                   161P   3783
33.263090689614,998.221060116916,6523.2446958461,                    161P   3784
32.3599237677275,1118.98993974555,8023.2446958461,                   161P   3785
-4.68072103973832D-13,1114.25835019503,8014.47496869547,             161P   3786
1.45950208576384,1104.9200015561,7996.93058243567,                   161P   3787
4.34000115928219,1091.28725335872,7970.59919597437,                  161P   3788
8.54514706565242,1078.03016034263,7944.25296765668,                  161P   3789
12.6344186945505,1065.15017150649,7917.89184023377,                  161P   3790
16.6073690890299,1052.64929936388,7891.51573419272,                  161P   3791
20.4633774708914,1040.53010780395,7865.1245482362,                   161P   3792
24.2016529850549,1028.79569433937,7838.71815998368,                  161P   3793
27.8212401754079,1017.44968568077,7812.29642614672,                  161P   3794
31.3210203498672,1006.4961724307,7785.85918510844,                   161P   3795
34.6997317246634,995.939735687474,7759.40625587325,                  161P   3796
37.955961218097,985.785314876456,7732.93744328798,                   161P   3797
41.0881852192337,972.789338219682,7697.62422972838,                  161P   3798
45.0969131181554,957.577029394424,7653.44191307262,                  161P   3799
49.789288951492,941.023640977308,7600.3559127434,                    161P   3800
54.8953330543674,926.22370146983,7547.2006349538,                    161P   3801
59.4605097988981,915.395749868091,7502.8450956099,                   161P   3802
62.8004905345138,907.662223215112,7467.32396657044,                  161P   3803
65.1859675840319,902.332432465156,7440.66453644516,                  161P   3804
66.8299903026853,897.478725907718,7413.98629658806,                  161P   3805
68.3271604964928,892.620428320316,7384.32268187597,                  161P   3806
69.8257468355016,887.969230031042,7351.66532858179,                  161P   3807
71.2604515012675,883.768144131632,7316.00463543919,                  161P   3808
72.5563148823307,880.446206553564,7280.30920780121,                  161P   3809
73.5809969204303,878.006181895006,7244.57893644064,                  161P   3810
74.3336448499479,876.446961986515,7208.81386514041,                  161P   3811
74.8146004959,875.763933868999,7173.01417615511,                     161P   3812
75.0252867677174,875.94955632497,7137.18016743261,                   161P   3813
74.9680298229266,876.993825036554,7101.31223423604,                  161P   3814
74.6459155849108,878.884886742759,7065.41084487896,                  161P   3815
74.0626003004584,882.517465278796,7017.49842451644,                  161P   3816
72.9420982168533,888.447009369161,6963.52414026936,                  161P   3817
71.113076093257,897.335832227082,6903.46182463589,                   161P   3818
68.3712373596094,905.438657910123,6858.358344381,                    161P   3819
65.8718466455771,912.75846241566,6822.24246943906,                   161P   3820
63.613985977544,918.661490360403,6795.13923901321,                   161P   3821
61.7931430016608,924.972313647094,6768.01989689711,                  161P   3822
59.846511821669,931.685994192163,6740.88463819078,                   161P   3823
57.7756156346199,938.797957788778,6713.73364361767,                  161P   3824
55.5818653964647,946.30409691866,6686.56707546282,                   161P   3825
53.26652810879,954.200770873451,6659.38507756786,                    161P   3826
50.8307267814046,962.484861841926,6632.18777311525,                  161P   3827
48.2754231316943,971.153788722777,6604.9752640823,                   161P   3828
45.6014133239907,980.205521988173,6577.74763065422,                  161P   3829
42.8093233846894,989.638598964598,6550.50493062012,                  161P   3830
39.8996044888771,996.180952156507,6532.33310965921,                  161P   3831
37.8815557913286,999.515489416887,6523.2446958461,                   161P   3832
36.8529872659777,1118.98993974555,8023.2446958461,                   161P   3833
-4.6619018349196D-13,1114.31623149872,8014.47496869549,              161P   3834
1.63540124734543,1105.09211842212,7996.93058243568,                  161P   3835
4.86305801012725,1091.62613896702,7970.59919597438,                  161P   3836
9.57500801514849,1078.53121932169,7944.25296765668,                  161P   3837
14.1571185770348,1065.80879075934,7917.89184023378,                  161P   3838
18.6088888717683,1053.46084117453,7891.5157341927,                   161P   3839
22.929623304885,1041.48990309249,7865.12454823618,                   161P   3840
27.1184357075176,1029.89903613418,7838.7181599837,                   161P   3841
31.174255471968,1018.69182264484,7812.2964261467,                    161P   3842
35.0958290814367,1007.87230318688,7785.85918510845,                  161P   3843
38.8817426819656,997.445002818267,7759.40625587325,                  161P   3844
42.5304128873187,987.414800540624,7732.93744328798,                  161P   3845
46.04013246096,974.577803030965,7697.62422972838,                    161P   3846
50.5319921642273,959.551585635903,7653.44191307261,                  161P   3847
55.789893036961,943.200694010054,7600.35591274341,                   161P   3848
61.5113174706158,928.581801439067,7547.20063495379,                  161P   3849
66.6266892229749,917.886307639929,7502.84509560992,                  161P   3850
70.3692043684799,910.24738484044,7467.32396657045,                   161P   3851
73.0421790632005,904.982793160171,7440.66453644515,                  161P   3852
74.8843393662474,900.188461757773,7413.98629658807,                  161P   3853
76.5619484811853,895.389595487256,7384.32268187598,                  161P   3854
78.2411444150922,890.795295079267,7351.66532858179,                  161P   3855
79.8487596578151,886.645600858301,7316.00463543918,                  161P   3856
81.3008004670524,883.36430038022,7280.30920780123,                   161P   3857
82.4489771634026,880.954124424032,7244.57893644065,                  161P   3858
83.2923342059872,879.413978376457,7208.81386514043,                  161P   3859
83.8312546165459,878.739305708509,7173.01417615512,                  161P   3860
84.0673327935294,878.922657454056,7137.18016743262,                  161P   3861
84.0031752429275,879.954151677535,7101.31223423605,                  161P   3862
83.6422398035335,881.822080118341,7065.41084487896,                  161P   3863
82.9886233729425,885.410221498719,7017.49842451645,                  161P   3864
81.7330784011456,891.267229766108,6963.52414026936,                  161P   3865
79.6836225686529,900.047316088545,6903.4618246359,                   161P   3866
76.6113374869361,908.051020301123,6858.35834438103,                  161P   3867
73.8107202551997,915.281281995982,6822.24246943906,                  161P   3868
71.280742265661,921.112098488451,6795.13923901323,                   161P   3869
69.2404513315952,927.345721782388,6768.01989689711,                  161P   3870
67.0592122016239,933.977274201556,6740.88463819077,                  161P   3871
64.7387316484979,941.002237495168,6713.73364361766,                  161P   3872
62.2805906765324,948.416554392023,6686.56707546283,                  161P   3873
59.6862089863362,956.216628720357,6659.38507756788,                  161P   3874
56.956844932818,964.399380809,6632.18777311524,54.093576139551,      161P   3875
972.962261131098,6604.97526408232,51.0972947245284,                  161P   3876
981.903264985979,6577.74763065423,47.9687021629214,                  161P   3877
991.220947592867,6550.50493062011,44.7083040052586,                  161P   3878
997.683268498057,6532.33310965921,42.4470401201085,                  161P   3879
1000.97701452712,6523.2446958461,41.2945085370576,                   161P   3880
1118.98993974555,8023.2446958461,-4.64448968882929D-13,              161P   3881
1114.3806494067,8014.47496869547,1.80901315156772,                   161P   3882
1105.28367265041,7996.93058243568,5.37931343303028,                  161P   3883
1092.00329532969,7970.59919597437,10.5914774466025,                  161P   3884
1079.08886348663,7944.25296765667,15.6600184440009,                  161P   3885
1066.54178866696,7917.89184023378,20.5843824340185,                  161P   3886
1054.36403136611,7891.51573419273,25.3637999790729,                  161P   3887
1042.55808920337,7865.12454823618,29.9972908357293,                  161P   3888
1031.12697962883,7838.71815998369,34.4836707421586,                  161P   3889
1020.07423561212,7812.29642614672,38.8215531099028,                  161P   3890
1009.40384202444,7785.85918510845,43.0093739923316,                  161P   3891
999.120261554652,7759.40625587325,47.045381913045,                   161P   3892
989.228305956953,7732.93744328798,50.9276883977761,                  161P   3893
976.568241298388,7697.62422972838,55.8963976317797,                  161P   3894
961.749130859832,7653.44191307263,61.712469892226,                   161P   3895
945.623604228507,7600.3559127434,68.0412727251838,                   161P   3896
931.206204439642,7547.2006349538,73.6996851735633,                   161P   3897
920.658127060159,7502.84509560992,77.8395004818108,                  161P   3898
913.124491839716,7467.32396657045,80.7962344239134,                  161P   3899
907.93246223756,7440.66453644516,82.8339558829744,                   161P   3900
903.204211296994,7413.98629658807,84.6896576303537,                  161P   3901
898.471487992599,7384.32268187598,86.5471146512341,                  161P   3902
893.940511011244,7351.66532858179,88.3253920750502,                  161P   3903
889.848012192008,7316.0046354392,89.9315795015395,                   161P   3904
886.611938009917,7280.30920780122,91.201645026829,                   161P   3905
884.234981605515,7244.57893644064,92.1345316710787,                  161P   3906
882.716063452629,7208.81386514041,92.7306631171256,                  161P   3907
882.050689825108,7173.01417615511,92.9918030225182,                  161P   3908
882.231514426191,7137.18016743261,92.9208345962534,                  161P   3909
883.24879152346,7101.31223423604,92.5215827564754,                   161P   3910
885.090974231705,7065.41084487897,91.798579321643,                   161P   3911
888.629660115658,7017.49842451644,90.4097474553033,                  161P   3912
894.40594100338,6963.52414026937,88.1427242639287,                   161P   3913
903.065011044184,6903.46182463589,84.744289703752,                   161P   3914
910.958399880871,6858.358344381,81.6463628717602,                    161P   3915
918.089006589043,6822.24246943905,78.847805964623,                   161P   3916
923.839456704137,6795.13923901321,76.5909206044496,                  161P   3917
929.98716171841,6768.01989689711,74.1781241854611,                   161P   3918
936.527311184836,6740.88463819078,71.6113046689589,                  161P   3919
943.455449127858,6713.73364361767,68.8922108965039,                  161P   3920
950.767574197805,6686.56707546281,66.0224132820919,                  161P   3921
958.460139789103,6659.38507756786,63.0033037658713,                  161P   3922
966.530108677789,6632.18777311525,59.8360743703569,                  161P   3923
974.974966477278,6604.9752640823,56.5217119196515,                   161P   3924
983.792736117696,6577.74763065422,53.0609923563368,                  161P   3925
992.981992731894,6550.50493062012,49.454474899889,                   161P   3926
999.355243208963,6532.33310965921,46.9531584095466,                  161P   3927
1002.60359140458,6523.2446958461,45.6782756890937,                   161P   3928
1118.98993974555,8023.24469584609,-4.62850895335197D-13,             161P   3929
1114.45151382313,8014.47496869549,1.98009498911612,                  161P   3930
1105.49439632873,7996.93058243567,5.88804540211775,                  161P   3931
1092.41819494775,7970.59919597438,11.5931337452596,                  161P   3932
1079.70231290406,7944.25296765668,17.1410163676817,                  161P   3933
1067.34814004252,7917.89184023378,22.5310868876061,                  161P   3934
1055.3576067171,7891.5157341927,27.7625030995166,                    161P   3935
1043.7331721482,7865.12454823619,32.8341920569072,                   161P   3936
1032.47780739476,7838.71815998369,37.7448574997551,                  161P   3937
1021.59499110971,7812.29642614671,42.4929817075283,                  161P   3938
1011.0886468997,7785.85918510845,47.0768528278817,                   161P   3939
1000.96316884323,7759.40625587326,51.49455374429,                    161P   3940
991.223294717181,7732.93744328798,55.7440173854846,                  161P   3941
978.757869151575,7697.62422972839,61.1826269639175,                  161P   3942
964.166591531526,7653.44191307261,67.5487363122819,                  161P   3943
948.288982897546,7600.35591274341,74.4760661450017,                  161P   3944
934.093239924297,7547.20063495379,80.6696054911468,                  161P   3945
923.70733140161,7502.84509560991,85.2009310582486,                   161P   3946
916.289520228358,7467.32396657044,88.4372889897504,                  161P   3947
911.17731422576,7440.66453644516,90.6677216681018,                   161P   3948
906.521756632314,7413.98629658807,92.6989206823959,                  161P   3949
901.861795434235,7384.32268187597,94.7320409695748,                  161P   3950
897.400478859324,7351.6653285818,96.6784934937007,                   161P   3951
893.370899170433,7316.00463543918,98.4365811400705,                  161P   3952
890.184577225793,7280.30920780122,99.8267591934173,                  161P   3953
887.844164761024,7244.57893644065,100.847870713567,                  161P   3954
886.348598846814,7208.81386514043,101.500379451701,                  161P   3955
885.693454844706,7173.01417615511,101.786215857858,                  161P   3956
885.871499401839,7137.18016743262,101.708535811687,                  161P   3957
886.873136619138,7101.31223423605,101.271525961055,                  161P   3958
888.686997136241,7065.41084487896,100.480146707318,                  161P   3959
892.171278352486,7017.49842451645,98.9599703525428,                  161P   3960
897.858753210968,6963.52414026935,96.4785504380281,                  161P   3961
906.384696480004,6903.4618246359,92.7587194155073,                   161P   3962
914.156730324845,6858.35834438103,89.3678157123433,                  161P   3963
921.17770924997,6822.24246943907,86.304593920916,                    161P   3964
926.839750464765,6795.13923901323,83.8342705917026,                  161P   3965
932.892939079636,6768.01989689711,81.1932913962645,                  161P   3966
939.332538604653,6740.88463819077,78.3837228442031,                  161P   3967
946.154161571536,6713.73364361766,75.4074791682212,                  161P   3968
953.353868148429,6686.56707546282,72.2662792995103,                  161P   3969
960.928166256135,6659.38507756787,68.9616468165046,                  161P   3970
968.874065365844,6632.18777311524,65.4948864738021,                  161P   3971
977.189089747638,6604.97526408232,61.8670784209532,                  161P   3972
985.871292727927,6577.74763065424,58.0790719836485,                  161P   3973
994.919271345231,6550.50493062011,54.1314792663864,                  161P   3974
1001.19453782935,6532.33310965921,51.3936084880986,                  161P   3975
1004.39294508338,6523.2446958461,49.9981576675042,                   161P   3976
1118.98993974555,8023.2446958461,-4.61398197957038D-13,              161P   3977
1114.52872563841,8014.47496869547,2.14840748217827,                  161P   3978
1105.72399474718,7996.93058243568,6.38854240616738,                  161P   3979
1092.87025755694,7970.59919597437,12.5785759928388,                  161P   3980
1080.37070962559,7944.25296765668,18.5980410234551,                  161P   3981
1068.22671715149,7917.89184023378,24.4462795696312,                  161P   3982
1056.4401776483,7891.51573419272,30.1223778379608,                   161P   3983
1045.0135084976,7865.12454823618,35.6251716782578,                   161P   3984
1033.9496302122,7838.71815998369,40.9532546460593,                   161P   3985
1023.25196226284,7812.29642614672,46.1049800107126,                  161P   3986
1012.92436150444,7785.85918510844,51.0784904091605,                  161P   3987
1002.97114725917,7759.40625587324,55.871705765012,                   161P   3988
993.396976700861,7732.93744328798,60.4823833020552,                  161P   3989
981.143624254632,7697.62422972838,66.3832868352551,                  161P   3990
966.800586676243,7653.44191307263,73.2905296895315,                  161P   3991
951.193102313159,7600.3559127434,80.806698022103,                    161P   3992
937.23887018753,7547.20063495381,87.5267020385461,                   161P   3993
927.029656155391,7502.84509560992,92.4432003944543,                  161P   3994
919.738043509841,7467.32396657045,95.9546559744945,                  161P   3995
914.71281098998,7440.66453644516,98.3746804097637,                   161P   3996
910.136457962411,7413.98629658806,100.578535874354,                  161P   3997
905.55577624848,7384.32268187599,102.784475924687,                   161P   3998
901.170359635254,7351.66532858179,104.896381258467,                  161P   3999
897.209334808716,7316.00463543919,106.80391027926,                   161P   4000
894.077221461418,7280.30920780122,108.312256570631,                  161P   4001
891.776626215017,7244.57893644065,109.420164849377,                  161P   4002
890.306504223846,7208.81386514041,110.128138286862,                  161P   4003
889.662506125395,7173.01417615513,110.438271425652,                  161P   4004
889.837521627103,7137.18016743261,110.353988402095,                  161P   4005
890.822118084124,7101.31223423605,109.879831738687,                  161P   4006
892.605119561839,7065.41084487896,109.021183481678,                  161P   4007
896.030123027637,7017.49842451645,107.37178874333,                   161P   4008
901.620837408174,6963.52414026937,104.679442596635,                  161P   4009
910.001729601702,6903.46182463589,100.643417633379,                  161P   4010
917.641538561547,6858.35834438101,96.9642795458475,                  161P   4011
924.543070228812,6822.24246943904,93.6406770640931,                  161P   4012
930.108783665872,6795.13923901322,90.9603707372297,                  161P   4013
936.058989948942,6768.01989689712,88.0949024147521,                  161P   4014
942.389033169416,6740.88463819078,85.0465142638266,                  161P   4015
949.09460050272,6713.73364361767,81.8172832315082,                   161P   4016
956.17181914488,6686.56707546282,78.4090743617084,                   161P   4017
963.617256427242,6659.38507756786,74.8235407407385,                  161P   4018
971.427972698393,6632.18777311525,71.0620980297973,                  161P   4019
979.601534348103,6604.97526408231,67.1259181943329,                  161P   4020
988.136027820748,6577.74763065423,63.0159227531853,                  161P   4021
997.030074024498,6550.50493062012,58.7327758438974,                  161P   4022
1003.19857998588,6532.33310965922,55.7621799355605,                  161P   4023
1006.34257303692,6523.2446958461,54.2481126813501,                   161P   4024
1118.98993974555,8023.2446958461,-4.60092908471723D-13,              161P   4025
1114.61217686695,8014.47496869549,2.31371523523864,                  161P   4026
1105.9721467913,7996.93058243568,6.88010445396078,                   161P   4027
1093.35885090919,7970.59919597439,13.546425964338,                   161P   4028
1081.09311884026,7944.25296765667,20.0290546354251,                  161P   4029
1069.17629122795,7917.89184023378,26.3272819176169,                  161P   4030
1057.61023009053,7891.5157341927,32.440123704925,                    161P   4031
1046.39730759052,7865.1245482362,38.3663262732008,                   161P   4032
1035.54038960956,7838.71815998369,44.1043749595473,                  161P   4033
1025.04283165413,7812.29642614671,49.6524963271998,                  161P   4034
1014.90841843283,7785.85918510845,55.0086900990403,                  161P   4035
1005.14138847108,7759.40625587326,60.1707161492546,                  161P   4036
995.746311825606,7732.93744328798,65.1361591320572,                  161P   4037
983.722169922752,7697.62422972839,71.4911036726892,                  161P   4038
969.647432423915,7653.44191307261,78.9298196285235,                  161P   4039
954.33190081306,7600.35591274341,87.0243144193108,                   161P   4040
940.638695793439,7547.20063495378,94.2613845725163,                  161P   4041
930.620454762724,7502.84509560991,99.5561795489606,                  161P   4042
923.465238626193,7467.32396657044,103.337821689586,                  161P   4043
918.534007832004,7440.66453644516,105.944053258211,                  161P   4044
914.043259814952,7413.98629658807,108.31748288219,                   161P   4045
909.548264083553,7384.32268187597,110.693157488591,                  161P   4046
905.244880834593,7351.6653285818,112.967561941317,                   161P   4047
901.357950722731,7316.00463543919,115.021864484835,                  161P   4048
898.284426517016,7280.30920780122,116.646269455143,                  161P   4049
896.02686607999,7244.57893644065,117.839424982625,                   161P   4050
894.5842441107,7208.81386514042,118.601872954543,                    161P   4051
893.952292605579,7173.01417615511,118.93586907665,                   161P   4052
894.124034276873,7137.18016743262,118.845100953243,                  161P   4053
895.090212926174,7101.31223423604,118.334460627922,                  161P   4054
896.839861675415,7065.41084487896,117.409744265099,                  161P   4055
900.200797212919,7017.49842451645,115.633437970777,                  161P   4056
905.686931994866,6963.52414026935,112.733931081842,                  161P   4057
913.911051675571,6903.4618246359,108.387356923914,                   161P   4058
921.407950785213,6858.35834438103,104.425130059578,                  161P   4059
928.180382777066,6822.24246943907,100.845795246247,                  161P   4060
933.641984281813,6795.13923901322,97.959254572881,                   161P   4061
939.48088633027,6768.01989689711,94.8733047399479,                   161P   4062
945.692520107133,6740.88463819076,91.5903604369839,                  161P   4063
952.272653463172,6713.73364361766,88.1126584200406,                  161P   4064
959.217486038986,6686.56707546282,84.4422072378167,                  161P   4065
966.523649377113,6659.38507756788,80.5807871719343,                  161P   4066
974.188258815263,6632.18777311525,76.5299228111056,                  161P   4067
982.208926265903,6604.97526408232,72.2908762961347,                  161P   4068
990.583773968828,6577.74763065423,67.8646400528448,                  161P   4069
999.311448628317,6550.50493062011,63.2519293177654,                  161P   4070
1005.36456685405,6532.33310965921,60.0527629304507,                  161P   4071
1008.44974854186,6523.2446958461,58.4221968004005,                   161P   4072
1118.98993974555,8023.24469584609,-4.58936852398428D-13,             161P   4073
1114.70175079066,8014.47496869547,2.47578704712712,                  161P   4074
1106.23850539263,7996.93058243567,7.36204405629154,                  161P   4075
1093.88329164894,7970.59919597436,14.4953300367075,                  161P   4076
1081.86853017457,7944.25296765668,21.4320558082168,                  161P   4077
1070.19553418126,7917.89184023378,28.171463187026,                   161P   4078
1058.86612758864,7891.51573419271,34.712499132976,                   161P   4079
1047.88263402193,7865.12454823617,41.0538221002328,                  161P   4080
1037.24786072374,7838.71815998369,47.1938113266385,                  161P   4081
1026.96509454307,7812.29642614671,53.1305691489436,                  161P   4082
1017.03804274924,7785.85918510845,58.8619551743209,                  161P   4083
1007.47085714256,7759.40625587324,64.3855723595943,                  161P   4084
998.268014271428,7732.93744328798,69.6988361685079,                  161P   4085
986.489899758019,7697.62422972838,76.4989337532355,                  161P   4086
972.703147127652,7653.44191307262,84.4587190955222,                  161P   4087
957.700988420331,7600.3559127434,93.1202194634918,                   161P   4088
944.287961687959,7547.20063495381,100.864234057926,                  161P   4089
934.474705071797,7502.84509560991,106.529920406856,                  161P   4090
927.465892658764,7467.32396657045,110.576460140102,                  161P   4091
922.635560361078,7440.66453644516,113.365253792452,                  161P   4092
918.23669807023,7413.98629658806,115.904938120111,                   161P   4093
913.833674978117,7384.32268187597,118.44702468759,                   161P   4094
909.618343762731,7351.66532858179,120.880747299474,                  161P   4095
905.810944587532,7316.00463543918,123.078950238123,                  161P   4096
902.800308124102,7280.30920780122,124.817142010725,                  161P   4097
900.588939898149,7244.57893644064,126.093876051222,                  161P   4098
899.175835587573,7208.81386514041,126.909732205312,                  161P   4099
898.556814516947,7173.01417615512,127.267124187074,                  161P   4100
898.725042161576,7137.18016743261,127.169997911151,                  161P   4101
899.671451715293,7101.31223423605,126.623588100575,                  161P   4102
901.385300694541,7065.41084487897,125.634096931052,                  161P   4103
904.677467732567,7017.49842451644,123.733363405483,                  161P   4104
910.051350061921,6963.52414026937,120.630750996062,                  161P   4105
918.107195057253,6903.46182463589,115.979706719539,                  161P   4106
925.450699227619,6858.35834438101,111.739932610049,                  161P   4107
932.084559687578,6822.24246943904,107.909871487794,                  161P   4108
937.434410718024,6795.13923901323,104.821133555268,                  161P   4109
943.153842301166,6768.01989689711,101.5190181912,                    161P   4110
949.238379104713,6740.88463819079,98.0061092298182,                  161P   4111
955.683875573992,6713.73364361767,94.2848001082896,                  161P   4112
962.486609109156,6686.56707546282,90.3572400705843,                  161P   4113
969.643280175201,6659.38507756786,86.2253341041868,                  161P   4114
977.151063133182,6632.18777311524,81.8907135924094,                  161P   4115
985.007618758645,6604.97526408231,77.3547290872852,                  161P   4116
993.211107712165,6577.74763065422,72.618442531613,                   161P   4117
1001.76020438858,6550.50493062012,67.6826192645146,                  161P   4118
1007.68946904598,6532.33310965921,64.2593567180498,                  161P   4119
1010.7115244667,6523.24469584609,62.5145722076988,                   161P   4120
1118.98993974555,8023.2446958461,-4.57931646630402D-13,              161P   4121
1114.79732213551,8014.47496869548,2.63439624769286,                  161P   4122
1106.52269802974,7996.93058243568,7.83368717292754,                  161P   4123
1094.4428463106,7970.59919597438,15.4239610782173,                   161P   4124
1082.6958591629,7944.25296765667,22.8050823107553,                   161P   4125
1071.28302053104,7917.89184023379,29.9762441151687,                  161P   4126
1060.20611368459,7891.51573419271,36.9363259887436,                  161P   4127
1049.46741046195,7865.1245482362,43.6839004408931,                   161P   4128
1039.06965554037,7838.71815998369,50.2172428765413,                  161P   4129
1029.0160625145,7812.29642614672,56.5343340603928,                   161P   4130
1019.3102560293,7785.85918510844,62.6328964770028,                   161P   4131
1009.9562953535,7759.40625587326,68.5103795188552,                   161P   4132
1000.9585572661,7732.93744328799,74.1640330733526,                   161P   4133
989.442942902285,7697.62422972839,81.3997731502673,                  161P   4134
975.963457162852,7653.44191307262,89.8694953986203,                  161P   4135
961.295653237031,7600.35591274342,99.0858874514461,                  161P   4136
948.181564124924,7547.20063495378,107.326015781797,                  161P   4137
938.587016651578,7502.84509560992,113.354669527825,                  161P   4138
931.734410421214,7467.32396657045,117.660447401771,                  161P   4139
927.011732277245,7440.66453644517,120.627902757314,                  161P   4140
922.710907920091,7413.98629658808,123.330289810399,                  161P   4141
918.406015493857,7384.32268187598,126.035233000652,                  161P   4142
914.284631834624,7351.66532858179,128.62486999033,                   161P   4143
910.562088588788,7316.00463543919,130.963898938426,                  161P   4144
907.618550515415,7280.30920780123,132.813446494661,                  161P   4145
905.456467299342,7244.57893644065,134.1719734201,                    161P   4146
904.07485700188,7208.81386514043,135.040096707679,                   161P   4147
903.469632122771,7173.01417615511,135.420384704038,                  161P   4148
903.634110459164,7137.18016743263,135.317036115527,                  161P   4149
904.55942727777,7101.31223423604,134.735621023219,906.235079514,     161P   4150
7065.41084487896,133.682738940036,909.453873658676,                  161P   4151
7017.49842451645,131.660236531023,914.707987674219,                  161P   4152
6963.52414026936,128.35885788551,922.584291155165,                   161P   4153
6903.46182463589,123.409848396788,929.764129830433,                  161P   4154
6858.35834438103,118.898456750024,936.250140703681,                  161P   4155
6822.24246943906,114.823026005983,941.480759008546,                  161P   4156
6795.13923901322,111.536410693973,947.072720983165,                  161P   4157
6768.01989689711,108.022748105939,953.0216510375,                    161P   4158
6740.88463819077,104.284787607369,959.323496009297,                  161P   4159
6713.73364361766,100.325075968865,965.974616264726,                  161P   4160
6686.56707546281,96.1459001239724,972.971785805866,                  161P   4161
6659.38507756788,91.7492871014929,980.312241969131,                  161P   4162
6632.18777311524,87.1369727980641,987.993697664556,                  161P   4163
6604.97526408232,82.3103942874615,996.014354546436,                  161P   4164
6577.74763065424,77.2706815453711,1004.37291655318,                  161P   4165
6550.50493062011,72.0186489408954,1010.17003502924,                  161P   4166
6532.33310965922,68.3760779794735,1013.12473756415,                  161P   4167
6523.2446958461,66.5195153269213,1118.98993974555,                   161P   4168
8023.24469584609,-4.5707869701991D-13,1114.89875723468,              161P   4169
8014.47496869549,2.78932100631332,1106.8243272311,                   161P   4170
7996.93058243567,8.29437416998963,1095.03673230041,                  161P   4171
7970.59919597438,16.3310203151098,1083.57394870249,                  161P   4172
7944.25296765667,24.1462138433963,1072.43722931812,                  161P   4173
7917.89184023378,31.7391005549578,1061.62831427301,                  161P   4174
7891.51573419271,39.1084940523061,1051.14942044124,                  161P   4175
7865.12454823617,46.2528828962025,1041.00322609608,                  161P   4176
7838.71815998369,53.1704410709035,1031.19286708328,                  161P   4177
7812.29642614671,59.8590305929339,1021.72188035413,                  161P   4178
7785.85918510845,66.3162400097922,1012.59422696841,                  161P   4179
7759.40625587324,72.5393687165716,1003.81417781452,                  161P   4180
7732.93744328797,78.5255048709426,992.577169227512,                  161P   4181
7697.62422972838,86.1867676031187,979.423802657845,                  161P   4182
7653.44191307262,95.1545810850475,965.110867762712,                  161P   4183
7600.3559127434,104.912974864969,952.314057509442,                   161P   4184
7547.2006349538,113.637692366519,942.951638020578,                   161P   4185
7502.84509560991,120.020881892275,936.264821961843,                  161P   4186
7467.32396657044,124.579875887061,931.65640306377,                   161P   4187
7440.66453644515,127.721842691216,927.45963173174,                   161P   4188
7413.98629658806,130.583152936945,923.258890752475,                  161P   4189
7384.32268187598,133.447169642371,919.237218776841,                  161P   4190
7351.6653285818,136.189099168313,915.604737773448,                   161P   4191
7316.00463543919,138.665682782279,912.732414894133,                  161P   4192
7280.30920780122,140.623999362698,910.622640556676,                  161P   4193
7244.57893644065,142.062419150285,909.274456579166,                  161P   4194
7208.81386514041,142.981595422427,908.683874353268,                  161P   4195
7173.01417615512,143.384247566239,908.844373343594,                  161P   4196
7137.18016743261,143.274821207466,909.747303287919,                  161P   4197
7101.31223423604,142.659213995046,911.382415230053,                  161P   4198
7065.41084487896,141.544413548974,914.523334706936,                  161P   4199
7017.49842451645,139.402970909091,919.650332055432,                  161P   4200
6963.52414026936,135.90744330403,927.336078299886,                   161P   4201
6903.4618246359,130.667390240468,934.342209826895,                   161P   4202
6858.35834438101,125.890690645634,940.67129984115,                   161P   4203
6822.24246943906,121.575590138288,945.77536992808,                   161P   4204
6795.13923901322,118.095694075486,951.232041430078,                  161P   4205
6768.01989689711,114.375398438417,957.037044618963,                  161P   4206
6740.88463819078,110.417614278426,963.186424393664,                  161P   4207
6713.73364361767,106.2250381378,969.676629176672,                    161P   4208
6686.56707546283,101.80009144105,976.504511019045,                   161P   4209
6659.38507756786,97.1449204234568,983.667374096343,                  161P   4210
6632.18777311525,92.2613630669646,991.162986651902,                  161P   4211
6604.97526408231,87.1509409575682,998.989593848618,                  161P   4212
6577.74763065422,81.8148505228207,1007.1459309817,                   161P   4213
6550.50493062011,76.2539540240955,1012.80279548196,                  161P   4214
6532.33310965921,72.3971691116888,1015.68601271285,                  161P   4215
6523.24469584609,70.4314248882566,1118.98993974555,                  161P   4216
8023.2446958461,-4.56379196491267D-13,1115.00591422264,              161P   4217
8014.47496869546,2.94034464797068,1107.14297114124,                  161P   4218
7996.93058243567,8.74346073549214,1095.66411901632,                  161P   4219
7970.59919597437,17.2152391454104,1084.50157070721,                  161P   4220
7944.25296765667,25.4535747153525,1073.65654627922,                  161P   4221
7917.89184023378,33.4575669964042,1063.13074028026,                  161P   4222
7891.51573419271,41.22596535516,1052.92631151971,                    161P   4223
7865.1245482362,48.757176517856,1043.04586812099,                    161P   4224
7838.71815998369,56.0492756017686,1033.49246379524,                  161P   4225
7812.29642614671,63.1000088655462,1024.26954285324,                  161P   4226
7785.85918510844,69.9068342921028,1015.38096260605,                  161P   4227
7759.40625587325,76.4669050563794,1006.83088207813,                  161P   4228
7732.93744328799,82.7771516585757,995.888195240309,                  161P   4229
7697.62422972839,90.8532220782609,983.079344012634,                  161P   4230
7653.44191307261,100.306584496736,969.141296081549,                  161P   4231
7600.35591274341,110.593332008797,956.679662183152,                  161P   4232
7547.20063495379,119.790436376253,947.562464868758,                  161P   4233
7502.84509560991,126.519234214679,941.050791098461,                  161P   4234
7467.32396657045,131.325068165567,936.563076736676,                  161P   4235
7440.66453644517,134.637152093955,932.476227993924,                  161P   4236
7413.98629658807,137.653383731618,928.385513577611,                  161P   4237
7384.32268187597,140.672468366168,924.469177957415,                  161P   4238
7351.66532858179,143.562855592321,920.931839549532,                  161P   4239
7316.00463543919,146.173530146363,918.134749067483,                  161P   4240
7280.30920780122,148.237876868331,916.080234318775,                  161P   4241
7244.57893644064,149.754177758114,914.767362218398,                  161P   4242
7208.81386514042,150.723121463794,914.192248628334,                  161P   4243
7173.01417615511,151.147574609667,914.348543800252,                  161P   4244
7137.18016743262,151.032223523291,915.227824041139,                  161P   4245
7101.31223423604,150.383285173017,916.820108837316,                  161P   4246
7065.41084487896,149.208125513181,919.878760786558,                  161P   4247
7017.49842451644,146.950737643313,924.871470898744,                  161P   4248
6963.52414026937,143.265949889765,932.355910695757,                  161P   4249
6903.46182463589,137.742181938765,939.178536366198,                  161P   4250
6858.35834438102,132.706855041615,945.341853716909,                  161P   4251
6822.24246943905,128.15811982869,950.31223708249,                    161P   4252
6795.13923901322,124.489809964028,955.625986463452,                  161P   4253
6768.01989689711,120.568084447311,961.278943965164,                  161P   4254
6740.88463819077,116.396011944483,967.267258079212,                  161P   4255
6713.73364361766,111.976434998065,973.5874702517,                    161P   4256
6686.56707546281,107.311906137038,980.236514985286,                  161P   4257
6659.38507756787,102.40468780136,987.211767065084,                   161P   4258
6632.18777311523,97.2567174878383,994.51105318895,                   161P   4259
6604.97526408231,91.8695991663781,1002.13266448289,                  161P   4260
6577.74763065424,86.2445940435104,1010.07536936729,                  161P   4261
6550.50493062011,80.3826110661089,1015.58406825568,                  161P   4262
6532.33310965921,76.3170062653181,1018.3917677424,                   161P   4263
6523.2446958461,74.2448297414627,1118.98993974555,                   161P   4264
8023.2446958461,-4.55834123384691D-13,1115.11864323076,              161P   4265
8014.4749686955,3.08725595067763,1107.47818410971,                   161P   4266
7996.93058243568,9.18031877859235,1096.32412900427,                  161P   4267
7970.59919597438,18.0753809026809,1085.47742781852,                  161P   4268
7944.25296765667,26.7253364551577,1074.93926609538,                  161P   4269
7917.89184023378,35.1292399966489,1064.71129043525,                  161P   4270
7891.51573419271,43.2857784073707,1054.7955985634,                   161P   4271
7865.12454823618,51.1932788071364,1045.19472480576,                  161P   4272
7838.7181599837,58.8497201385216,1035.91163646791,                   161P   4273
7812.29642614671,66.2527360542224,1026.94968040305,                  161P   4274
7785.85918510845,73.3996575279682,1018.31260477856,                  161P   4275
7759.40625587325,80.2874954958969,1010.00445093835,                  161P   4276
7732.93744328798,86.9130270939189,999.371390187944,                  161P   4277
7697.62422972838,95.3926100843029,986.924968640383,                  161P   4278
7653.44191307263,105.318300054832,973.381301295287,                  161P   4279
7600.35591274341,116.119014349906,961.27227247496,                   161P   4280
7547.2006349538,125.775642598843,952.41304856097,                    161P   4281
7502.84509560991,132.840637916094,946.085624244366,                  161P   4282
7467.32396657044,137.886590428474,941.724890893759,                  161P   4283
7440.66453644516,141.364159231462,937.753680568205,                  161P   4284
7413.98629658807,144.531093787558,933.778713949348,                  161P   4285
7384.322681876,147.701023887665,929.973192034513,                    161P   4286
7351.6653285818,150.735826345407,926.535943510161,                   161P   4287
7316.00463543919,153.476940574402,923.817997409653,                  161P   4288
7280.30920780123,155.644430261892,921.82161567459,                   161P   4289
7244.57893644065,157.236491569569,920.545891621824,                  161P   4290
7208.81386514042,158.253847553157,919.987051016032,                  161P   4291
7173.01417615512,158.699508064888,920.138923776587,                  161P   4292
7137.18016743261,158.578393579847,920.993324561019,                  161P   4293
7101.31223423605,157.897031690865,922.540555256782,                  161P   4294
7065.41084487896,156.663156384579,925.512661876727,                  161P   4295
7017.49842451646,154.29298044638,930.364101995471,                   161P   4296
6963.52414026936,150.424086054097,937.636767678384,                  161P   4297
6903.4618246359,144.624328706018,944.266345432572,                   161P   4298
6858.35834438101,139.337416867786,950.255270162423,                  161P   4299
6822.24246943906,134.561408767944,955.085015275488,                  161P   4300
6795.13923901323,130.709815565358,960.248410775859,                  161P   4301
6768.01989689712,126.592145057754,965.741416417498,                  161P   4302
6740.88463819078,122.211619233761,971.560289671479,                  161P   4303
6713.73364361768,117.571222660669,977.701669844486,                  161P   4304
6686.56707546283,112.673635401906,984.162578178269,                  161P   4305
6659.38507756787,107.521232937971,990.940463738988,                  161P   4306
6632.18777311525,102.116049570639,998.033214718729,                  161P   4307
6604.97526408231,96.459769410649,1005.43917059636,                   161P   4308
6577.74763065422,90.5537166791926,1013.15713464042,                  161P   4309
6550.50493062012,84.3988457381913,1018.50996350242,                  161P   4310
6532.33310965922,80.1301071653843,1021.23821842327,                  161P   4311
6523.2446958461,77.9543964682155,1118.98993974555,                   161P   4312
8023.2446958461,-4.55444239982181D-13,1115.23678659688,              161P   4313
8014.47496869548,3.22984944878663,1107.82949730659,                  161P   4314
7996.93058243567,9.60433731906676,1097.01583917358,                  161P   4315
7970.59919597437,18.9102426130493,1086.50015520106,                  161P   4316
7944.25296765667,27.9597204062795,1076.28359475281,                  161P   4317
7917.89184023378,36.7517815928748,1066.36775417814,                  161P   4318
7891.51573419271,45.2850524023199,1056.75466718467,                  161P   4319
7865.1245482362,53.557782688174,1047.44679075618,                    161P   4320
7838.71815998368,61.5678580446127,1038.44700164283,                  161P   4321
7812.29642614671,69.3128028282191,1029.7585445591,                   161P   4322
7785.85918510845,76.7898247360797,1021.38505328688,                  161P   4323
7759.40625587325,83.9957966464081,1013.33044583698,                  161P   4324
7732.93744328798,90.9273468378592,1003.0218824688,                   161P   4325
7697.62422972839,99.7985829389735,990.955298044735,                  161P   4326
7653.44191307261,110.182718490683,977.824953326263,                  161P   4327
7600.3559127434,121.482293797651,966.085465153318,                   161P   4328
7547.20063495379,131.584940264343,957.496605063521,                  161P   4329
7502.84509560992,138.976252028431,951.362279674474,                  161P   4330
7467.32396657046,144.255265883672,947.134626213943,                  161P   4331
7440.66453644516,147.893455868153,943.284608401605,                  161P   4332
7413.98629658807,151.206664099781,939.430948929558,                  161P   4333
7384.32268187596,154.523006232781,935.741563085812,                  161P   4334
7351.66532858179,157.697979477722,932.409211747195,                  161P   4335
7316.00463543919,160.565699686777,929.774211321008,                  161P   4336
7280.30920780121,162.833300910272,927.838754719567,                  161P   4337
7244.57893644065,164.498895994844,926.601962929604,                  161P   4338
7208.81386514042,165.563241392428,926.060176897071,                  161P   4339
7173.01417615512,166.029485973658,926.207414838523,                  161P   4340
7137.18016743262,165.902777479494,927.035741209896,                  161P   4341
7101.31223423604,165.18994499769,928.535753863563,                   161P   4342
7065.41084487896,163.899079730684,931.417158394926,                  161P   4343
7017.49842451645,161.419430628475,936.120543343584,                  161P   4344
6963.52414026936,157.371840594569,943.17126343331,                   161P   4345
6903.46182463589,151.304205332061,949.598521208638,                  161P   4346
6858.35834438103,145.773102774827,955.404677266077,                  161P   4347
6822.24246943905,140.776501465249,960.087029292417,                  161P   4348
6795.13923901321,136.747011724574,965.092849437694,                  161P   4349
6768.0198968971,132.439155158859,970.418220755365,                   161P   4350
6740.88463819077,127.856302573395,976.059514930022,                  161P   4351
6713.73364361766,123.001576385876,982.013473829373,                  161P   4352
6686.56707546281,117.877780446029,988.277209600105,                  161P   4353
6659.38507756787,112.487399952386,994.848249157395,                  161P   4354
6632.18777311524,106.832563166803,1001.72454514072,                  161P   4355
6604.97526408232,100.915031985013,1008.90448770488,                  161P   4356
6577.74763065424,94.7361917916752,1016.38691663902,                  161P   4357
6550.50493062011,88.2970410273373,1021.57638906153,                  161P   4358
6532.33310965921,83.8311388988705,1024.22138370529,                  161P   4359
6523.2446958461,81.5549369548987,1118.98993974555,                   161P   4360
8023.2446958461,-4.55210091623418D-13,1115.36017908609,              161P   4361
8014.47496869548,3.36792570795753,1108.19641939319,                  161P   4362
7996.93058243567,10.0149233236983,1097.7382821109,                   161P   4363
7970.59919597438,19.7186566333943,1087.56832248802,                  161P   4364
7944.25296765669,29.1550001526269,1077.68765209876,                  161P   4365
7917.89184023378,38.3229224888771,1068.09781481022,                  161P   4366
7891.51573419272,47.2209911440539,1058.80077746722,                  161P   4367
7865.12454823618,55.8473811521673,1049.79891627559,                  161P   4368
7838.71815998371,64.1998877168712,1041.09501340621,                  161P   4369
7812.29642614671,72.2759293604422,1032.69220689738,                  161P   4370
7785.85918510844,80.0725944093052,1024.59401106263,                  161P   4371
7759.40625587325,87.5866220564704,1016.80421510071,                  161P   4372
7732.93744328798,94.8144964398958,1006.83456657347,                  161P   4373
7697.62422972838,104.064978423225,995.164695483383,                  161P   4374
7653.44191307263,114.893036400765,982.466037367028,                  161P   4375
7600.35591274341,126.675669238677,971.112508578039,                  161P   4376
7547.2006349538,137.210204455554,962.80602461084,                    161P   4377
7502.8450956099,144.91749524682,956.873377558349,                    161P   4378
7467.32396657044,150.422187264925,952.784716744104,                  161P   4379
7440.66453644516,154.215910092465,949.061276043119,                  161P   4380
7413.98629658807,157.670758177128,945.33431340959,                   161P   4381
7384.322681876,161.128874137942,941.766223576938,                    161P   4382
7351.6653285818,164.439577682004,938.543430018872,                   161P   4383
7316.00463543919,167.429893104122,935.995060553726,                  161P   4384
7280.30920780124,169.79443441783,934.123235997079,                   161P   4385
7244.57893644065,171.531233793413,932.927106235167,                  161P   4386
7208.81386514042,172.641080021409,932.40313251272,                   161P   4387
7173.01417615511,173.12725658684,932.545529709443,                   161P   4388
7137.18016743262,172.995131296809,933.34662317842,                   161P   4389
7101.31223423605,172.251825183158,934.797319886455,                  161P   4390
7065.41084487896,170.905775347482,937.583992424322,                  161P   4391
7017.49842451644,168.320121095583,942.132744093248,                  161P   4392
6963.52414026937,164.099496341708,948.95165751965,                   161P   4393
6903.4618246359,157.772469303104,955.167606214424,                   161P   4394
6858.35834438101,152.004911775483,960.782873164764,                  161P   4395
6822.24246943906,146.794705456371,965.311283411175,                  161P   4396
6795.13923901323,142.59295478437,970.152527108948,                   161P   4397
6768.01989689713,138.100937088807,975.302816088795,                  161P   4398
6740.88463819078,133.322167276807,980.758641323735,                  161P   4399
6713.73364361768,128.259901249855,986.516851798947,                  161P   4400
6686.56707546283,122.917062722204,992.574654605369,                  161P   4401
6659.38507756787,117.296243135029,998.929657965501,                  161P   4402
6632.18777311524,111.399661733135,1005.57988183048,                  161P   4403
6604.97526408231,105.229155734044,1012.52376928103,                  161P   4404
6577.74763065422,98.7861697465177,1019.76019825248,                  161P   4405
6550.50493062012,92.0717448967927,1024.77905628645,                  161P   4406
6532.33310965922,87.414925179284,1027.33709139003,                   161P   4407
6523.2446958461,85.0414154649198,1118.98993974555,                   161P   4408
8023.2446958461,-4.55132005787822D-13,1115.48864812629,              161P   4409
8014.47496869548,3.50129161991998,1108.57843719543,                  161P   4410
7996.93058243568,10.4115025497959,1098.49044741865,                  161P   4411
7970.59919597438,20.4994923273154,1088.68043575513,                  161P   4412
7944.25296765667,30.3095039906219,1079.14947443863,                  161P   4413
7917.89184023379,39.8404653073888,1069.89905269284,                  161P   4414
7891.51573419271,49.0908870531716,1060.93106775007,                  161P   4415
7865.12454823619,58.0588719960979,1052.24781171415,                  161P   4416
7838.71815998368,66.7421280320473,1043.85196828618,                  161P   4417
7812.29642614672,75.137971460176,1035.74656443872,                   161P   4418
7785.85918510845,83.2433753076217,1027.93499010274,                  161P   4419
7759.40625587325,91.0549496437774,1020.42090036448,                  161P   4420
7732.93744328798,98.5690393820309,1010.80411013568,                  161P   4421
7697.62422972839,108.185829611005,999.547273752186,                  161P   4422
7653.44191307262,119.442665994569,987.298062462554,                  161P   4423
7600.35591274341,131.691877284314,976.346371997004,                  161P   4424
7547.20063495379,142.643567750031,968.333881523016,                  161P   4425
7502.84509560993,150.656058223992,962.611210152156,                  161P   4426
7467.32396657045,156.378729595031,958.66726034675,                   161P   4427
7440.66453644516,160.322679400372,955.07560432679,                   161P   4428
7413.98629658806,163.914335420477,951.480551026706,                  161P   4429
7384.32268187597,167.509388720517,948.038747502276,                  161P   4430
7351.66532858179,170.951192244988,944.9300190939,                    161P   4431
7316.00463543919,174.05992065346,942.471844715341,                   161P   4432
7280.30920780122,176.51809503197,940.666270119904,                   161P   4433
7244.57893644065,178.323669627453,939.512475281966,                  161P   4434
7208.81386514042,179.477464465408,939.007046694324,                  161P   4435
7173.01417615512,179.982893053039,939.144403990984,                  161P   4436
7137.18016743261,179.845535756405,939.917144155635,                  161P   4437
7101.31223423605,179.072795591705,941.316495987282,                  161P   4438
7065.41084487896,177.673443760094,944.004539117323,                  161P   4439
7017.49842451646,174.985400629965,948.392295665066,                  161P   4440
6963.52414026935,170.597644082238,954.969865559454,                  161P   4441
6903.46182463589,164.020074187759,960.965811605878,                  161P   4442
6858.35834438102,158.024128141273,966.382335989141,                  161P   4443
6822.24246943906,152.607603757933,970.750471063485,                  161P   4444
6795.13923901321,148.239468683595,975.420367395397,                  161P   4445
6768.0198968971,143.569572351587,980.388370891456,                   161P   4446
6740.88463819077,138.601568855513,985.651096720369,                  161P   4447
6713.73364361766,133.338843026515,991.205505392162,                  161P   4448
6686.56707546281,127.784434354705,997.048902847697,                  161P   4449
6659.38507756788,121.941036899058,1003.17898196256,                  161P   4450
6632.18777311525,115.810957784217,1009.59383276777,                  161P   4451
6604.97526408232,109.396106978777,1016.2919534494,                   161P   4452
6577.74763065424,102.697986297397,1023.27226165451,                  161P   4453
6550.50493062011,95.7176780915735,1028.11348597476,                  161P   4454
6532.33310965922,90.876453772339,1030.58098389249,                   161P   4455
6523.2446958461,88.4089558539591,1118.98993974555,                   161P   4456
8023.24469584609,-4.55210091631027D-13,1115.62201403705,             161P   4457
8014.47496869547,3.62976065849472,1108.97501642292,                  161P   4458
7996.93058243567,10.7935203519713,1099.27128311303,                  161P   4459
7970.59919597437,21.2516576327511,1089.8349395947,                   161P   4460
7944.25296765668,31.4216172551739,1080.66701725878,                  161P   4461
7917.89184023378,41.302287643474,1071.76894860421,                   161P   4462
7891.51573419271,50.8921249313581,1063.14255859652,                  161P   4463
7865.12454823617,60.1891622735567,1054.79005203236,                  161P   4464
7838.7181599837,69.191023464535,1046.71401038916,                    161P   4465
7812.2964261467,77.8949263331579,1038.91734534085,                   161P   4466
7785.85918510844,86.2977328414211,1031.40331769399,                  161P   4467
7759.40625587325,94.3959286754325,1024.17544331108,                  161P   4468
7732.93744328798,102.185724636823,1014.92496132819,                  161P   4469
7697.62422972838,112.155373163203,1004.09690335131,                  161P   4470
7653.44191307262,123.825244252414,992.31427051408,                   161P   4471
7600.3559127434,136.523902367783,981.779735297733,                   161P   4472
7547.2006349538,147.877431155814,974.072444507031,                   161P   4473
7502.8450956099,156.183915122475,968.567752489097,                   161P   4474
7467.32396657044,162.116562174368,964.774029661896,                  161P   4475
7440.66453644515,166.205222988405,961.319181577301,                  161P   4476
7413.98629658807,169.928663688981,957.861065616781,                  161P   4477
7384.32268187599,173.655626322301,954.550362072896,                  161P   4478
7351.6653285818,177.223716154667,951.56004665087,                    161P   4479
7316.00463543919,180.446509712405,949.195505337386,                  161P   4480
7280.30920780122,182.994879177434,947.458705961865,                  161P   4481
7244.57893644065,184.866703733898,946.34885973393,                   161P   4482
7208.81386514041,186.062833495715,945.862683168543,                  161P   4483
7173.01417615511,186.586807218135,945.994808458536,                  161P   4484
7137.18016743262,186.4444100214,946.738114572192,                    161P   4485
7101.31223423605,185.643316552522,948.084164407734,                  161P   4486
7065.41084487896,184.192619844556,950.669818659554,                  161P   4487
7017.49842451644,181.405947306966,954.890443413123,                  161P   4488
6963.52414026937,176.857195638338,961.217470451394,                  161P   4489
6903.46182463589,170.038282212498,966.985027978691,                  161P   4490
6858.35834438101,163.822333518215,972.195234297534,                  161P   4491
6822.24246943905,158.207066568344,976.396984969237,                  161P   4492
6795.13923901323,153.678656322233,980.889002664598,                  161P   4493
6768.01989689712,148.837412624895,985.667772476288,                  161P   4494
6740.88463819078,143.687123645414,990.730038502989,                  161P   4495
6713.73364361767,138.231298410939,996.072877030295,                  161P   4496
6686.56707546283,132.473087936138,1001.69369661721,                  161P   4497
6659.38507756785,126.415285130254,1007.59027801867,                  161P   4498
6632.18777311524,120.060281770523,1013.7607840176,                   161P   4499
6604.97526408231,113.410057906246,1020.2037700044,                   161P   4500
6577.74763065422,106.466170455903,1026.91819485448,                  161P   4501
6550.50493062012,99.2297414857156,1031.57501457049,                  161P   4502
6532.3331096592,94.2108834509883,1033.94852428545,                   161P   4503
6523.24469584609,91.6528483483004,1118.98993974555,                  161P   4504
8023.2446958461,-4.55444239996107D-13,1115.76009029781,              161P   4505
8014.47496869548,3.75315314877779,1109.38560242776,                  161P   4506
7996.93058243568,11.160442437678,1100.07969713586,                   161P   4507
7970.59919597438,21.9741005701923,1091.03021934391,                  161P   4508
7944.25296765668,32.4897845415733,1082.23815815893,                  161P   4509
7917.89184023378,42.7063449890514,1073.70488735085,                  161P   4510
7891.51573419271,52.6221855627857,1065.43215706644,                  161P   4511
7865.12454823619,62.2352725554556,1057.4220817113,                   161P   4512
7838.71815998368,71.5431489830918,1049.67713692906,                  161P   4513
7812.29642614672,80.5429380957025,1042.20011502239,                  161P   4514
7785.85918510845,89.2313951786102,1034.99414311336,                  161P   4515
7759.40625587325,97.6048864501632,1028.06259292301,                  161P   4516
7732.93744328798,105.659493899305,1019.19135682345,                  161P   4517
7697.62422972839,115.968057266629,1008.80722127346,                  161P   4518
7653.44191307262,128.034641689618,997.507645968391,                  161P   4519
7600.35591274342,141.16498640693,987.404999503448,                   161P   4520
7547.20063495379,152.904474578891,980.013687740521,                  161P   4521
7502.84509560992,161.493334667859,974.73467388627,                   161P   4522
7467.32396657045,167.627660056456,971.096483902318,                  161P   4523
7440.66453644517,171.855313516543,967.783275671337,                  161P   4524
7413.98629658807,175.70533132862,964.466933538833,                   161P   4525
7384.32268187597,179.558990800276,961.291960294428,                  161P   4526
7351.66532858179,183.248376643701,958.424240085914,                  161P   4527
7316.00463543919,186.580727982072,956.156638862738,                  161P   4528
7280.30920780122,189.215728407979,954.491043778475,                  161P   4529
7244.57893644064,191.15118500927,953.426698381071,                   161P   4530
7208.81386514042,192.387976799126,952.960453799908,                  161P   4531
7173.01417615512,192.929762831605,953.087162294071,                  161P   4532
7137.18016743262,192.782524890179,953.799994775724,                  161P   4533
7101.31223423604,191.954198518857,955.09086004255,                   161P   4534
7065.41084487896,190.454185865348,957.570509144295,                  161P   4535
7017.49842451645,187.5727813342,961.618099177563,                    161P   4536
6963.52414026936,182.869396385993,967.68573443903,                   161P   4537
6903.4618246359,175.818676296867,973.216836995327,                   161P   4538
6858.35834438102,169.391418522102,978.213438304044,                  161P   4539
6822.24246943905,163.585262465152,982.242928044078,                  161P   4540
6795.13923901322,158.902910439261,986.550784609031,                  161P   4541
6768.01989689711,153.897090294382,991.133637193747,                  161P   4542
6740.88463819077,148.571718977207,995.988363380423,                  161P   4543
6713.73364361766,142.930424803016,1001.11215931943,                  161P   4544
6686.56707546281,136.976465904217,1006.50253981213,                  161P   4545
6659.38507756788,130.712730133992,1012.15737659682,                  161P   4546
6632.18777311524,124.141690577342,1018.07490777749,                  161P   4547
6604.97526408232,117.265394594497,1024.25374797003,                  161P   4548
6577.74763065424,110.085452031185,1030.69289873277,                  161P   4549
6550.50493062011,102.603023097253,1035.15880086133,                  161P   4550
6532.33310965922,97.4135506759525,1037.43500280442,                  161P   4551
6523.2446958461,94.7685560319742,1118.98993974555,                   161P   4552
8023.24469584608,-4.55834123374796D-13,1115.90268379434,             161P   4553
8014.47496869548,3.8712965149073,1109.80962096598,                   161P   4554
7996.93058243567,11.5117556366984,1100.91455884068,                  161P   4555
7970.59919597438,22.665810742728,1092.26460328726,                   161P   4556
7944.25296765667,33.5125119292654,1083.86069974473,                  161P   4557
7917.89184023378,44.0506736530689,1075.70416133307,                  161P   4558
7891.5157341927,54.2786493138876,1067.79666093235,                   161P   4559
7865.12454823618,64.194341186388,1060.14021960008,                   161P   4560
7838.71815998369,73.7952149446723,1052.73720368348,                  161P   4561
7812.2964261467,83.0783032831178,1045.59028220892,                   161P   4562
7785.85918510844,92.0402593485924,1038.70244424015,                  161P   4563
7759.40625587325,100.677334973624,1032.07691264137,                  161P   4564
7732.93744328797,108.985488814409,1023.59732964996,                  161P   4565
7697.62422972838,119.618549565495,1013.67163967827,                  161P   4566
7653.44191307261,132.064971113888,1002.87092538192,                  161P   4567
7600.3559127434,145.608638459882,993.21429713183,                    161P   4568
7547.20063495379,157.717667280993,986.14930181377,                   161P   4569
7502.84509560991,166.576891195592,981.103349300762,                  161P   4570
7467.32396657044,172.904315512587,977.625780497391,                  161P   4571
7440.66453644515,177.265048863507,974.458845940888,                  161P   4572
7413.98629658806,181.236259189298,971.288915840432,                  161P   4573
7384.32268187598,185.211225808434,968.254113382329,                  161P   4574
7351.66532858179,189.01674772352,965.512999152989,                   161P   4575
7316.00463543919,192.453996248086,963.345509465267,                  161P   4576
7280.30920780122,195.171942348788,961.75344815739,                   161P   4577
7244.57893644065,197.168324083976,960.736092173682,                  161P   4578
7208.81386514041,198.444048136825,960.290431661905,                  161P   4579
7173.01417615511,199.002888742658,960.411546146953,                  161P   4580
7137.18016743261,198.851015982089,961.092908036024,                  161P   4581
7101.31223423604,197.996615197607,962.326783342444,                  161P   4582
7065.41084487896,196.449384501734,964.696959280937,                  161P   4583
7017.49842451644,193.477277881601,968.565853673663,                  161P   4584
6963.52414026935,188.625837762529,974.365611022434,                  161P   4585
6903.46182463589,181.353172079134,979.652522861292,                  161P   4586
6858.35834438101,174.723594324518,984.428530961704,                  161P   4587
6822.24246943906,168.734669594271,988.280124164733,                  161P   4588
6795.13923901322,163.904924480875,992.397794672834,                  161P   4589
6768.01989689711,158.741528980179,996.778320497338,                  161P   4590
6740.88463819077,153.248523338163,1001.41871707099,                  161P   4591
6713.73364361766,147.429650083811,1006.31630433032,                  161P   4592
6686.56707546282,141.288269910385,1011.46870679488,                  161P   4593
6659.38507756786,134.82736157619,1016.87389016282,                   161P   4594
6632.18777311524,128.049476015001,1022.53017032352,                  161P   4595
6604.97526408231,120.95672503483,1028.4362230556,                    161P   4596
6577.74763065422,113.550769156645,1034.59109399749,                  161P   4597
6550.50493062011,105.832805112212,1038.85983257053,                  161P   4598
6532.33310965921,100.479976249623,1041.03554326812,                  161P   4599
6523.2446958461,97.751721328731,1118.98993974555,                    161P   4600
8023.24469584611,-4.56379196496356D-13,1116.04959509787,             161P   4601
8014.47496869548,3.98402552285939,1110.24647901057,                  161P   4602
7996.93058243568,11.8469686038822,1101.7747006013,                   161P   4603
7970.59919597437,23.3258207285185,1093.53636503185,                  161P   4604
7944.25296765669,34.4883690372303,1085.53237275135,                  161P   4605
7917.89184023378,45.3333934648977,1077.76397439309,                  161P   4606
7891.51573419272,55.859199463517,1070.2327632309,                    161P   4607
7865.12454823619,66.0636282237503,1062.94066414746,                  161P   4608
7838.7181599837,75.9440716221546,1055.88993088415,                   161P   4609
7812.29642614672,85.49747594761,1049.08310545803,                    161P   4610
7785.85918510845,94.7203968893071,1042.5230346942,                   161P   4611
7759.40625587325,103.608977136225,1036.2127880924,                   161P   4612
7732.93744328798,112.159057663869,1028.13671767326,                  161P   4613
7697.62422972839,123.101744501346,1018.6833552554,                   161P   4614
7653.44191307262,135.910595728611,1008.39660774402,                  161P   4615
7600.35591274342,149.848643659251,999.199503377164,                  161P   4616
7547.2006349538,162.310277557264,992.47070553917,                    161P   4617
7502.84509560992,171.427474871354,987.664871588614,                  161P   4618
7467.32396657045,177.939148641461,984.352787660428,                  161P   4619
7440.66453644516,182.426863003088,981.336556022981,                  161P   4620
7413.98629658808,186.513711745727,978.317471388616,                  161P   4621
7384.32268187598,190.604426161899,975.427084162652,                  161P   4622
7351.6653285818,194.520761781974,972.816409608794,                   161P   4623
7316.00463543919,198.058100189746,970.752062886948,                  161P   4624
7280.30920780123,200.855190671708,969.23576199727,                   161P   4625
7244.57893644065,202.909705420344,968.266818291653,                  161P   4626
7208.81386514043,204.222577520688,967.842365145807,                  161P   4627
7173.01417615512,204.797691110728,967.957716232177,                  161P   4628
7137.18016743262,204.641395938818,968.606654582405,                  161P   4629
7101.31223423605,203.762115697955,969.781814242169,                  161P   4630
7065.41084487897,202.169830901833,972.039202111882,                  161P   4631
7017.49842451646,199.111178952682,975.723989865194,                  161P   4632
6963.52414026937,194.118468840662,981.247757815832,                  161P   4633
6903.4618246359,186.634029043881,986.283084712646,                   161P   4634
6858.35834438102,179.811403373656,990.831819925274,                  161P   4635
6822.24246943906,173.648086023137,994.500129789698,                  161P   4636
6795.13923901322,168.677702657725,998.421855306153,                  161P   4637
6768.01989689712,163.363953276917,1002.59392780871,                  161P   4638
6740.88463819078,157.710995775396,1007.01350475483,                  161P   4639
6713.73364361767,151.722681661527,1011.67803361556,                  161P   4640
6686.56707546282,145.402469489249,1016.58525195091,                  161P   4641
6659.38507756787,138.753424755865,1021.73322226411,                  161P   4642
6632.18777311524,131.778172676299,1027.12034058519,                  161P   4643
6604.97526408232,124.478886552644,1032.74534570774,                  161P   4644
6577.74763065423,116.857275258981,1038.60732868465,                  161P   4645
6550.50493062012,108.914570374756,1042.67293348534,                  161P   4646
6532.33310965922,103.405871486669,1044.74511000896,                  161P   4647
6523.24469584609,100.598171999963,1118.98993974555,                  161P   4648
8023.24469584609,-4.57078697018057D-13,1116.20061873906,             161P   4649
8014.47496869547,4.09118251084107,1110.69556557537,                  161P   4650
7996.93058243567,12.1656125145745,1102.65891942991,                  161P   4651
7970.59919597437,23.9532074453019,1094.84372590143,                  161P   4652
7944.25296765667,35.4159910433301,1087.25083918961,                  161P   4653
7917.89184023378,46.5527104277663,1079.88144569205,                  161P   4654
7891.5157341927,57.3616254729704,1072.73705684792,                   161P   4655
7865.12454823619,67.8405193048123,1065.81949867302,                  161P   4656
7838.71815998369,77.9867136500513,1059.13090915077,                  161P   4657
7812.29642614671,87.797072662917,1052.67369973373,                   161P   4658
7785.85918510844,97.2680593921529,1046.45057102674,                  161P   4659
7759.40625587325,106.395712777927,1040.4644348722,                   161P   4660
7732.93744328798,115.17576193189,1032.80317213977,                   161P   4661
7697.62422972838,126.412770518973,1023.83535865758,                  161P   4662
7653.44191307262,139.566137088743,1014.07696487735,                  161P   4663
7600.3559127434,153.879071983984,1005.35224737553,                   161P   4664
7547.20063495379,166.675882237339,998.969057849588,                  161P   4665
7502.84509560992,176.038301726287,994.410063854647,                  161P   4666
7467.32396657044,182.725117785057,991.268097050411,                  161P   4667
7440.66453644516,187.333536683179,988.406786804577,                  161P   4668
7413.98629658806,191.530308015226,985.542770099075,                  161P   4669
7384.32268187597,195.731048994531,982.800840573052,                  161P   4670
7351.66532858179,199.752720970191,980.324256958989,                  161P   4671
7316.00463543919,203.38520197361,978.365940378532,                   161P   4672
7280.30920780122,206.257524852949,976.927520590887,                  161P   4673
7244.57893644065,208.367299190422,976.008344318721,                  161P   4674
7208.81386514041,209.71548316794,975.605692174898,                   161P   4675
7173.01417615511,210.306065393845,975.715118533672,                  161P   4676
7137.18016743261,210.145566403517,976.330725746116,                  161P   4677
7101.31223423604,209.242636459185,977.445526192216,                  161P   4678
7065.41084487896,207.607524517037,979.586968832172,                  161P   4679
7017.49842451644,204.466605040134,983.082496437334,                  161P   4680
6963.52414026935,199.339607691595,988.322549501057,                  161P   4681
6903.46182463589,191.653861447088,993.099249096044,                  161P   4682
6858.35834438102,184.647729920028,997.41434960352,                   161P   4683
6822.24246943905,178.318639905726,1000.89424566643,                  161P   4684
6795.13923901322,173.214569818753,1004.61454130361,                  161P   4685
6768.01989689711,167.757898316719,1008.57232546373,                  161P   4686
6740.88463819076,161.952895127786,1012.76490160448,                  161P   4687
6713.73364361766,155.803515353047,1017.18984830136,                  161P   4688
6686.56707546281,149.313310569986,1021.84501931911,                  161P   4689
6659.38507756787,142.485428727564,1026.72857667574,                  161P   4690
6632.18777311524,135.322565650207,1031.83899878531,                  161P   4691
6604.97526408231,127.826953094607,1037.17508922018,                  161P   4692
6577.74763065423,120.000345897804,1042.73598571917,                  161P   4693
6550.50493062011,111.844008764715,1046.59277063154,                  161P   4694
6532.33310965921,106.18714426432,1048.55851485512,                   161P   4695
6523.2446958461,103.303927033469,1118.98993974555,                   161P   4696
8023.2446958461,-4.57931646629741D-13,1116.355543498,                161P   4697
8014.47496869549,4.19261761015867,1111.15625257257,                  161P   4698
7996.93058243568,12.467241715932,1103.56597866745,                   161P   4699
7970.59919597439,24.5470934352975,1096.18485743489,                  161P   4700
7944.25296765667,36.2940805831183,1089.01369563054,                  161P   4701
7917.89184023378,47.7069192151373,1082.05361375699,                  161P   4702
7891.51573419272,58.7838260617274,1075.30603930488,                  161P   4703
7865.12454823619,69.5225292845064,1068.77269686925,                  161P   4704
7838.71815998369,79.9202842062176,1062.45560568545,                  161P   4705
7812.29642614672,89.9738772322255,1056.35704326885,                  161P   4706
7785.85918510846,99.6796837175479,1050.47956022705,                  161P   4707
7759.40625587325,109.033644393472,1044.82590667256,                  161P   4708
7732.93744328798,118.031382480986,1037.5901665957,                   161P   4709
7697.62422972839,129.546996844958,1029.12044434738,                  161P   4710
7653.44191307261,143.026482584562,1019.9040522946,                   161P   4711
7600.35591274341,157.694286510573,1011.6639239643,                   161P   4712
7547.2006349538,170.80837562286,1005.63527021828,                    161P   4713
7502.84509560991,180.402923096318,1001.32949234438,                  161P   4714
7467.32396657045,187.255529326783,998.362036988831,                  161P   4715
7440.66453644515,191.978207470802,995.659649935784,                  161P   4716
7413.98629658807,196.279031828026,992.954706745525,                  161P   4717
7384.32268187598,200.583924254306,990.36506975586,                   161P   4718
7351.6653285818,204.705307913594,988.026040807794,                   161P   4719
7316.00463543919,208.427851159485,986.176493251549,                  161P   4720
7280.30920780122,211.371389232888,984.817966326126,                  161P   4721
7244.57893644065,213.533472448991,983.949843038551,                  161P   4722
7208.81386514042,214.915082746473,983.569555042191,                  161P   4723
7173.01417615512,215.520307625587,983.672903630706,                  161P   4724
7137.18016743261,215.355829289196,984.254318723002,                  161P   4725
7101.31223423605,214.430512470575,985.307200806191,                  161P   4726
7065.41084487896,212.754860234326,987.32970321518,                   161P   4727
7017.49842451645,209.536066089601,990.631081860689,                  161P   4728
6963.52414026936,204.281952073999,995.580091349384,                  161P   4729
6903.46182463589,196.405648592944,1000.09148299612,                  161P   4730
6858.35834438102,189.225809917584,1004.16691374014,                  161P   4731
6822.24246943907,182.73979904425,1007.45352905214,                   161P   4732
6795.13923901322,177.509180739321,1010.96719164015,                  161P   4733
6768.01989689711,171.917218764625,1014.7051521387,                   161P   4734
6740.88463819078,165.968288710216,1018.66486377719,                  161P   4735
6713.73364361767,159.666443738332,1022.84403962206,                  161P   4736
6686.56707546283,153.01532348282,1027.24065264451,                   161P   4737
6659.38507756787,146.018153941588,1031.85296694794,                  161P   4738
6632.18777311525,138.677697778232,1036.67954545848,                  161P   4739
6604.97526408231,130.996242082692,1041.71925820061,                  161P   4740
6577.74763065423,122.97558520074,1046.97129080493,                   161P   4741
6550.50493062011,114.61702319382,1050.61386176655,                   161P   4742
6532.33310965921,108.819904717799,1052.47042441896,                  161P   4743
6523.24469584609,105.86520218278,1118.98993974555,                   161P   4744
8023.24469584609,-4.58936852401848D-13,1116.51415269825,             161P   4745
8014.47496869548,4.28818895463009,1111.62789568957,                  161P   4746
7996.93058243567,12.7514343525152,1104.49460970908,                  161P   4747
7970.59919597437,25.1066480956256,1097.55788393783,                  161P   4748
7944.25296765668,37.1214095695962,1090.81847655911,                  161P   4749
7917.89184023378,48.7944055624416,1084.27744061333,                  161P   4750
7891.51573419271,60.1238121546515,1077.93611764619,                  161P   4751
7865.12454823618,71.1073057209407,1071.79612841994,                  161P   4752
7838.7181599837,81.7420790187293,1065.85937059773,                   161P   4753
7812.29642614671,92.0248451990082,1060.12798457251,                  161P   4754
7785.85918510844,101.951896992477,1054.60436738732,                  161P   4755
7759.40625587325,111.51908259878,1049.29110357855,                   161P   4756
7732.93744328798,120.721925469579,1042.49100599394,                  161P   4757
7697.62422972838,132.500039982537,1034.53122065184,                  161P   4758
7653.44191307262,146.28679261239,1025.86972028405,                   161P   4759
7600.3559127434,161.28895131915,1018.12570568977,                    161P   4760
7547.2006349538,174.701978051004,1012.46001934099,                   161P   4761
7502.84509560992,184.515234666816,1008.4134796078,                   161P   4762
7467.32396657044,191.524047079564,1005.62468595554,                  161P   4763
7440.66453644516,196.354379377087,1003.0850016279,                   161P   4764
7413.98629658807,200.75324166775,1000.54291506051,                   161P   4765
7384.32268187598,205.156264759712,998.109192448671,                  161P   4766
7351.66532858179,209.371595974936,995.910989510043,                  161P   4767
7316.00463543919,213.178995149981,994.172797737507,                  161P   4768
7280.30920780122,216.189631613311,992.896063697026,                  161P   4769
7244.57893644064,218.400999839176,992.08020754295,                   161P   4770
7208.81386514041,219.814104149696,991.722815561205,                  161P   4771
7173.01417615511,220.433125220304,991.819941837114,                  161P   4772
7137.18016743262,220.264897575675,992.366351647695,                  161P   4773
7101.31223423604,219.318488022,993.35584281718,7065.41084487897,     161P   4774
217.604639042812,995.256576342726,7017.49842451645,                  161P   4775
214.312472004915,998.359188752065,6963.52414026937,                  161P   4776
208.938589675759,1003.01023302849,6903.46182463589,                  161P   4777
200.882744680731,1007.2500071379,6858.35834438101,                   161P   4778
193.539240510644,1011.08006826007,6822.24246943905,                  161P   4779
186.905380050935,1014.16880619252,6795.13923901322,                  161P   4780
181.555529020686,1017.47092155653,6768.01989689712,                  161P   4781
175.836097437762,1020.98383051783,6740.88463819078,                  161P   4782
169.751560634442,1024.70513963928,6713.73364361767,                  161P   4783
163.306064165408,1028.63269967689,6686.56707546281,                  161P   4784
156.503330630498,1032.76460564322,6659.38507756787,                  161P   4785
149.346659564727,1037.09922615487,6632.18777311524,                  161P   4786
141.838876607019,1041.63521065996,6604.97526408231,                  161P   4787
133.982320981874,1046.37149721542,6577.74763065423,                  161P   4788
125.778832028615,1051.30732048264,6550.50493062012,                  161P   4789
117.229735352623,1054.73058302865,6532.33310965921,                  161P   4790
111.300470695272,1056.47536753919,6523.2446958461,                   161P   4791
108.278415274771,1118.98993974555,8023.2446958461,                   161P   4792
-4.60092908464462D-13,1116.67622451059,8014.47496869548,             161P   4793
4.37776287910203,1112.10983529091,7996.93058243568,                  161P   4794
13.0177929550842,1105.44351378057,7970.59919597439,                  161P   4795
25.6310888383061,1098.9608851089,7944.25296765668,                   161P   4796
37.89682090805,1092.66265782646,7917.89184023378,                    161P   4797
49.8136485212893,1086.54981603874,7891.51573419271,                  161P   4798
61.3797096595248,1080.62361347016,7865.12454823619,                  161P   4799
72.5926321603809,1074.88556478344,7838.71815998369,                  161P   4800
83.4495501421292,1069.33744341552,7812.29642614671,                  161P   4801
93.9471080983499,1063.98124964331,7785.85918510846,                  161P   4802
104.081521320365,1058.81922359287,7759.40625587325,                  161P   4803
113.848551282858,1053.85378060972,7732.93744328799,                  161P   4804
123.243627929011,1047.49883606877,7697.62422972839,                  161P   4805
135.267769832762,1040.06012011248,7653.44191307261,                  161P   4806
149.342507332629,1031.96562532122,7600.35591274341,                  161P   4807
164.658038944606,1024.72855516763,7547.2006349538,                   161P   4808
178.351243965253,1019.43376019082,7502.8450956099,                   161P   4809
188.369484996672,1015.65211805005,7467.32396657045,                  161P   4810
195.524701133765,1013.04588648121,7440.66453644515,                  161P   4811
200.455931928286,1010.67245685716,7413.98629658808,                  161P   4812
204.946679945704,1008.29678225058,7384.32268187598,                  161P   4813
209.441675677407,1006.02237779772,7351.6653285818,                   161P   4814
213.745058926686,1003.96807525413,7316.00463543919,                  161P   4815
217.631989038853,1002.34367028368,7280.30920780123,                  161P   4816
220.705513244773,1001.15051475615,7244.57893644065,                  161P   4817
222.963073681973,1000.38806678419,7208.81386514042,                  161P   4818
224.405695651372,1000.05407066205,7173.01417615512,                  161P   4819
225.037647156532,1000.14483878548,7137.18016743262,                  161P   4820
224.865905485236,1000.65547911081,7101.31223423606,                  161P   4821
223.899726835851,1001.58019547371,7065.41084487896,                  161P   4822
222.150078086494,1003.3565017681,7017.49842451645,                   161P   4823
218.789142548726,1006.25600865723,6963.52414026935,                  161P   4824
213.303007766392,1010.60258281541,6903.4618246359,                   161P   4825
205.078888085075,1014.56480967996,6858.35834438102,                  161P   4826
197.581988974883,1018.14414449349,6822.24246943906,                  161P   4827
190.809556982524,1021.03068516705,6795.13923901322,                  161P   4828
185.347955477388,1024.11663500013,6768.01989689711,                  161P   4829
179.50905342849,1027.39957930331,6740.88463819077,                   161P   4830
173.29741965118,1030.87728132043,6713.73364361766,                   161P   4831
166.717286294645,1034.54773250289,6686.56707546283,                  161P   4832
159.77245371833,1038.40915256896,6659.38507756787,                   161P   4833
152.466290379654,1042.46001693008,6632.18777311524,                  161P   4834
144.801680940961,1046.69906344518,6604.97526408232,                  161P   4835
136.781013489686,1051.12529968894,6577.74763065423,                  161P   4836
128.406165786235,1055.73801042387,6550.5049306201,                   161P   4837
119.678491125917,1058.93717681205,6532.33310965921,                  161P   4838
113.625372900047,1060.56774294179,6523.24469584609,                  161P   4839
110.540191211823,1118.98993974555,8023.24469584609,                  161P   4840
-4.61398197968017D-13,1116.84153226287,8014.47496869549,             161P   4841
4.4612141063317,1112.60139734044,7996.93058243567,                   161P   4842
13.2659449971146,1106.41136375363,7970.59919597437,                  161P   4843
26.1196821856241,1100.39189872391,7944.25296765667,                  161P   4844
38.6192301157525,1094.54366017808,7917.89184023378,                  161P   4845
50.7632225884201,1088.86756191037,7891.51573419272,                  161P   4846
62.5497620903527,1083.3647680705,7865.12454823618,                   161P   4847
73.9764312397603,1078.03668510325,7838.71815998369,                  161P   4848
85.0403095239657,1072.88495973899,7812.29642614671,                  161P   4849
95.7379774721124,1067.91144934109,7785.85918510844,                  161P   4850
106.065578229411,1063.11823398557,7759.40625587325,                  161P   4851
116.018792473531,1058.50755644904,7732.93744328798,                  161P   4852
125.592963030826,1052.6066529163,7697.62422972838,                   161P   4853
137.846315475669,1045.69941006269,7653.44191307263,                  161P   4854
152.189353052488,1038.18324173082,7600.3559127434,                   161P   4855
167.796837413857,1031.46323771492,7547.20063495379,                  161P   4856
181.75106953791,1026.54673935958,7502.84509560993,                   161P   4857
191.96028356898,1023.03528377973,7467.32396657045,                   161P   4858
199.251896213661,1020.61525934479,7440.66453644516,                  161P   4859
204.277128733021,1018.41140388029,7413.98629658806,                  161P   4860
208.853481760028,1016.20546383024,7384.32268187598,                  161P   4861
213.434163473493,1014.09355849665,7351.66532858179,                  161P   4862
217.819580086234,1012.18602947595,7316.00463543919,                  161P   4863
221.780604912295,1010.67768318481,7280.30920780122,                  161P   4864
224.912718259291,1009.56977490612,7244.57893644065,                  161P   4865
227.213313505417,1008.8618014687,7208.81386514041,                   161P   4866
228.683435496428,1008.55166832995,7173.01417615511,                  161P   4867
229.327433594815,1008.63595135348,7137.18016743261,                  161P   4868
229.152418093112,1009.11010801688,7101.31223423603,                  161P   4869
228.167821636218,1009.96875627377,7065.41084487896,                  161P   4870
226.38482015868,1011.61815101202,7017.49842451645,                   161P   4871
222.959816693289,1014.31049715841,6963.52414026937,                  161P   4872
217.369102313342,1018.34652212132,6903.46182463589,                  161P   4873
208.98821012075,1022.02566020853,6858.35834438101,                   161P   4874
201.348401161748,1025.34926269,6822.24246943906,                     161P   4875
194.446869495258,1028.02956901656,6795.13923901322,                  161P   4876
188.88115605879,1030.89503733883,6768.01989689711,                   161P   4877
182.930949776398,1033.94342548944,6740.88463819078,                  161P   4878
176.600906556606,1037.1726565215,6713.73364361767,                   161P   4879
169.89533922406,1040.58086539095,6686.56707546281,                   161P   4880
162.818120582665,1044.16639901166,6659.38507756786,                  161P   4881
155.372683301151,1047.92784172215,6632.18777311525,                  161P   4882
147.561967030821,1051.86402155745,6604.97526408231,                  161P   4883
139.388405382095,1055.97401699787,6577.74763065423,                  161P   4884
130.853911910237,1060.25716390747,6550.50493062012,                  161P   4885
121.959865707786,1063.22775981436,6532.33310965922,                  161P   4886
115.791359746559,1064.74182706913,6523.2446958461,                   161P   4887
112.647366696181,1118.98993974555,8023.2446958461,                   161P   4888
-4.62850895347384D-13,1117.0098447573,8014.47496869548,              161P   4889
4.53842592224196,1113.10189434421,7996.93058243568,                  161P   4890
13.4955434155163,1107.39680600264,7970.59919597438,                  161P   4891
26.5717447955866,1101.84892338101,7944.25296765668,                  161P   4892
39.2876268380695,1096.45885286224,7917.89184023378,                  161P   4893
51.6417996985979,1091.22743665124,7891.5157341927,                   161P   4894
63.6323330229587,1086.15574769485,7865.1245482362,                   161P   4895
75.2567675908787,1081.24508225289,7838.71815998369,                  161P   4896
86.5121323433311,1076.49695804606,7812.29642614671,                  161P   4897
97.3949486274638,1071.9130869265,7785.85918510845,                   161P   4898
107.901292836531,1067.495386011,7759.40625587325,                    161P   4899
118.026770892162,1063.24592237054,7732.93744328798,                  161P   4900
127.766645017348,1057.80731279319,7697.62422972839,                  161P   4901
140.232070581903,1051.441203446,7653.44191307262,                    161P   4902
154.823348200683,1044.51387361457,7600.35591274341,                  161P   4903
170.700956833289,1038.32033426964,7547.2006349538,                   161P   4904
184.896699805337,1033.78900870331,7502.8450956099,                   161P   4905
195.282608327089,1030.55265077251,7467.32396657045,                  161P   4906
202.700419499744,1028.3222180945,7440.66453644516,                   161P   4907
207.812625501867,1026.29101908067,7413.98629658807,                  161P   4908
212.468183094949,1024.25789879381,7384.32268187598,                  161P   4909
217.1281442926,1022.31144627006,7351.6653285818,                     161P   4910
221.589460867125,1020.55335862407,7316.00463543919,                  161P   4911
225.619040555696,1019.16318057093,7280.30920780123,                  161P   4912
228.805362500034,1018.142069051,7244.57893644064,                    161P   4913
231.145774964611,1017.48956031298,7208.81386514042,                  161P   4914
232.641340878694,1017.20372390687,7173.01417615512,                  161P   4915
233.296484880739,1017.28140395305,7137.18016743262,                  161P   4916
233.118440323629,1017.71841380357,7101.31223423606,                  161P   4917
232.116803106407,1018.50979305719,7065.41084487896,                  161P   4918
230.302942589472,1020.02996941164,7017.49842451645,                  161P   4919
226.818661373509,1022.51138932573,6963.52414026935,                  161P   4920
221.131186515535,1026.23122034753,6903.4618246359,                   161P   4921
212.605243247229,1029.62212405005,6858.35834438102,                  161P   4922
204.833209403057,1032.68534584089,6822.24246943906,                  161P   4923
197.81223047853,1035.15566916967,6795.13923901323,                   161P   4924
192.150189264238,1037.79664836457,6768.01989689711,                  161P   4925
186.097000649875,1040.60621691614,6740.88463819077,                  161P   4926
179.657401125423,1043.58246059153,6713.73364361766,                  161P   4927
172.83577815912,1046.72366045968,6686.56707546283,                   161P   4928
165.636071582857,1050.02829294201,6659.38507756788,                  161P   4929
158.061773475785,1053.49505328414,6632.18777311524,                  161P   4930
150.115874366792,1057.12286133617,6604.97526408232,                  161P   4931
141.800849985657,1060.91086777301,6577.74763065423,                  161P   4932
133.118647006226,1064.85846048903,6550.5049306201,                   161P   4933
124.070668389482,1067.59633126763,6532.33310965921,                  161P   4934
117.795401906265,1068.99178208747,6523.2446958461,                   161P   4935
114.596994652299,1118.98993974555,8023.24469584609,                  161P   4936
-4.64448968873896D-13,1117.1809265936,8014.47496869547,              161P   4937
4.60929033911197,1113.61062631187,7996.93058243567,                  161P   4938
13.706267096124,1108.39846229745,7970.59919597438,                   161P   4939
26.9866444177115,1103.32992129942,7944.25296765667,                  161P   4940
39.9010762616856,1098.4055573087,7917.89184023378,                   161P   4941
52.4481510822062,1093.62613976301,7891.51573419272,                  161P   4942
64.6259083839021,1088.9926489057,7865.12454823618,                   161P   4943
76.4318505474564,1084.50626899867,7838.71815998369,                  161P   4944
87.8629601227872,1080.16838663032,7812.29642614671,                  161P   4945
98.9157041402576,1075.98056574733,7785.85918510844,                  161P   4946
109.586097728687,1071.94455782604,7759.40625587324,                  161P   4947
119.869678199173,1068.0622513408,7732.93744328798,                   161P   4948
129.761633797563,1063.0935421061,7697.62422972838,                   161P   4949
142.421698456996,1057.27746984486,7653.44191307262,                  161P   4950
157.240808896576,1050.94866701104,7600.3559127434,                   161P   4951
173.36633552902,1045.29025456187,7547.2006349538,                    161P   4952
187.783735318872,1041.15043925308,7502.84509560992,                  161P   4953
198.331812699096,1038.19370531054,7467.32396657045,                  161P   4954
205.865447920048,1036.15598385123,7440.66453644516,                  161P   4955
211.057477522571,1034.30028210357,7413.98629658807,                  161P   4956
215.785728463455,1032.44282508245,7384.32268187598,                  161P   4957
220.518451768183,1030.66454765839,7351.66532858179,                  161P   4958
225.049428749851,1029.05836023166,7316.00463543918,                  161P   4959
229.141927569362,1027.78829470622,7280.30920780122,                  161P   4960
232.378001751682,1026.85540806183,7244.57893644065,                  161P   4961
234.754958156248,1026.25927661571,7208.81386514042,                  161P   4962
236.273876309236,1025.99813671028,7173.01417615511,                  161P   4963
236.939249936808,1026.06910513655,7137.18016743261,                  161P   4964
236.758425335709,1026.46835697639,7101.31223423604,                  161P   4965
235.741148238373,1027.19136041131,7065.41084487897,                  161P   4966
233.898965529999,1028.58019227785,7017.49842451644,                  161P   4967
230.360279645803,1030.84721546953,6963.52414026937,                  161P   4968
224.583998757683,1034.24565003017,6903.46182463589,                  161P   4969
215.924928716273,1037.34357686259,6858.35834438101,                  161P   4970
208.031539879051,1040.14213377012,6822.24246943905,                  161P   4971
200.900933170379,1042.39901913059,6795.13923901322,                  161P   4972
195.150483054892,1044.81181554992,6768.01989689711,                  161P   4973
189.002778040191,1047.37863506676,6740.88463819078,                  161P   4974
182.462628573316,1050.0977288396,6713.73364361767,                   161P   4975
175.534490629813,1052.9675264544,6686.56707546281,                   161P   4976
168.222365559362,1055.98663597105,6659.38507756786,                  161P   4977
160.529799967536,1059.15386536697,6632.18777311524,                  161P   4978
152.459831078287,1062.46822781817,6604.97526408231,                  161P   4979
144.014973278225,1065.92894738189,6577.74763065422,                  161P   4980
135.197203637173,1069.53546483896,6550.50493062012,                  161P   4981
126.007947022392,1072.03678132944,6532.33310965921,                  161P   4982
119.634696544797,1073.31166405019,6523.24469584609,                  161P   4983
116.386348349006,1118.98993974555,8023.2446958461,                   161P   4984
-4.66190183497011D-13,1117.35453849839,8014.47496869549,             161P   4985
4.67370824667216,1114.1268817358,7996.93058243568,                   161P   4986
13.897821322876,1109.41493173122,7970.59919597437,                   161P   4987
27.3638007774869,1104.83282116969,7944.25296765669,                  161P   4988
40.4587204222941,1100.38105087534,7917.89184023378,                  161P   4989
53.1811489841657,1096.06031644259,7891.5157341927,                   161P   4990
65.529098568497,1091.8715040403,7865.12454823619,                    161P   4991
77.5000366500768,1087.81568427619,7838.71815998369,                  161P   4992
89.090903607944,1083.89411066705,7812.29642614672,                   161P   4993
100.298117096855,1080.10819706684,7785.85918510844,                  161P   4994
111.117636554394,1076.4595268618,7759.40625587326,                   161P   4995
121.544936922609,1072.94980728844,7732.93744328799,                  161P   4996
131.575139199865,1068.45794758556,7697.62422972839,                  161P   4997
144.41213670903,1063.20004671326,7653.44191307262,                   161P   4998
159.438354103515,1057.47862228009,7600.35591274342,                  161P   4999
175.789245728733,1052.36325052816,7547.20063495379,                  161P   5000
190.40813829916,1048.62073538296,7502.84509560991,                   161P   5001
201.103632097883,1045.94776068847,7467.32396657045,                  161P   5002
208.742554897084,1044.10560038557,7440.66453644516,                  161P   5003
214.007146577145,1042.42799127078,7413.98629658807,                  161P   5004
218.801477979363,1040.74879533701,7384.32268187598,                  161P   5005
223.600344249693,1039.14118009441,7351.6653285818,                   161P   5006
228.194644657504,1037.68913928532,7316.0046354392,                   161P   5007
232.344338878313,1036.54096258905,7280.30920780122,                  161P   5008
235.625639356266,1035.69760554654,7244.57893644065,                  161P   5009
238.035815312361,1035.15868513602,7208.81386514041,                  161P   5010
239.575961359879,1034.92260695906,7173.01417615512,                  161P   5011
240.250634027798,1034.98676450966,7137.18016743262,                  161P   5012
240.067282282261,1035.34769994902,7101.31223423605,                  161P   5013
239.035788058819,1036.00131637956,7065.41084487895,                  161P   5014
237.167859618088,1037.25686135125,7017.49842451645,                  161P   5015
233.579718237842,1039.30631718357,6963.52414026936,                  161P   5016
227.722709970684,1042.37860226503,6903.4618246359,                   161P   5017
218.942623648583,1045.17921949653,6858.35834438102,                  161P   5018
210.938919436313,1047.70919748586,6822.24246943905,                  161P   5019
203.708657741733,1049.74948841976,6795.13923901323,                  161P   5020
197.877841249489,1051.93072754954,6768.01989689711,                  161P   5021
191.64421795579,1054.25120810248,6740.88463819077,                   161P   5022
185.012665536878,1056.70934907423,6713.73364361766,                  161P   5023
177.987702243536,1059.30373076422,6686.56707546282,                  161P   5024
170.573385346967,1062.0330948175,6659.38507756788,                   161P   5025
162.77331101893,1064.89636361054,6632.18777311524,                   161P   5026
154.590558930605,1067.89264502529,6604.97526408232,                  161P   5027
146.027678608832,1071.02123758666,6577.74763065424,                  161P   5028
137.086674754305,1074.281635744,6550.50493062011,                    161P   5029
127.768992147754,1076.54289962905,6532.33310965922,                  161P   5030
121.306671242846,1077.69543121195,6523.24469584611,                  161P   5031
118.012925213895,1118.98993974555,8023.2446958461,                   161P   5032
-4.68072103971172D-13,1117.53043765969,8014.47496869548,             161P   5033
4.73158955060735,1114.64993858606,7996.93058243567,                  161P   5034
14.0699381897355,1110.44479267946,7970.59919597439,                  161P   5035
27.7026863873792,1106.35552105037,7944.25296765666,                  161P   5036
40.9597794037301,1102.38257065569,7917.89184023378,                  161P   5037
53.8397682401247,1098.52656227363,7891.51573419272,                  161P   5038
66.3406403829792,1094.78828675928,7865.12454823618,                  161P   5039
78.4598319431509,1091.16869956874,7838.71815998369,                  161P   5040
90.1942454079579,1087.66891939411,7812.29642614671,                  161P   5041
101.540254066782,1084.29020801914,7785.85918510845,                  161P   5042
112.493767317068,1081.03397852555,7759.40625587324,                  161P   5043
123.050204060507,1077.90175452425,7732.93744328797,                  161P   5044
133.204624871722,1073.89302662513,7697.62422972838,                  161P   5045
146.200601528755,1069.20065079156,7653.44191307262,                  161P   5046
161.412910354308,1064.09460668842,7600.3559127434,                   161P   5047
177.966298771756,1059.52942994367,7547.2006349538,                   161P   5048
192.766238279522,1056.18944920788,7502.84509560992,                  161P   5049
203.594189881477,1053.80397215824,7467.32396657045,                  161P   5050
211.327716534608,1052.15994943951,7440.66453644515,                  161P   5051
216.657507284669,1050.66277924562,7413.98629658807,                  161P   5052
221.511213842205,1049.16419290654,7384.32268187597,                  161P   5053
226.369511429698,1047.72948824071,7351.66532858179,                  161P   5054
231.020709719072,1046.43362485956,7316.00463543919,                  161P   5055
235.221795618555,1045.40894282142,7280.30920780122,                  161P   5056
238.543733196697,1044.65629489186,7244.57893644065,                  161P   5057
240.983757855298,1044.17533924589,7208.81386514042,                  161P   5058
242.542977763821,1043.96465297406,7173.01417615512,                  161P   5059
243.226005881351,1044.02190991885,7137.18016743261,                  161P   5060
243.040383425374,1044.34402415689,7101.31223423604,                  161P   5061
241.996114713773,1044.92733944137,7065.41084487897,                  161P   5062
240.105053007528,1046.04784152503,7017.49842451645,                  161P   5063
236.472474471423,1047.87686364873,6963.52414026935,                  161P   5064
230.542930380939,1050.6187023825,6903.46182463589,                   161P   5065
221.654107522842,1053.11809309667,6858.35834438102,                  161P   5066
213.551281839641,1055.37595376481,6822.24246943906,                  161P   5067
206.231477333958,1057.19679674078,6795.13923901322,                  161P   5068
200.328449389101,1059.14342792087,6768.01989689711,                  161P   5069
194.017626102284,1061.21432410803,6740.88463819077,                  161P   5070
187.303945557083,1063.40807434629,6713.73364361766,                  161P   5071
180.191981960328,1065.72341163408,6686.56707546282,                  161P   5072
172.685842830297,1068.15921296159,6659.38507756786,                  161P   5073
164.789168875352,1070.71451661143,6632.18777311524,                  161P   5074
156.505077906709,1073.38852641927,6604.97526408231,                  161P   5075
147.836151025692,1076.1806163587,6577.74763065423,                   161P   5076
138.784417760111,1079.09033525468,6550.50493062011,                  161P   5077
129.35134078351,1081.10838395229,6532.33310965921,                   161P   5078
122.808987591457,1082.13695247772,6523.24469584609,                  161P   5079
119.47445033102,1118.98993974555,8023.24469584609,                   161P   5080
-4.70092098259328D-13,1117.70837806664,8014.47496869548,             161P   5081
4.78285329876795,1115.17906532042,7996.93058243567,                  161P   5082
14.222376975956,1111.48660478862,7970.59919597436,                   161P   5083
28.0028272857255,1107.89589130813,7944.25296765668,                  161P   5084
41.4035524304465,1104.40731734351,7917.89184023378,                  161P   5085
54.4230877124813,1101.02142798859,7891.51573419271,                  161P   5086
67.0593988139481,1097.73891767852,7865.12454823618,                  161P   5087
79.3098940676042,1094.56062538158,7838.71815998369,                  161P   5088
91.1714424011975,1091.4875334005,7812.2964261467,                    161P   5089
102.640377811019,1088.52074968419,7785.85918510844,                  161P   5090
113.71256537545,1085.66151503344,7759.40625587325,                   161P   5091
124.383374362909,1082.91116730273,7732.93744328798,                  161P   5092
134.647811832503,1079.39117777584,7697.62422972838,                  161P   5093
147.784591589068,1075.27088969293,7653.44191307262,                  161P   5094
163.161716056433,1070.78736718427,7600.35591274341,                  161P   5095
179.894449855798,1066.77877025917,7547.20063495379,                  161P   5096
194.85473724742,1063.84599519792,7502.84509560991,                   161P   5097
205.800002783324,1061.75135209849,7467.32396657044,                  161P   5098
213.617317254163,1060.30776627837,7440.66453644516,                  161P   5099
219.004852879987,1058.99312893329,7413.98629658806,                  161P   5100
223.911146245391,1057.67724809742,7384.32268187598,                  161P   5101
228.822080381628,1056.41746057254,7351.6653285818,                   161P   5102
233.523671431235,1055.27958700152,7316.00463543919,                  161P   5103
237.770273410938,1054.37983273198,7280.30920780122,                  161P   5104
241.128202059224,1053.71894656156,7244.57893644064,                  161P   5105
243.594662825239,1053.29662834009,7208.81386514042,                  161P   5106
245.170775884757,1053.1116286372,7173.01417615511,                   161P   5107
245.861204175321,1053.16190489717,7137.18016743262,                  161P   5108
245.673570618691,1053.44474742799,7101.31223423605,                  161P   5109
244.617987923138,1053.95694574723,7065.41084487895,                  161P   5110
242.706437772147,1054.94083781939,7017.49842451644,                  161P   5111
239.034502569693,1056.54686818158,6963.52414026937,                  161P   5112
233.040715659388,1058.95442585829,6903.46182463589,                  161P   5113
224.055588087715,1061.14909443117,6858.35834438101,                  161P   5114
215.864973467885,1063.13167995581,6822.24246943905,                  161P   5115
208.465863559493,1064.7305283603,6795.13923901323,                   161P   5116
202.498880080305,1066.43982905096,6768.01989689711,                  161P   5117
196.119683057305,1068.25824453673,6740.88463819078,                  161P   5118
189.333264075048,1070.18453588342,6713.73364361767,                  161P   5119
182.144246898973,1072.21759056044,6686.56707546282,                  161P   5120
174.556783549691,1074.35642247375,6659.38507756787,                  161P   5121
166.574554180314,1076.60018715715,6632.18777311524,                  161P   5122
158.200710381546,1078.94818551355,6604.97526408232,                  161P   5123
149.437861219297,1081.39986784077,6577.74763065423,                  161P   5124
140.288058210012,1083.95483797039,6550.50493062011,                  161P   5125
130.752779874368,1085.72684905698,6532.33310965921,                  161P   5126
124.139544467612,1086.63001597883,6523.24469584609,                  161P   5127
120.768879627527,1118.98993974555,8023.24469584611,                  161P   5128
-4.72247341218941D-13,1117.88811085346,8014.47496869548,             161P   5129
4.82742779400043,1115.7135219072,7996.93058243568,                   161P   5130
14.3549244816217,1112.53891099007,7970.59919597438,                  161P   5131
28.2638036973745,1109.45177759561,7944.25296765668,                  161P   5132
41.7894188443112,1106.45245914714,7917.89184023379,                  161P   5133
54.9302915743322,1103.54142429173,7891.51573419272,                  161P   5134
67.6843686104345,1100.71927007338,7865.12454823619,                  161P   5135
80.0490341319566,1097.98671779914,7838.7181599837,                   161P   5136
92.0211278861649,1095.34461200859,7812.29642614672,                  161P   5137
103.596949703497,1092.79390526618,7785.85918510845,                  161P   5138
114.77232612633,1090.33566435643,7759.40625587325,                   161P   5139
125.542583266311,1087.97103950625,7732.93744328799,                  161P   5140
135.902681650107,1084.94471137519,7697.62422972838,                  161P   5141
149.16189153155,1081.40227363833,7653.44191307263,                   161P   5142
164.682325341361,1077.5475433357,7600.35591274341,                   161P   5143
181.571002281021,1074.1011326155,7547.2006349538,                    161P   5144
196.670714241485,1071.57966497981,7502.84509560992,                  161P   5145
207.717985767532,1069.77878537836,7467.32396657046,                  161P   5146
215.60815483475,1068.53765544213,7440.66453644516,                   161P   5147
221.045900380482,1067.40738958504,7413.98629658808,                  161P   5148
225.99791865873,1066.27605463068,7384.32268187598,                   161P   5149
230.954620958146,1065.19294617353,7351.66532858179,                  161P   5150
235.700029167666,1064.21465383165,7316.0046354392,                   161P   5151
239.986207970632,1063.44108571842,7280.30920780123,                  161P   5152
243.375431322137,1062.8728856162,7244.57893644065,                   161P   5153
245.864878627106,1062.50979546945,7208.81386514042,                  161P   5154
247.45568050095,1062.35074107431,7173.01417615512,                   161P   5155
248.152543338138,1062.39396633357,7137.18016743262,                  161P   5156
247.963161103354,1062.63714157631,7101.31223423604,                  161P   5157
246.897740751722,1063.07750657467,7065.41084487897,                  161P   5158
244.968375631764,1063.92341257328,7017.49842451645,                  161P   5159
241.262219296452,1065.30420499536,6963.52414026936,                  161P   5160
235.212572419435,1067.3741144279,6903.4618246359,                    161P   5161
226.14370664776,1069.26099141708,6858.35834438102,                   161P   5162
217.876758406654,1070.96552897313,6822.24246943906,                  161P   5163
210.408691419979,1072.34014667209,6795.13923901322,                  161P   5164
204.386097772543,1073.80972626176,6768.01989689711,                  161P   5165
197.947448897368,1075.37311782771,6740.88463819078,                  161P   5166
191.097782898807,1077.02925619021,6713.73364361766,                  161P   5167
183.841766634148,1078.77718484571,6686.56707546282,                  161P   5168
176.183590819364,1080.61605599501,6659.38507756788,                  161P   5169
168.126969905285,1082.54514360422,6632.18777311525,                  161P   5170
159.675084854326,1084.5638466212,6604.97526408231,                   161P   5171
150.830569047959,1086.67169243683,6577.74763065424,                  161P   5172
141.595493122041,1088.86834044337,6550.50493062012,                  161P   5173
131.971349376532,1090.39183560121,6532.33310965922,                  161P   5174
125.296480962928,1091.16833775889,6523.24469584611,                  161P   5175
121.894402722838,1118.98993974555,8023.24469584609,                  161P   5176
-4.74534818543784D-13,1118.06938464766,8014.47496869548,             161P   5177
4.86525069515814,1116.2525608607,7996.93058243567,                   161P   5178
14.4673953279918,1113.60023953878,7970.59919597438,                  161P   5179
28.485250625052,1111.02100386567,7944.25296765667,                   161P   5180
42.1168389789674,1108.5151357515,7917.89184023378,                   161P   5181
55.3606704587809,1106.08302674117,7891.51573419271,                  161P   5182
68.2146757000619,1103.7251756525,7865.12454823618,                   161P   5183
80.6762183871923,1101.44218512251,7838.71815998368,                  161P   5184
92.7421135068543,1099.23476074643,7812.29642614671,                  161P   5185
104.408631898654,1097.10369837203,7785.85918510845,                  161P   5186
115.671567405925,1095.04988927556,7759.40625587325,                  161P   5187
126.526209520394,1093.07429444766,7732.93744328797,                  161P   5188
136.967479284451,1090.54586030607,7697.62422972839,                  161P   5189
150.330575087374,1087.58622733488,7653.44191307261,                  161P   5190
165.972611510204,1084.36568042732,7600.35591274341,                  161P   5191
182.993611249046,1081.48627602913,7547.20063495379,                  161P   5192
198.211629466456,1079.37964231962,7502.84509560991,                  161P   5193
209.345456374958,1077.87504490915,7467.32396657044,                  161P   5194
217.297444923994,1076.8381066893,7440.66453644516,                   161P   5195
222.777795211023,1075.89379309924,7413.98629658806,                  161P   5196
227.768612556985,1074.94858630067,7384.32268187598,                  161P   5197
232.764150623426,1074.04367173638,7351.66532858179,                  161P   5198
237.546739110584,1073.22632885401,7316.00463543919,                  161P   5199
241.866500128371,1072.58002880205,7280.30920780121,                  161P   5200
245.282278047917,1072.10530944729,7244.57893644064,                  161P   5201
247.791230174784,1071.80195518965,7208.81386514042,                  161P   5202
249.394495982757,1071.66906855423,7173.01417615512,                  161P   5203
250.096818740908,1071.70518235833,7137.18016743261,                  161P   5204
249.905952696143,1071.90835021044,7101.31223423605,                  161P   5205
248.832184775085,1072.27626599762,7065.41084487896,                  161P   5206
246.88770307766,1072.98300284665,7017.49842451644,                   161P   5207
243.152509004087,1074.13662616547,6963.52414026936,                  161P   5208
237.055463138288,1075.86599239828,6903.46182463589,                  161P   5209
227.915542795041,1077.44243883561,6858.35834438102,                  161P   5210
219.583823006947,1078.86654447311,6822.24246943906,                  161P   5211
212.057243708639,1080.01500893933,6795.13923901322,                  161P   5212
205.987463034498,1081.24281208803,6768.01989689711,                  161P   5213
199.498367339529,1082.54899318963,6740.88463819077,                  161P   5214
192.595034201638,1083.93266230864,6713.73364361767,                  161P   5215
185.282167042946,1085.39302030625,6686.56707546282,                  161P   5216
177.563989413688,1086.92935886392,6659.38507756787,                  161P   5217
169.444244867419,1088.54107139541,6632.18777311524,                  161P   5218
160.926139289397,1090.22765573419,6604.97526408231,                  161P   5219
152.012326693644,1091.98871702518,6577.74763065423,                  161P   5220
142.704893939445,1093.8239706977,6550.50493062011,                   161P   5221
133.005345018936,1095.09681918102,6532.33310965921,                  161P   5222
126.278179005242,1095.74557056603,6523.24469584609,                  161P   5223
122.849445479044,1118.98993974555,8023.24469584611,                  161P   5224
-4.76951330997703D-13,1118.25194592132,8014.47496869548,             161P   5225
4.89626910289487,1116.79542828588,7996.93058243567,                  161P   5226
14.5596322126487,1114.66910607016,7970.59919597437,                  161P   5227
28.6668583517181,1112.6013754125,7944.25296765668,                   161P   5228
42.3853549025951,1110.5924623156,7917.89184023378,                   161P   5229
55.7136224352649,1108.64268067452,7891.51573419272,                  161P   5230
68.6495783920637,1106.75243038328,7865.12454823618,                  161P   5231
81.1905696495417,1104.92219456605,7838.7181599837,                   161P   5232
93.3333908883285,1103.15253888686,7812.29642614671,                  161P   5233
105.074289172766,1101.44410136373,7785.85918510844,                  161P   5234
116.409031529834,1099.79759651812,7759.40625587326,                  161P   5235
127.332877419413,1098.21379476036,7732.93744328799,                  161P   5236
137.840715502994,1096.18679085181,7697.62422972838,                  161P   5237
151.289007728515,1093.8141019604,7653.44191307262,                   161P   5238
167.030769960764,1091.23224267369,7600.35591274341,                  161P   5239
184.160287090199,1088.92387170473,7547.2006349538,                   161P   5240
199.475327788793,1087.23501823892,7502.84509560991,                  161P   5241
210.680138415172,1086.02880733486,7467.32396657045,                  161P   5242
218.682824870357,1085.19751108317,7440.66453644516,                  161P   5243
224.198115132817,1084.44047046801,7413.98629658807,                  161P   5244
229.220751436749,1083.68271378234,7384.32268187598,                  161P   5245
234.248138558115,1082.95725871568,7351.6653285818,                   161P   5246
239.061218440071,1082.30200842068,7316.00463543919,                  161P   5247
243.408520095941,1081.783880339,7280.30920780123,                    161P   5248
246.846075308969,1081.40330566959,7244.57893644065,                  161P   5249
249.371023261118,1081.16011156943,7208.81386514042,                  161P   5250
250.984510690885,1081.05357854768,7173.01417615511,                  161P   5251
251.691311108061,1081.08253038822,7137.18016743262,                  161P   5252
251.49922819675,1081.24540670108,7101.31223423604,                   161P   5253
250.418614467888,1081.54035871361,7065.41084487897,                  161P   5254
248.461735726625,1082.10693797773,7017.49842451645,                  161P   5255
244.702727921756,1083.03177874687,6963.52414026937,                  161P   5256
238.566810337618,1084.41818310502,6903.46182463589,                  161P   5257
229.368618428596,1085.68199418775,6858.35834438102,                  161P   5258
220.983779757686,1086.82367616628,6822.24246943906,                  161P   5259
213.409214750074,1087.74438116848,6795.13923901323,                  161P   5260
207.300736186835,1088.72869068257,6768.01989689711,                  161P   5261
200.770269259688,1089.77583450753,6740.88463819079,                  161P   5262
193.822923918636,1090.88509919679,6713.73364361767,                  161P   5263
186.463433572472,1092.05584409393,6686.56707546282,                  161P   5264
178.696048698673,1093.28750135168,6659.38507756786,                  161P   5265
170.524536717827,1094.57958467987,6632.18777311525,                  161P   5266
161.952123954312,1095.93169149988,6604.97526408232,                  161P   5267
152.981481342816,1097.34350526292,6577.74763065423,                  161P   5268
143.614709047399,1098.81479783336,6550.50493062012,                  161P   5269
133.853320648898,1099.83521944855,6532.33310965921,                  161P   5270
127.083265585611,1100.35531272345,6523.2446958461,                   161P   5271
123.632672167458,1118.98993974555,8023.24469584609,                  161P   5272
-4.79493498854851D-13,1118.43553934623,8014.47496869548,             161P   5273
4.92043963629951,1117.34136493417,7996.93058243567,                  161P   5274
14.6315061373277,1115.74401567895,7970.59919597437,                  161P   5275
28.8083728891679,1114.19068194541,7944.25296765667,                  161P   5276
42.5945910811834,1112.68153351276,7917.89184023378,                  161P   5277
55.9886538813971,1111.21680618724,7891.5157341927,                   161P   5278
68.9884684515544,1109.79680037976,7865.12454823619,                  161P   5279
81.591368571008,1108.42187902591,7838.71815998368,                   161P   5280
93.7941330972607,1107.09246706743,7812.29642614671,                  161P   5281
105.592990568212,1105.80904380024,7785.85918510845,                  161P   5282
116.983687114681,1104.57214599171,7759.40625587324,                  161P   5283
127.961458794776,1103.38235239434,7732.93744328798,                  161P   5284
138.52116903776,1101.85961366749,7697.62422972839,                   161P   5285
152.035849035195,1100.07718727622,7653.44191307262,                  161P   5286
167.855320801347,1098.13762657454,7600.35591274341,                  161P   5287
185.069398145352,1096.40351750076,7547.20063495378,                  161P   5288
200.460041858197,1095.13480629329,7502.84509560991,                  161P   5289
211.720165263308,1094.22866889087,7467.32396657045,                  161P   5290
219.76235714522,1093.60417725046,7440.66453644516,                   161P   5291
225.304873751801,1093.0354684001,7413.98629658806,                   161P   5292
230.352304403431,1092.4662216187,7384.32268187597,235.404509325,     161P   5293
1091.92124066434,7351.66532858178,240.241349075054,                  161P   5294
1091.4289993836,7316.00463543919,244.610111275202,                   161P   5295
1091.03976792129,7280.30920780122,248.064636050432,                  161P   5296
1090.75387020539,7244.57893644064,250.602048460218,                  161P   5297
1090.57117639167,7208.81386514042,252.223500903958,                  161P   5298
1090.49114597969,7173.01417615511,252.933790455968,                  161P   5299
1090.51289536487,7137.18016743262,252.740759323405,                  161P   5300
1090.63525234122,7101.31223423604,251.654811122583,                  161P   5301
1090.856828062,7065.41084487896,249.688272209061,                    161P   5302
1091.28245732875,7017.49842451644,245.910707984639,                  161P   5303
1091.9772220746,6963.52414026935,239.744500316807,                   161P   5304
1093.01872554598,6903.46182463589,230.500901343731,                  161P   5305
1093.96813371978,6858.35834438102,222.074670743803,                  161P   5306
1094.82579529367,6822.24246943905,214.46271373982,                   161P   5307
1095.51745314245,6795.13923901321,208.324080546179,                  161P   5308
1096.2568923759,6768.01989689711,201.761375834368,                   161P   5309
1097.04353439871,6740.88463819076,194.779734779766,                  161P   5310
1097.87684325103,6713.73364361766,187.383914157732,                  161P   5311
1098.75633765488,6686.56707546281,179.578185428319,                  161P   5312
1099.68159102844,6659.38507756788,171.366334610058,                  161P   5313
1100.65223805772,6632.18777311524,162.751603954146,                  161P   5314
1101.66797631506,6604.9752640823,153.736677580398,                   161P   5315
1102.72856800066,6577.74763065423,144.323666020374,                  161P   5316
1103.83384173304,6550.50493062011,134.514090326733,                  161P   5317
1104.60040932803,6532.33310965921,127.710614747012,                  161P   5318
1104.99111709525,6523.2446958461,124.242987403286,                   161P   5319
1118.98993974555,8023.2446958461,-4.82157766691458D-13,              161P   5320
1118.61990814994,8014.47496869549,4.93772848853763,                  161P   5321
1117.88960726264,7996.93058243568,14.6829165734705,                  161P   5322
1116.82346500451,7970.59919597439,28.9095963039537,                  161P   5323
1115.78670067206,7944.25296765668,42.7442548604367,                  161P   5324
1114.7794275835,7917.89184023379,56.1853801164058,                   161P   5325
1113.80180312644,7891.51573419272,69.2308718800467,                  161P   5326
1112.85402780856,7865.12454823618,81.8780545624623,                  161P   5327
1111.93634386929,7838.7181599837,94.1236957030922,                   161P   5328
1111.04903493372,7812.29642614671,105.964010588121,                  161P   5329
1110.19242090537,7785.85918510845,117.394730401636,                  161P   5330
1109.36686004675,7759.40625587326,128.411074462769,                  161P   5331
1108.57273864315,7732.93744328798,139.007888152522,                  161P   5332
1107.55639478505,7697.62422972838,152.570054415993,                  161P   5333
1106.36672377761,7653.44191307262,168.445110749815,                  161P   5334
1105.07217431105,7600.35591274341,185.719672859755,                  161P   5335
1103.91475243997,7547.2006349538,201.16439437555,                    161P   5336
1103.06795789756,7502.84509560991,212.464082255418,                  161P   5337
1102.46316131145,7467.32396657044,220.534531829209,                  161P   5338
1102.04634769007,7440.66453644515,226.096523067684,                  161P   5339
1101.66676599499,7413.98629658807,231.161688777394,                  161P   5340
1101.28682526071,7384.32268187598,236.231645532307,                  161P   5341
1100.9230806235,7351.6653285818,241.085480391322,                    161P   5342
1100.59453680075,7316.00463543919,245.469593025527,                  161P   5343
1100.33474633301,7280.30920780122,248.936255896703,                  161P   5344
1100.14392542429,7244.57893644065,251.482583962707,                  161P   5345
1100.02198741076,7208.81386514042,253.109733672095,                  161P   5346
1099.96857153826,7173.01417615512,253.822518954574,                  161P   5347
1099.98308804964,7137.18016743261,253.628809572306,                  161P   5348
1100.06475456223,7101.31223423606,252.539045696592,                  161P   5349
1100.21264409766,7065.41084487896,250.565596993856,                  161P   5350
1100.49672808625,7017.49842451645,246.774759616113,                  161P   5351
1100.96044511781,6963.52414026936,240.586885865338,                  161P   5352
1101.65559106612,6903.4618246359,231.310807839851,                   161P   5353
1102.28926849828,6858.35834438102,222.85497015873,                   161P   5354
1102.86171015065,6822.24246943907,215.216267170721,                  161P   5355
1103.32335350031,6795.13923901323,209.056064782027,                  161P   5356
1103.81688828082,6768.01989689711,202.470300823388,                  161P   5357
1104.34192831186,6740.88463819079,195.464128513546,                  161P   5358
1104.89811586985,6713.73364361767,188.042321341652,                  161P   5359
1105.48512972838,6686.56707546283,180.209165776299,                  161P   5360
1106.10268516768,6659.38507756786,171.968461138882,                  161P   5361
1106.75053836087,6632.18777311525,163.323461072829,                  161P   5362
1107.42848745422,6604.97526408232,154.276859129097,                  161P   5363
1108.13637372951,6577.74763065423,144.830773254974,                  161P   5364
1108.87408279911,6550.50493062012,134.986729847623,                  161P   5365
1109.38572426012,6532.33310965921,128.15934902919,                   161P   5366
1109.64650007973,6523.24469584609,124.679537551284,                  161P   5367
1118.98993974555,8023.24469584609,-4.84940408235238D-13,             161P   5368
1118.80479447685,8014.47496869546,4.94811148367794,                  161P   5369
1118.43938850703,7996.93058243566,14.7137916310238,                  161P   5370
1117.90594434382,7970.59919597436,28.9703870498168,                  161P   5371
1117.3871994225,7944.25296765667,42.8341369572615,                   161P   5372
1116.88321044188,7917.89184023377,56.3035260471834,                  161P   5373
1116.3940561508,7891.5157341927,69.3764497115002,                    161P   5374
1115.91983687328,7865.12454823619,82.050226735125,                   161P   5375
1115.46067381379,7838.71815998367,94.3216178603143,                  161P   5376
1115.0167088841,7812.29642614671,106.186830414808,                   161P   5377
1114.5881021479,7785.85918510844,117.641586606271,                   161P   5378
1114.17503286183,7759.40625587324,128.681095701089,                  161P   5379
1113.77769430365,7732.93744328798,139.300192241184,                  161P   5380
1113.26916676447,7697.62422972838,152.890876862158,                  161P   5381
1112.67391500491,7653.44191307261,168.79931507046,                   161P   5382
1112.0261873197,7600.3559127434,186.110201918527,                    161P   5383
1111.44707141202,7547.20063495379,201.587400406005,                  161P   5384
1111.02337785456,7502.84509560991,212.910849131475,                  161P   5385
1110.72076794829,7467.32396657045,220.998269148018,                  161P   5386
1110.51221529803,7440.66453644516,226.571956073705,                  161P   5387
1110.32229163807,7413.98629658806,231.647772751981,                  161P   5388
1110.13218833286,7384.32268187597,236.728390550006,                  161P   5389
1109.95018874309,7351.66532858179,241.592431993654,                  161P   5390
1109.785801877,7316.00463543919,245.985763486335,                    161P   5391
1109.65581574464,7280.30920780122,249.45971601384,                   161P   5392
1109.56033852365,7244.57893644065,252.011398467385,                  161P   5393
1109.4993268518,7208.81386514042,253.641969727301,                   161P   5394
1109.47260022579,7173.01417615511,254.356253845961,                  161P   5395
1109.47986356069,7137.18016743262,254.162137133972,                  161P   5396
1109.5207253914,7101.31223423604,253.070081716093,                   161P   5397
1109.59472190443,7065.41084487896,251.092483269543,                  161P   5398
1109.7368632973,7017.49842451644,247.29367456528,                    161P   5399
1109.96888406376,6963.52414026936,241.092789029193,                  161P   5400
1110.31670026362,6903.46182463588,231.797205380179,                  161P   5401
1110.63376069807,6858.35834438101,223.323586866905,                  161P   5402
1110.92018181676,6822.24246943904,215.668821307589,                  161P   5403
1111.15116501669,6795.13923901322,209.495665320585,                  161P   5404
1111.39810509061,6768.01989689711,202.896052897965,                  161P   5405
1111.6608088132,6740.88463819076,195.875148094599,                   161P   5406
1111.93909719753,6713.73364361765,188.437734437271,                  161P   5407
1112.23280951798,6686.5670754628,180.588107408109,                   161P   5408
1112.54180331506,6659.38507756787,172.330074317673,                  161P   5409
1112.86595659002,6632.18777311523,163.666895651117,                  161P   5410
1113.20516834535,6604.9752640823,154.601270623356,                   161P   5411
1113.55935916644,6577.74763065423,145.135321635284,                  161P   5412
1113.92847181939,6550.5049306201,135.270578293732,                   161P   5413
1114.18447156897,6532.3331096592,128.428840942352,                   161P   5414
1114.314950722,6523.2446958461,124.941712159381,                     161P   5415
1118.98993974555,8023.2446958461,-4.87837531810015D-13,              161P   5416
1118.98993974507,8014.4749686955,4.95157409243731,                   161P   5417
1118.98993974441,7996.93058243569,14.7240881055934,                  161P   5418
1118.98993974316,7970.59919597439,28.9906600603798,                  161P   5419
1118.98993974207,7944.25296765668,42.864111596875,                   161P   5420
1118.98993974095,7917.89184023379,56.342926348483,                   161P   5421
1118.9899397399,7891.51573419271,69.4249982343686,                   161P   5422
1118.98993973886,7865.12454823618,82.1076441631636,                  161P   5423
1118.98993973786,7838.7181599837,94.3876226103511,                   161P   5424
1118.98993973689,7812.29642614672,106.261138249613,                  161P   5425
1118.98993973597,7785.85918510845,117.723910295094,                  161P   5426
1118.98993973505,7759.40625587326,128.771144660688,                  161P   5427
1118.9899397342,7732.93744328798,139.397672273626,                   161P   5428
1118.98993973308,7697.62422972839,152.997867436949,                  161P   5429
1118.98993973179,7653.44191307263,168.917438114257,                  161P   5430
1118.98993973038,7600.35591274342,186.240438842315,                  161P   5431
1118.98993972911,7547.2006349538,201.728468024181,                   161P   5432
1118.9899397282,7502.84509560991,213.059840716818,                   161P   5433
1118.98993972752,7467.32396657044,221.152920179714,                  161P   5434
1118.98993972708,7440.66453644516,226.730507481805,                  161P   5435
1118.98993972665,7413.98629658806,231.80987613489,                   161P   5436
1118.98993972625,7384.32268187599,236.894049267479,                  161P   5437
1118.98993972585,7351.66532858179,241.76149448904,                   161P   5438
1118.98993972548,7316.00463543918,246.157900364389,                  161P   5439
1118.98993972521,7280.30920780122,249.634283907955,                  161P   5440
1118.989939725,7244.57893644064,252.187751987814,                    161P   5441
1118.98993972487,7208.81386514042,253.819464295251,                  161P   5442
1118.98993972481,7173.01417615512,254.534248258442,                  161P   5443
1118.98993972482,7137.18016743261,254.339995706701,                  161P   5444
1118.98993972492,7101.31223423605,253.24717608602,                   161P   5445
1118.98993972507,7065.41084487896,251.268193747905,                  161P   5446
1118.98993972539,7017.49842451646,247.466726698454,                  161P   5447
1118.98993972589,6963.52414026936,241.261501882475,                  161P   5448
1118.98993972664,6903.4618246359,231.959413333638,                   161P   5449
1118.98993972734,6858.35834438102,223.479865118516,                  161P   5450
1118.98993972796,6822.24246943907,215.819742877468,                  161P   5451
1118.98993972847,6795.13923901323,209.642267015263,                  161P   5452
1118.989939729,6768.01989689712,203.038036290094,                    161P   5453
1118.98993972958,6740.88463819079,196.01221837055,                   161P   5454
1118.98993973018,6713.73364361768,188.569600130852,                  161P   5455
1118.98993973082,6686.56707546284,180.714480059038,                  161P   5456
1118.9899397315,6659.38507756787,172.450668129963,                   161P   5457
1118.9899397322,6632.18777311526,163.781427110411,                   161P   5458
1118.98993973296,6604.97526408233,154.709458104174,                  161P   5459
1118.98993973369,6577.74763065422,145.23688499735,                   161P   5460
1118.98993973457,6550.50493062012,135.365238467201,                  161P   5461
1118.989939735,6532.33310965922,128.518713378117,                    161P   5462
1118.98993973536,6523.2446958461,125.029144358565,                   161P   5463
1118.98993974555,8023.2446958461,-4.90845085342507D-13,              161P   5464
1119.17508501568,8014.47496869547,4.9481114863504,                   161P   5465
1119.54049098663,7996.93058243567,14.7137916389743,                  161P   5466
1120.07393515308,7970.59919597436,28.9703870654691,                  161P   5467
1120.59268007688,7944.25296765667,42.8341369804047,                  161P   5468
1121.09666906026,7917.89184023377,56.3035260776039,                  161P   5469
1121.58582335381,7891.51573419271,69.3764497489839,                  161P   5470
1122.06004263385,7865.1245482362,82.0502267794561,                   161P   5471
1122.5192056957,7838.71815998368,94.3216179112758,                   161P   5472
1122.96317062775,7812.29642614671,106.18683047218,                   161P   5473
1123.39177736612,7785.85918510844,117.641586669832,                  161P   5474
1123.80484665443,7759.40625587324,128.681095770615,                  161P   5475
1124.20218521461,7732.93744328798,139.300192316447,                  161P   5476
1124.71071275649,7697.62422972838,152.890876944765,                  161P   5477
1125.30596451913,7653.44191307261,168.799315161661,                  161P   5478
1125.95369220771,7600.35591274341,186.110202019081,                  161P   5479
1126.53280811845,7547.20063495379,201.587400514922,                  161P   5480
1126.95650167805,7502.84509560992,212.91084924651,                   161P   5481
1127.25911158598,7467.32396657046,220.998269267423,                  161P   5482
1127.46766423725,7440.66453644516,226.571956196121,                  161P   5483
1127.65758789829,7413.98629658807,231.647772877139,                  161P   5484
1127.84769120442,7384.32268187597,236.728390677909,                  161P   5485
1128.02969079516,7351.6653285818,241.592432124186,                   161P   5486
1128.19407766214,7316.00463543919,245.985763619239,                  161P   5487
1128.32406379513,7280.30920780122,249.459716148622,                  161P   5488
1128.41954101664,7244.57893644065,252.011398603545,                  161P   5489
1128.4805526888,7208.81386514042,253.641969864343,                   161P   5490
1128.50727931494,7173.01417615511,254.356253983388,                  161P   5491
1128.50001598003,7137.18016743262,254.162137271295,                  161P   5492
1128.45915414907,7101.31223423605,253.070081852826,                  161P   5493
1128.3851576357,7065.41084487896,251.092483405207,                   161P   5494
1128.24301624204,7017.49842451644,247.293674698892,                  161P   5495
1128.01099547441,6963.52414026936,241.092789159454,                  161P   5496
1127.66317927273,6903.46182463589,231.797205505418,                  161P   5497
1127.34611883661,6858.35834438102,223.323586987565,                  161P   5498
1127.05969771641,6822.24246943904,215.668821424114,                  161P   5499
1126.82871451531,6795.13923901322,209.495665433774,                  161P   5500
1126.58177444008,6768.01989689711,202.896053007588,                  161P   5501
1126.31907071614,6740.88463819077,195.87514820043,                   161P   5502
1126.04078233035,6713.73364361766,188.437734539082,                  161P   5503
1125.74707000838,6686.56707546281,180.58810750568,                   161P   5504
1125.43807620965,6659.38507756787,172.330074410782,                  161P   5505
1125.11392293306,6632.18777311523,163.666895739545,                  161P   5506
1124.77471117585,6604.9752640823,154.601270706886,                   161P   5507
1124.42052035313,6577.74763065424,145.135321713699,                  161P   5508
1124.0514076978,6550.50493062011,135.270578366818,                   161P   5509
1123.79540794765,6532.33310965921,128.42884101174,                   161P   5510
1123.66492879348,6523.24469584609,124.941712226886,                  161P   5511
1118.98993974555,8023.2446958461,-4.93958862816576D-13,              161P   5512
1119.35997133944,8014.47496869548,4.93772848338236,                  161P   5513
1120.09027222543,7996.93058243567,14.6829165581456,                  161P   5514
1121.15641447967,7970.59919597438,28.9095962737778,                  161P   5515
1122.19317880917,7944.25296765669,42.7442548158209,                  161P   5516
1123.20045189445,7917.89184023379,56.1853800577602,                  161P   5517
1124.17807634856,7891.51573419271,69.2308718077844,                  161P   5518
1125.12585166343,7865.12454823618,81.8780544769995,                  161P   5519
1126.0435355999,7838.71815998369,94.1236956048471,                   161P   5520
1126.93084453265,7812.29642614672,105.964010477518,                  161P   5521
1127.78745855842,7785.85918510844,117.394730279101,                  161P   5522
1128.61301941438,7759.40625587325,128.411074328736,                  161P   5523
1129.40714081559,7732.93744328798,139.007888007427,                  161P   5524
1130.42348467045,7697.62422972839,152.570054256743,                  161P   5525
1131.61315567424,7653.44191307263,168.445110573994,                  161P   5526
1132.90770513677,7600.35591274341,185.719672665904,                  161P   5527
1134.06512700421,7547.20063495379,201.164394165576,                  161P   5528
1134.91192154407,7502.8450956099,212.464082033651,                   161P   5529
1135.51671812819,7467.32396657044,220.534531599018,                  161P   5530
1135.93353174837,7440.66453644516,226.096522831687,                  161P   5531
1136.31311344218,7413.98629658806,231.16168853611,                   161P   5532
1136.69305417535,7384.32268187599,236.231645285732,                  161P   5533
1137.05679881142,7351.66532858178,241.08548013968,                   161P   5534
1137.38534263308,7316.00463543919,245.469592769309,                  161P   5535
1137.6451331001,7280.30920780123,248.936255636866,                   161P   5536
1137.83595400819,7244.57893644064,251.482583700214,                  161P   5537
1137.95789202134,7208.81386514041,253.109733407902,                  161P   5538
1138.01130789369,7173.01417615512,253.822518689638,                  161P   5539
1137.99679138233,7137.18016743261,253.628809307571,                  161P   5540
1137.91512487003,7101.31223423604,252.539045432995,                  161P   5541
1137.76723533501,7065.41084487896,250.565596732319,                  161P   5542
1137.48315134736,7017.49842451645,246.774759358533,                  161P   5543
1137.01943431719,6963.52414026936,240.586885614216,                  161P   5544
1136.32428837105,6903.4618246359,231.310807598412,                   161P   5545
1135.69061094088,6858.35834438101,222.854969926117,                  161P   5546
1135.1181692903,6822.24246943907,215.216266946081,                   161P   5547
1134.65652594204,6795.13923901322,209.056064563817,                  161P   5548
1134.16299116309,6768.01989689712,202.470300612053,                  161P   5549
1133.63795113366,6740.88463819077,195.464128309524,                  161P   5550
1133.08176357743,6713.73364361767,188.042321145376,                  161P   5551
1132.49474972069,6686.56707546283,180.209165588199,                  161P   5552
1131.87719428336,6659.38507756787,171.968460959383,                  161P   5553
1131.22934109211,6632.18777311525,163.323460902354,                  161P   5554
1130.55139200101,6604.97526408232,154.276858968065,                  161P   5555
1129.84350572764,6577.74763065422,144.830773103801,                  161P   5556
1129.10579666091,6550.50493062012,134.986729706727,                  161P   5557
1128.59415520054,6532.33310965921,128.159348895418,                  161P   5558
1128.33337938231,6523.24469584611,124.679537421145,                  161P   5559
1118.98993974555,8023.2446958461,-4.97174508773981D-13,              161P   5560
1119.54434014703,8014.47496869549,4.9204396480637,                   161P   5561
1120.63851456315,7996.93058243569,14.6315061721075,                  161P   5562
1122.23586382449,7970.59919597438,28.8083729577398,                  161P   5563
1123.7891975639,7944.25296765668,42.5945911825339,                   161P   5564
1125.29834600229,7917.89184023378,55.9886540146355,                  161P   5565
1126.76307333337,7891.51573419272,68.9884686157191,                  161P   5566
1128.18307914624,7865.1245482362,81.5913687651687,                   161P   5567
1129.55800050531,7838.7181599837,93.7941333204546,                   161P   5568
1130.88741246884,7812.29642614672,105.592990819489,                  161P   5569
1132.17083574089,7785.85918510845,116.983687393056,                  161P   5570
1133.40773355413,7759.40625587325,127.961459099282,                  161P   5571
1134.597527156,7732.93744328798,138.521169367388,                    161P   5572
1136.12026588865,7697.62422972839,152.035849396989,                  161P   5573
1137.90269228667,7653.44191307262,167.855321200783,                  161P   5574
1139.84225299572,7600.35591274342,185.06939858575,                   161P   5575
1141.57636207608,7547.2006349538,200.460042335225,                   161P   5576
1142.84507328837,7502.84509560992,211.720165767121,                  161P   5577
1143.75121069424,7467.32396657046,219.762357668181,                  161P   5578
1144.37570233701,7440.66453644516,225.304874287942,                  161P   5579
1144.94441118953,7413.98629658808,230.352304951592,                  161P   5580
1145.51365797309,7384.32268187598,235.404509885176,                  161P   5581
1146.05863892952,7351.66532858181,240.241349646742,                  161P   5582
1146.55088021213,7316.0046354392,244.61011185729,                    161P   5583
1146.94011167592,7280.30920780122,248.064636640736,                  161P   5584
1147.22600939291,7244.57893644065,250.602049056561,                  161P   5585
1147.40870320731,7208.81386514043,252.223501504161,                  161P   5586
1147.48873361961,7173.01417615511,252.933791057859,                  161P   5587
1147.46698423433,7137.18016743262,252.74075992484,                   161P   5588
1147.34462725752,7101.31223423606,251.654811721429,                  161P   5589
1147.1230515359,7065.41084487896,249.688272803232,                   161P   5590
1146.69742226753,7017.49842451645,245.910708569816,                  161P   5591
1146.00265751904,6963.52414026936,239.744500887316,                  161P   5592
1144.96115404372,6903.4618246359,230.500901892242,                   161P   5593
1144.0117458663,6858.35834438104,222.074671272262,                   161P   5594
1143.15408428916,6822.24246943905,214.462714250162,                  161P   5595
1142.46242643776,6795.13923901323,208.324081041919,                  161P   5596
1141.7229872015,6768.01989689711,201.761376314486,                   161P   5597
1140.93634517571,6740.88463819079,194.779735243274,                  161P   5598
1140.10303632022,6713.73364361767,187.383914603638,                  161P   5599
1139.22354191303,6686.56707546282,179.578185855652,                  161P   5600
1138.29828853596,6659.38507756787,171.366335017846,                  161P   5601
1137.327641503,6632.18777311523,162.751604341443,                    161P   5602
1136.31190324179,6604.97526408231,153.736677946227,                  161P   5603
1135.25131155219,6577.74763065424,144.323666363831,                  161P   5604
1134.14603781556,6550.50493062011,134.51409064679,                   161P   5605
1133.37947021775,6532.33310965922,127.710615050973,                  161P   5606
1132.988762449,6523.24469584609,124.24298769894,                     161P   5607
1118.98993974555,8023.24469584609,-5.00119413818071D-13,             161P   5608
1119.70753429715,8014.47496869547,4.89895469531911,                  161P   5609
1121.12379156598,7996.93058243566,14.5676181381745,                  161P   5610
1123.191338998,7970.59919597436,28.6825820588269,                    161P   5611
1125.20191443097,7944.25296765666,42.4086031741908,                  161P   5612
1127.15529811058,7917.89184023378,55.7441812315069,                  161P   5613
1129.05118481762,7891.5157341927,68.6872325309942,                   161P   5614
1130.88918571214,7865.12454823617,81.23510249388,                    161P   5615
1132.66883102399,7838.71815998368,93.3845840427421,                  161P   5616
1134.38957072521,7812.2964261467,105.131922183395,                   161P   5617
1136.05078443328,7785.85918510844,116.472881621102,                  161P   5618
1137.65177737752,7759.40625587325,127.402719215493,                  161P   5619
1139.1918004426,7732.93744328797,137.916320824584,                   161P   5620
1141.16277487617,7697.62422972838,151.371989408044,                  161P   5621
1143.46987903315,7653.44191307261,167.122385961385,                  161P   5622
1145.98037179716,7600.35591274339,184.261298592336,                  161P   5623
1148.22493587709,7547.20063495379,199.584739556201,                  161P   5624
1149.86710686098,7502.8450956099,210.79569599596,                    161P   5625
1151.03997625879,7467.32396657043,218.802771906592,                  161P   5626
1151.84829421597,7440.66453644515,224.321087293345,                  161P   5627
1152.58440907571,7413.98629658805,229.346478501939,                  161P   5628
1153.3212202125,7384.32268187597,234.376623133821,                   161P   5629
1154.02662259629,7351.66532858178,239.192342979235,                  161P   5630
1154.6637607753,7316.00463543918,243.542029120244,                   161P   5631
1155.16756700765,7280.30920780122,246.981469824571,                  161P   5632
1155.53762201364,7244.57893644064,249.50780270497,                   161P   5633
1155.77409385851,7208.8138651404,251.122175128953,                   161P   5634
1155.87768214528,7173.01417615511,251.829363224567,                  161P   5635
1155.84953057774,7137.18016743261,251.637174956206,                  161P   5636
1155.69115641417,7101.31223423603,250.555968513159,                  161P   5637
1155.4043573245,7065.41084487896,248.598016428311,                   161P   5638
1154.85343917406,7017.49842451644,244.836946816151,                  161P   5639
1153.9541624123,6963.52414026936,238.697663695043,                   161P   5640
1152.60608038199,6903.46182463588,229.49442659851,                   161P   5641
1151.37720296229,6858.35834438099,221.104988862498,                  161P   5642
1150.26707881233,6822.24246943906,213.526269223068,                  161P   5643
1149.37182349862,6795.13923901321,207.414440173102,                  161P   5644
1148.41472179849,6768.01989689711,200.880391299584,                  161P   5645
1147.39652262361,6740.88463819076,193.929235355274,                  161P   5646
1146.31791969968,6713.73364361766,186.565708345259,                  161P   5647
1145.17953597449,6686.56707546282,178.794063078368,                  161P   5648
1143.98192359904,6659.38507756787,170.61806904164,                   161P   5649
1142.72555542187,6632.18777311525,162.040954329038,                  161P   5650
1141.41082289339,6604.97526408231,153.065391340338,                  161P   5651
1140.03803381315,6577.74763065422,143.693481391372,                  161P   5652
1138.60741000945,6550.50493062011,133.926738893489,                  161P   5653
1137.61519440274,6532.33310965921,127.152970470037,                  161P   5654
1137.10947729743,6523.24469584609,123.700484409313,                  161P   5655
1118.98993974555,8023.2446958461,-5.02756312424808D-13,              161P   5656
1119.84966020574,8014.47496869549,4.87571701643645,                  161P   5657
1121.54641968023,7996.93058243568,14.4985181651539,                  161P   5658
1124.02346305727,7970.59919597439,28.5465292311821,                  161P   5659
1126.4322506319,7944.25296765668,42.2074424010211,                   161P   5660
1128.77251912262,7917.89184023378,55.4797645388259,                  161P   5661
1131.04390286039,7891.51573419272,68.3614218283043,                  161P   5662
1133.24593599121,7865.1245482362,80.8497722825838,                   161P   5663
1135.37805570344,7838.7181599837,92.9416240365571,                   161P   5664
1137.43960303069,7812.29642614672,104.633239907567,                  161P   5665
1139.42983471883,7785.85918510845,115.920404690432,                  161P   5666
1141.34791839105,7759.40625587325,126.798397743522,                  161P   5667
1143.19295656386,7732.93744328799,137.262129183089,                  161P   5668
1145.55429981223,7697.62422972839,150.653972210147,                  161P   5669
1148.3183462311,7653.44191307262,166.329658404946,                   161P   5670
1151.32606415872,7600.35591274342,183.387274396595,                  161P   5671
1154.01518388827,7547.2006349538,198.638030221139,                   161P   5672
1155.98260127332,7502.84509560992,209.79580866167,                   161P   5673
1157.38776776673,7467.32396657047,217.764903845331,                  161P   5674
1158.35618020209,7440.66453644517,223.257043680229,                  161P   5675
1159.23808908133,7413.98629658808,228.258597471339,                  161P   5676
1160.1208321418,7384.32268187598,233.264882138288,                   161P   5677
1160.96594566943,7351.6653285818,238.057759120354,                   161P   5678
1161.72927466623,7316.0046354392,242.386812980169,                   161P   5679
1162.33286415241,7280.30920780123,245.809939057255,                  161P   5680
1162.7762118057,7244.57893644066,248.324288541909,                   161P   5681
1163.05951897845,7208.81386514043,249.931003359167,                  161P   5682
1163.18362383617,7173.01417615512,250.634836982016,                  161P   5683
1163.14989660311,7137.18016743262,250.443560338615,                  161P   5684
1162.96015504415,7101.31223423606,249.367482485216,                  161P   5685
1162.6165528732,7065.41084487897,247.418817741298,                   161P   5686
1161.95652053963,7017.49842451645,243.6755883694,                    161P   5687
1160.87913410885,6963.52414026936,237.565426295622,                  161P   5688
1159.26405258046,6903.4618246359,228.405843791564,                   161P   5689
1157.79178518378,6858.35834438104,220.056200475902,                  161P   5690
1156.461791186,6822.24246943906,212.513429700318,                    161P   5691
1155.38922268644,6795.13923901323,206.430591472164,                  161P   5692
1154.24255858007,6768.01989689712,199.92753617598,                   161P   5693
1153.02269610677,6740.88463819078,193.009352312801,                  161P   5694
1151.73046639098,6713.73364361767,185.680753422902,                  161P   5695
1150.36661576054,6686.56707546282,177.945972142419,                  161P   5696
1148.93180572509,6659.38507756787,169.808760078156,                  161P   5697
1147.42660278456,6632.18777311524,161.272330012046,                  161P   5698
1145.85147592031,6604.97526408231,152.339341667447,                  161P   5699
1144.20679389287,6577.74763065423,143.011886393139,                  161P   5700
1142.49282246841,6550.50493062011,133.291471416393,                  161P   5701
1141.30408983529,6532.33310965922,126.549833655369,                  161P   5702
1140.69821101242,6523.2446958461,123.113724100862,                   161P   5703
1118.98993974555,8023.2446958461,-5.0505631943442D-13,               161P   5704
1119.97094799272,8014.47496869546,4.85276815441497,                  161P   5705
1121.90708317823,7996.93058243567,14.4302770253934,                  161P   5706
1124.73358329229,7970.59919597437,28.412167382773,                   161P   5707
1127.48219819803,7944.25296765667,42.0087818239397,                  161P   5708
1130.1526274745,7917.89184023379,55.2186342400536,                   161P   5709
1132.74445386272,7891.51573419271,68.0396605762272,                  161P   5710
1135.25714578804,7865.12454823618,80.4692312805555,                  161P   5711
1137.69006103759,7838.71815998368,92.5041695114594,                  161P   5712
1140.0424476799,7812.29642614671,104.140755676185,                   161P   5713
1142.31345760315,7785.85918510844,115.3747944097,                    161P   5714
1144.50214100125,7759.40625587325,126.201587289134,                  161P   5715
1146.60747377442,7732.93744328797,136.616068387848,                  161P   5716
1149.30195099641,7697.62422972839,149.944879136351,                  161P   5717
1152.45594401312,7653.44191307262,165.546783536082,                  161P   5718
1155.88798526808,7600.3559127434,182.524113311732,                   161P   5719
1158.95648107584,7547.20063495379,197.703087389195,                  161P   5720
1161.20145809594,7502.84509560991,208.808348771693,                  161P   5721
1162.80486290067,7467.32396657044,216.73993528481,                   161P   5722
1163.90989718553,7440.66453644516,222.206224899825,                  161P   5723
1164.91622415181,7413.98629658807,227.184237544899,                  161P   5724
1165.92350298359,7384.32268187597,232.166958798793,                  161P   5725
1166.88784357729,7351.6653285818,236.937276827901,                   161P   5726
1167.75886162876,7316.00463543918,241.245954841868,                  161P   5727
1168.44760441212,7280.30920780121,244.652969063758,                  161P   5728
1168.95349873907,7244.57893644064,247.155484092398,                  161P   5729
1169.27677436801,7208.81386514041,248.754636478132,                  161P   5730
1169.41838771134,7173.01417615511,249.455157320452,                  161P   5731
1169.3799023022,7137.18016743261,249.264780971539,                   161P   5732
1169.16339235208,7101.31223423603,248.193767965385,                  161P   5733
1168.77131541733,7065.41084487896,246.254275131431,                  161P   5734
1168.01816693287,7017.49842451645,242.528664266284,                  161P   5735
1166.78878480113,6963.52414026936,236.447261298802,                  161P   5736
1164.94585053363,6903.46182463589,227.330790811106,                  161P   5737
1163.2658783536,6858.358344381,219.020447317123,                     161P   5738
1161.74825124252,6822.24246943906,211.513178602575,                  161P   5739
1160.52436674687,6795.13923901322,205.458970873757,                  161P   5740
1159.21593337188,6768.01989689711,198.986523940604,                  161P   5741
1157.82397493885,6740.88463819076,192.100902353648,                  161P   5742
1156.34943982536,6713.73364361767,184.806797467724,                  161P   5743
1154.79317965015,6686.56707546282,177.108421996856,                  161P   5744
1153.15594924702,6659.38507756787,169.009509890001,                  161P   5745
1151.43839503728,6632.18777311524,160.513258807147,                  161P   5746
1149.64105216426,6604.97526408231,151.622315953184,                  161P   5747
1147.76434141449,6577.74763065423,142.338762832973,                  161P   5748
1145.80856604417,6550.50493062012,132.664099580455,                  161P   5749
1144.45212919481,6532.3331096592,125.954193133771,                   161P   5750
1143.76077409745,6523.24469584609,122.534256545072,                  161P   5751
1118.98993974555,8023.2446958461,-5.07394706352609D-13,              161P   5752
1120.09162594077,8014.47496869549,4.82680259991039,                  161P   5753
1122.26593326043,7996.93058243568,14.3530653928565,                  161P   5754
1125.4401330378,7970.59919597438,28.2601432868913,                   161P   5755
1128.52686662261,7944.25296765667,41.7840067479268,                  161P   5756
1131.52579663369,7917.89184023377,54.9231776196879,                  161P   5757
1134.43645448547,7891.51573419272,67.6756028908983,                  161P   5758
1137.25824321081,7865.12454823619,80.0386670797779,                  161P   5759
1139.99044159638,7838.7181599837,92.0092103427991,                   161P   5760
1142.63220521173,7812.29642614672,103.583532989669,                  161P   5761
1145.18258161605,7785.85918510845,114.757462103192,                  161P   5762
1147.64050416262,7759.40625587325,125.526324400411,                  161P   5763
1150.00482277389,7732.93744328799,135.885081060556,                  161P   5764
1153.03075896969,7697.62422972838,149.142573758015,                  161P   5765
1156.57273793081,7653.44191307262,164.660997535477,                  161P   5766
1160.42696901315,7600.35591274342,181.547487243307,                  161P   5767
1163.87293339383,7547.2006349538,196.645243658618,                   161P   5768
1166.39407447816,7502.84509560991,207.691084466058,                  161P   5769
1168.19472085029,7467.32396657045,215.580231687193,                  161P   5770
1169.43569004976,7440.66453644516,221.017272997145,                  161P   5771
1170.56580952771,7413.98629658807,225.968649945609,                  161P   5772
1171.69699796467,7384.32268187598,230.924710308572,                  161P   5773
1172.77996615008,7351.66532858179,235.669503946098,                  161P   5774
1173.7581317947,7316.0046354392,239.955127651326,                    161P   5775
1174.53159972439,7280.30920780123,243.343912068652,                  161P   5776
1175.09972623983,7244.57893644065,245.833036968364,                  161P   5777
1175.46276936333,7208.81386514043,247.42363281941,                   161P   5778
1175.62180315958,7173.01417615512,248.120405406744,                  161P   5779
1175.57858349834,7137.18016743262,247.931047698627,                  161P   5780
1175.33543974889,7101.31223423606,246.865765328266,                  161P   5781
1174.8951317815,7065.41084487896,244.93665007803,                    161P   5782
1174.04933533495,7017.49842451645,241.230973722463,                  161P   5783
1172.66872173717,6963.52414026937,235.182110327805,                  161P   5784
1170.59908037549,6903.4618246359,226.1144190538,1168.7124477529,     161P   5785
6858.35834438103,217.848541455019,1167.00813094897,                  161P   5786
6822.24246943906,210.381441648528,1165.63369127463,                  161P   5787
6795.13923901322,204.35962797982,1164.16430200804,                   161P   5788
6768.01989689712,197.921812966147,1162.60111291454,                  161P   5789
6740.88463819078,191.073034059434,1160.94518903604,                  161P   5790
6713.73364361766,183.81795751253,1159.19748675213,                   161P   5791
6686.56707546282,176.160773498708,1157.3588537523,                   161P   5792
6659.38507756787,168.105195987705,1155.43001597622,                  161P   5793
6632.18777311525,159.654405530029,1153.41157439861,                  161P   5794
6604.97526408231,150.811035166012,1151.30400156658,                  161P   5795
6577.74763065423,141.577155263524,1149.10763804529,                  161P   5796
6550.5049306201,131.954257928899,1147.58434019186,                   161P   5797
6532.33310965922,125.280253969585,1146.80793859849,                  161P   5798
6523.2446958461,121.878616328311,1118.98993974555,                   161P   5799
8023.24469584609,-5.09770018772475D-13,1120.2116190464,              161P   5800
8014.47496869548,4.79783655037625,1122.6227468745,                   161P   5801
7996.93058243566,14.2669314373512,1126.14267312943,                  161P   5802
7970.59919597437,28.0905517841988,1129.56560657586,                  161P   5803
7944.25296765668,41.5332574004077,1132.89117308756,                  161P   5804
7917.89184023379,54.593578999886,1136.11885304082,                   161P   5805
7891.5157341927,67.269475891837,1139.24798444872,                    161P   5806
7865.12454823618,79.5583482901014,1142.27776754471,                  161P   5807
7838.71815998369,91.4570553137099,1145.20726592523,                  161P   5808
7812.2964261467,102.961919474461,1148.03542341149,                   161P   5809
7785.85918510845,114.068792897256,1150.7610571805,                   161P   5810
7759.40625587325,124.773030343821,1153.38289189049,                  161P   5811
7732.93744328798,135.069623231863,1156.73840603778,                  161P   5812
7697.62422972839,148.24755659781,1160.66616913126,                   161P   5813
7653.44191307262,163.672853005746,1164.9401941227,                   161P   5814
7600.3559127434,180.458005465043,1168.76148495048,                   161P   5815
7547.20063495379,195.465158971113,1171.55722287348,                  161P   5816
7502.84509560992,206.444712756556,1173.55399147178,                  161P   5817
7467.32396657045,214.286516540006,1174.93012415776,                  161P   5818
7440.66453644516,219.690929706655,1176.18333362792,                  161P   5819
7413.98629658807,224.612593024545,1177.43772848541,                  161P   5820
7384.32268187597,229.538911651417,1178.63865105351,                  161P   5821
7351.6653285818,234.255231382262,1179.72335623124,                   161P   5822
7316.00463543919,238.515136698271,1180.5810684936,                   161P   5823
7280.30920780122,241.883584734601,1181.21107403129,                  161P   5824
7244.57893644064,244.357772185909,1181.61365896968,                  161P   5825
7208.81386514041,245.938822737139,1181.79001435811,                  161P   5826
7173.01417615512,246.631413933431,1181.74208731165,                  161P   5827
7137.18016743262,246.44319257688,1181.47246090896,                   161P   5828
7101.31223423604,245.384303055855,1180.98419561916,                  161P   5829
7065.41084487896,243.466764588879,1180.04627698551,                  161P   5830
7017.49842451645,239.783326309581,1178.51529015723,                  161P   5831
6963.52414026935,233.770762654156,1176.22022825921,                  161P   5832
6903.46182463589,224.757487360042,1174.12810798764,                  161P   5833
6858.35834438101,216.541213989674,1172.23816095077,                  161P   5834
6822.24246943906,209.118924878724,1170.71402049533,                  161P   5835
6795.13923901323,203.133248621561,1169.0845887582,                   161P   5836
6768.01989689711,196.734067478608,1167.35114073468,                  161P   5837
6740.88463819077,189.926388671565,1165.51485746843,                  161P   5838
6713.73364361767,182.714850450744,1163.57679950579,                  161P   5839
6686.56707546282,175.103617843802,1161.53790686451,                  161P   5840
6659.38507756786,167.096382532667,1159.39898455213,                  161P   5841
6632.18777311524,158.696305981042,1157.16069899971,                  161P   5842
6604.97526408232,149.906005428255,1154.82357422396,                  161P   5843
6577.74763065423,140.727538817546,1152.38798788191,                  161P   5844
6550.50493062013,131.162389301348,1150.69877596102,                  161P   5845
6532.33310965921,124.528436602252,1149.83781050631,                  161P   5846
6523.2446958461,121.147212475433,1118.98993974555,                   161P   5847
8023.2446958461,-5.12180780518242D-13,1120.33085271051,              161P   5848
8014.47496869547,4.76588798261453,1122.97730219981,                  161P   5849
7996.93058243569,14.171928613134,1126.84076681456,                   161P   5850
7970.59919597438,27.9034981231069,1130.5977722992,                   161P   5851
7944.25296765668,41.256689395978,1134.24790801505,                   161P   5852
7917.89184023377,54.2300429291256,1137.79060362324,                  161P   5853
7891.51573419272,66.8215316208441,1141.22513252862,                  161P   5854
7865.12454823618,79.0285729966982,1144.55061690858,                  161P   5855
7838.71815998369,90.848047090783,1147.76602896855,                   161P   5856
7812.29642614672,102.276300903044,1150.87020944832,                  161P   5857
7785.85918510845,113.309214178971,1153.8618600839,                   161P   5858
7759.40625587324,123.942172612609,1156.73958106212,                  161P   5859
7732.93744328798,134.170200973691,1160.42258724787,                  161P   5860
7697.62422972838,147.260383102125,1164.73369282929,                  161P   5861
7653.44191307261,162.582963187954,1169.42485483612,                  161P   5862
7600.35591274341,179.256344107752,1173.61909665371,                  161P   5863
7547.2006349538,194.16356568557,1176.68769348018,                    161P   5864
7502.8450956099,205.070007139618,1178.87934303864,                   161P   5865
7467.32396657043,212.859592721052,1180.38978375559,                  161P   5866
7440.66453644517,218.22801815505,1181.76530417611,                   161P   5867
7413.98629658806,223.116908348726,1183.14212567539,                  161P   5868
7384.32268187598,228.010422851956,1184.46025608779,                  161P   5869
7351.66532858178,232.695336831891,1185.65082650537,                  161P   5870
7316.00463543919,236.926875639055,1186.59224991434,                  161P   5871
7280.30920780122,240.27289333862,1187.28374283931,                   161P   5872
7244.57893644065,242.730605292233,1187.72561933074,                  161P   5873
7208.81386514043,244.301127702324,1187.91918668224,                  161P   5874
7173.01417615512,244.989106966471,1187.8665820438,                   161P   5875
7137.18016743261,244.802138967058,1187.57064059774,                  161P   5876
7101.31223423605,243.750300541482,1187.03472150949,                  161P   5877
7065.41084487896,241.845530872812,1186.00526373403,                  161P   5878
7017.49842451644,238.186620435512,1184.32485539391,                  161P   5879
6963.52414026936,232.214094158208,1181.80579965581,                  161P   5880
6903.4618246359,223.260837839685,1179.50949227545,                   161P   5881
6858.35834438102,215.099276246634,1177.43508986737,                  161P   5882
6822.24246943905,207.726411809228,1175.76219609355,                  161P   5883
6795.13923901322,201.780593888271,1173.97373480155,                  161P   5884
6768.01989689711,195.424024591108,1172.07110542413,                  161P   5885
6740.88463819078,188.66167779653,1170.05560427244,                   161P   5886
6713.73364361766,181.498160869009,1167.92839540039,                  161P   5887
6686.56707546281,173.937611101431,1165.69051056952,                  161P   5888
6659.38507756787,165.983695593041,1163.34283335495,                  161P   5889
6632.18777311524,157.639554755431,1160.8860952297,                   161P   5890
6604.97526408231,148.907788399978,1158.32087135438,                  161P   5891
6577.74763065423,139.79044076595,1155.64757624308,                   161P   5892
6550.5049306201,130.288985129977,1153.79350033205,                   161P   5893
6532.33310965921,123.699207609065,1152.84850622429,                  161P   5894
6523.2446958461,120.340498894615,1118.98993974555,                   161P   5895
8023.24469584609,-5.14625492758303D-13,1120.44925281382,             161P   5896
8014.47496869549,4.73097677426385,1123.32937884273,                  161P   5897
7996.93058243566,14.068116026107,1127.53398015007,                   161P   5898
7970.59919597437,27.6990986800349,1131.62272218804,                  161P   5899
7944.25296765667,40.9544748024106,1135.5951580553,                   161P   5900
7917.89184023378,53.8327955829006,1139.45066705524,                  161P   5901
7891.51573419271,66.3320487682054,1143.18845843451,                  161P   5902
7865.1245482362,78.4496708014269,1146.80757686119,                   161P   5903
7838.71815998369,90.1825645708985,1150.30690378769,                  161P   5904
7812.29642614671,101.527103835809,1153.6851775941,                   161P   5905
7785.85918510844,112.479198523228,1156.94098538117,                  161P   5906
7759.40625587325,123.034268128303,1160.07280373588,                  161P   5907
7732.93744328799,133.187373865171,1164.08101247428,                  161P   5908
7697.62422972839,146.181667444954,1168.77278060973,                  161P   5909
7653.44191307262,161.392006161424,1173.87816344151,                  161P   5910
7600.35591274341,177.943250789849,1178.44274896123,                  161P   5911
7547.20063495379,192.741273593524,1181.7822971444,                   161P   5912
7502.84509560992,203.567822893788,1184.16746525651,                  161P   5913
7467.32396657046,211.300347996775,1185.81127506202,                  161P   5914
7440.66453644515,216.629448498567,1187.30825136086,                  161P   5915
7413.98629658807,221.48252646444,1188.80664362179,                   161P   5916
7384.32268187598,226.340194865608,1190.24116248252,                  161P   5917
7351.66532858181,230.990790789622,1191.53685803941,                  161P   5918
7316.00463543919,235.191332616736,1192.56140737362,                  161P   5919
7280.30920780123,238.512839978794,1193.3139578295,                   161P   5920
7244.57893644064,240.952548635761,1193.79485118809,                  161P   5921
7208.81386514041,242.511566613512,1194.00551017447,                  161P   5922
7173.01417615511,243.194506273728,1193.94826064484,                  161P   5923
7137.18016743263,243.008907857275,1193.6261881231,                   161P   5924
7101.31223423604,241.964774386353,1193.04294838229,                  161P   5925
7065.41084487896,240.073957586926,1191.92259141222,                  161P   5926
7017.49842451645,236.441849497192,1190.09380616066,                  161P   5927
6963.52414026936,230.513073327549,1187.35232251578,                  161P   5928
6903.46182463589,221.625401639239,1184.85325549164,                  161P   5929
6858.35834438102,213.523625333257,1182.59568723358,                  161P   5930
6822.24246943907,206.204768797616,1180.77508007047,                  161P   5931
6795.13923901323,200.302505339555,1178.82870099393,                  161P   5932
6768.01989689711,193.992499352069,1176.75807300346,                  161P   5933
6740.88463819077,187.2796882793,1174.5646068725,                     161P   5934
6713.73364361767,180.168645735613,1172.24956943836,                  161P   5935
6686.56707546283,172.663478707396,1169.81408356565,                  161P   5936
6659.38507756786,164.767827431437,1167.25911084684,                  161P   5937
6632.18777311524,156.484809315281,1164.58544734377,                  161P   5938
6604.97526408231,147.817005125793,1161.79371900062,                  161P   5939
6577.74763065423,138.766444128289,1158.8843769363,                   161P   5940
6550.50493062012,129.334588806211,1156.86658958954,                  161P   5941
6532.33310965921,122.793082898885,1155.83815427255,                  161P   5942
6523.24469584609,119.45897748595,1118.98993974555,                   161P   5943
8023.2446958461,-5.17102635912588D-13,1120.56674575714,              161P   5944
8014.47496869547,4.69312461380155,1123.67875792657,                  161P   5945
7996.93058243568,13.9555581754613,1128.22188219325,                  161P   5946
7970.59919597438,27.4774804464735,1132.6398190687,                   161P   5947
7944.25296765669,40.6268013839173,1136.93208567432,                  161P   5948
7917.89184023378,53.4020837682109,1141.09801133763,                  161P   5949
7891.51573419271,65.8013314464818,1145.13674164093,                  161P   5950
7865.12454823618,77.8220013723271,1149.04724433536,                  161P   5951
7838.71815998369,89.461021214029,1152.82831081693,                   161P   5952
7812.29642614672,100.714793743849,1156.47857788881,                  161P   5953
7785.85918510845,111.57926161341,1159.99651889662,                   161P   5954
7759.40625587325,122.049880965845,1163.38048777255,                  161P   5955
7732.93744328798,132.121752530393,1167.71140741229,                  161P   5956
7697.62422972838,145.012079825126,1172.78092152389,                  161P   5957
7653.44191307261,160.100721859909,1178.29735148465,                  161P   5958
7600.35591274341,176.519541327598,1183.2294431906,                   161P   5959
7547.2006349538,191.19916635556,1186.83786674248,                    161P   5960
7502.84509560991,201.939093316402,1189.41507069963,                  161P   5961
7467.32396657044,209.609751115495,1191.19122773982,                  161P   5962
7440.66453644517,214.896213918122,1192.80872934138,                  161P   5963
7413.98629658806,219.710462802224,1194.42776090717,                  161P   5964
7384.32268187598,224.529265394062,1195.97777646592,                  161P   5965
7351.66532858178,229.142652278713,1197.37779170995,                  161P   5966
7316.00463543919,233.309585912605,1198.48483007094,                  161P   5967
7280.30920780121,236.604518164741,1199.29797024459,                  161P   5968
7244.57893644066,239.024706911348,1199.81758152912,                  161P   5969
7208.81386514042,240.571251313187,1200.04520119685,                  161P   5970
7173.01417615512,241.248726828792,1199.9833423646,                   161P   5971
7137.1801674326,241.06461337014,1199.63533897925,                    161P   5972
7101.31223423605,240.028833926139,1199.00514114965,                  161P   5973
7065.41084487896,238.153145397949,1197.79458144024,                  161P   5974
7017.49842451644,234.550097509374,1195.8185561185,                   161P   5975
6963.52414026936,228.668756995127,1192.85634877495,                  161P   5976
6903.46182463589,219.852194844423,1190.15607562009,                  161P   5977
6858.35834438102,211.815240191055,1187.71674490035,                  161P   5978
6822.24246943905,204.554941230707,1185.74955610539,                  161P   5979
6795.13923901322,198.699901302001,1183.6464691857,                   161P   5980
6768.01989689711,192.440381158726,1181.40912976177,                  161P   5981
6740.88463819078,185.781278740797,1179.03906219154,                  161P   5982
6713.73364361766,178.727131069579,1176.53763530892,                  161P   5983
6686.56707546281,171.282012271692,1173.90606238271,                  161P   5984
6659.38507756787,163.449533458805,1171.14538242624,                  161P   5985
6632.18777311524,155.232787096164,1168.25645559321,                  161P   5986
6604.97526408231,146.634333302427,1165.23995822609,                  161P   5987
6577.74763065423,137.656185106376,1162.09637776065,                  161P   5988
6550.5049306201,128.299793291308,1159.91613331548,                   161P   5989
6532.33310965921,121.810625439379,1158.80489609958,                  161P   5990
6523.2446958461,118.503195932874,1118.98993974555,                   161P   5991
8023.2446958461,-5.19610669970843D-13,1120.68325850131,              161P   5992
8014.47496869549,4.6523550457955,1124.0252222822,                    161P   5993
7996.93058243568,13.8343250675533,1128.90404534401,                  161P   5994
7970.59919597437,27.238781262693,1133.64843071735,                   161P   5995
7944.25296765667,40.2738729429812,1138.25785984073,                  161P   5996
7917.89184023379,52.938175374699,1142.73161248576,                   161P   5997
7891.51573419272,65.2297097454017,1147.06877109975,                  161P   5998
7865.1245482362,77.1459551005271,1151.26822715977,                   161P   5999
7838.7181599837,88.683865797839,1155.32868275573,                    161P   6000
7812.29642614671,99.8398758591261,1159.24867396241,                  161P   6001
7785.85918510845,110.609963182416,1163.02656131796,                  161P   6002
7759.40625587326,120.989623383857,1166.66057712452,                  161P   6003
7732.93744328799,130.973999752905,1171.31151541734,                  161P   6004
7697.6242297284,143.752347690208,1176.75562412168,                   161P   6005
7653.44191307263,158.709913422456,1182.67967200967,                  161P   6006
7600.35591274341,174.986101224377,1187.97620394451,                  161P   6007
7547.2006349538,189.538203114991,1191.8512597459,                    161P   6008
7502.84509560993,200.184831426902,1194.61889746935,                  161P   6009
7467.32396657046,207.788853576541,1196.52629762459,                  161P   6010
7440.66453644516,213.029392432092,1198.26331903404,                  161P   6011
7413.98629658808,217.80181953124,1200.00198345956,                   161P   6012
7384.32268187598,222.578760779601,1201.66653217356,                  161P   6013
7351.66532858181,227.15207078434,1203.16999680702,                   161P   6014
7316.00463543919,231.282805915288,1204.35883602218,                  161P   6015
7280.30920780124,234.549114813766,1205.23206043766,                  161P   6016
7244.57893644065,236.948279177175,1205.79006663996,                  161P   6017
7208.81386514042,238.481388617709,1206.03450549291,                  161P   6018
7173.01417615512,239.152978846521,1205.96807581153,                  161P   6019
7137.18016743263,238.970464796981,1205.59435789352,                  161P   6020
7101.31223423605,237.943683256117,1204.9175937275,                   161P   6021
7065.41084487897,236.084288991961,1203.61758380436,                  161P   6022
7017.49842451645,232.512541083435,1201.49554677722,                  161P   6023
6963.52414026936,226.682292268963,1198.31445714463,                  161P   6024
6903.46182463589,217.942320335243,1195.41465644131,                  161P   6025
6858.35834438102,209.975183382968,1192.7950796315,                   161P   6026
6822.24246943907,202.777955250367,1190.6825320764,                   161P   6027
6795.13923901323,196.973778546033,1188.42404466461,                  161P   6028
6768.01989689711,190.768635380732,1186.02138461388,                  161P   6029
6740.88463819077,184.167381145646,1183.47618891969,                  161P   6030
6713.73364361767,177.174513448583,1180.78992756104,                  161P   6031
6686.56707546283,169.794071023945,1177.96390345741,                  161P   6032
6659.38507756787,162.029633613301,1174.99923239612,                  161P   6033
6632.18777311525,153.884266817492,1171.89683808965,                  161P   6034
6604.97526408232,145.360508515037,1168.65744685536,                  161P   6035
6577.74763065423,136.460354247686,1165.28158214865,                  161P   6036
6550.50493062013,127.185242195038,1162.94023591538,                  161P   6037
6532.33310965922,120.752446290524,1161.74688758624,                  161P   6038
6523.24469584609,117.473748702071,1118.98993974555,                  161P   6039
8023.24469584609,-5.22148036005779D-13,1120.79871861427,             161P   6040
8014.47496869548,4.6086933955352,1124.36855650978,                   161P   6041
7996.93058243567,13.7044920144018,1129.58004550243,                  161P   6042
7970.59919597437,26.9831494106192,1134.64793007885,                  161P   6043
7944.25296765668,39.8959087224669,1139.57165632035,                  161P   6044
7917.89184023377,52.4413585867691,1144.35045488858,                  161P   6045
7891.51573419271,64.6175387621286,1148.9833456673,                   161P   6046
7865.12454823618,76.4219519526522,1153.4691445479,                   161P   6047
7838.71815998368,87.8515810990699,1157.80646512162,                  161P   6048
7812.2964261467,98.9028936892733,1161.99374364422,                   161P   6049
7785.85918510843,109.571905368183,1166.02922886633,                  161P   6050
7759.40625587324,119.854154024822,1169.91103255805,                  161P   6051
7732.93744328797,129.744828528237,1174.87909830038,                  161P   6052
7697.62422972837,142.403253598286,1180.6944173281,                   161P   6053
7653.44191307261,157.220444833135,1187.02240052522,                  161P   6054
7600.35591274341,173.343883068492,1192.68008015925,                  161P   6055
7547.20063495379,187.759415678653,1196.81935932482,                  161P   6056
7502.84509560989,198.306126990381,1199.77571034383,                  161P   6057
7467.32396657043,205.838786539505,1201.81316789992,                  161P   6058
7440.66453644516,211.030143728681,1203.6686293176,                   161P   6059
7413.98629658806,215.757782319601,1205.52584578135,                  161P   6060
7384.32268187597,220.489892695172,1207.30389290255,                  161P   6061
7351.66532858178,225.020282875593,1208.90987231362,                  161P   6062
7316.00463543919,229.112251680616,1210.17977335417,                  161P   6063
7280.30920780121,232.347906762964,1211.11253918138,                  161P   6064
7244.57893644064,234.72455533083,1211.70859342314,                   161P   6065
7208.81386514041,236.2432767706,1211.96969950861,                    161P   6066
7173.01417615511,236.908564226455,1211.89874027339,                  161P   6067
7137.1801674326,236.727763043723,1211.49954014023,                   161P   6068
7101.31223423604,235.710617692697,1210.77663034075,                  161P   6069
7065.41084487896,233.868673563129,1209.38797834037,                  161P   6070
7017.49842451643,230.330445969791,1207.12124874855,                  161P   6071
6963.52414026936,224.554913160684,1203.72325431563,                  161P   6072
6903.46182463589,215.896964544772,1200.62572869252,                  161P   6073
6858.35834438102,208.004597970612,1197.82753422319,                  161P   6074
6822.24246943905,200.874914738034,1195.57094114962,                  161P   6075
6795.13923901322,195.12520935625,1193.15845720905,                   161P   6076
6768.01989689711,188.978300523258,1190.59197011835,                  161P   6077
6740.88463819078,182.438998063078,1187.87322849253,                  161P   6078
6713.73364361766,175.511757374189,1185.00380254227,                  161P   6079
6686.56707546281,168.200579288043,1181.98508402735,                  161P   6080
6659.38507756787,160.509009950916,1178.81826481605,                  161P   6081
6632.18777311524,152.440086193387,1175.50433160446,                  161P   6082
6604.97526408231,143.996322076471,1172.04406023504,                  161P   6083
6577.74763065423,135.17969441387,1168.43800985411,                   161P   6084
6550.5049306201,125.991627888457,1165.93701730689,                   161P   6085
6532.33310965921,119.619202802572,1164.66229969468,                  161P   6086
6523.2446958461,116.371275296417,1118.98993974555,                   161P   6087
8023.2446958461,-5.24713156455339D-13,1120.91305433309,              161P   6088
8014.47496869548,4.56216683425608,1124.70854722234,                  161P   6089
7996.93058243568,13.5661398102497,1130.24946252112,                  161P   6090
7970.59919597438,26.7107439694516,1135.63769594625,                  161P   6091
7944.25296765668,39.493143928296,1140.87265856411,                   161P   6092
7917.89184023379,51.9119425721436,1145.95353240572,                  161P   6093
7891.51573419271,63.9651994488585,1150.87927539994,                  161P   6094
7865.12454823619,75.6504424738061,1155.64862858895,                  161P   6095
7838.7181599837,86.9646850460555,1160.26011792683,                   161P   6096
7812.29642614673,97.9044303156365,1164.7120808228,                   161P   6097
7785.85918510846,108.465734151037,1169.00265532809,                  161P   6098
7759.40625587325,118.644179488101,1173.12983385506,                  161P   6099
7732.93744328798,128.435003766052,1178.41193874246,                  161P   6100
7697.6242297284,140.965637086765,1184.59485311027,                   161P   6101
7653.44191307262,155.633242983942,1191.32283794517,                  161P   6102
7600.35591274341,171.593908807544,1197.33814828853,                  161P   6103
7547.20063495379,185.863910980881,1201.73907771363,                  161P   6104
7502.84509560993,196.304149119112,1204.88230426821,                  161P   6105
7467.32396657045,203.760763525539,1207.04855267824,                  161P   6106
7440.66453644515,208.899711934532,1209.02130069141,                  161P   6107
7413.98629658807,213.579623165829,1210.99591468994,                  161P   6108
7384.32268187599,218.263961037328,1212.88635492887,                  161P   6109
7351.6653285818,222.748615157915,1214.59385079067,                   161P   6110
7316.00463543919,226.799273938287,1215.94402424669,                  161P   6111
7280.30920780122,230.002263817722,1216.93575164931,                  161P   6112
7244.57893644065,232.354919189253,1217.56948340466,                  161P   6113
7208.81386514042,233.858308542408,1217.84709441098,                  161P   6114
7173.01417615512,234.516879661329,1217.77164973238,                  161P   6115
7137.18016743262,234.337903737218,1217.34721553934,                  161P   6116
7101.31223423604,233.331026866112,1216.57860948958,                  161P   6117
7065.41084487896,231.507677882571,1215.10217864135,                  161P   6118
7017.49842451646,228.005170079894,1212.69216555443,                  161P   6119
6963.52414026936,222.287943532205,1209.07937862037,                  161P   6120
6903.46182463589,213.71740029202,1205.78605359581,                   161P   6121
6858.35834438102,205.904710243608,1202.8109809118,                   161P   6122
6822.24246943906,198.847003950303,1200.4117450882,                   161P   6123
6795.13923901323,193.155344091959,1197.84676429403,                  161P   6124
6768.01989689711,187.070490706497,1195.11804557159,                  161P   6125
6740.88463819077,180.597205060921,1192.22744806862,                  161P   6126
6713.73364361768,173.739897574688,1189.17664125119,                  161P   6127
6686.56707546283,166.50252868932,1185.96710485448,                   161P   6128
6659.38507756787,158.888608751331,1182.60010608645,                  161P   6129
6632.18777311524,150.901143933352,1179.07669401402,                  161P   6130
6604.97526408231,142.542622915893,1175.39769352145,                  161P   6131
6577.74763065422,133.815002556089,1171.56369910038,                  161P   6132
6550.50493062012,124.719693153808,1168.90461493254,                  161P   6133
6532.33310965921,118.411600190396,1167.54932044229,                  161P   6134
6523.2446958461,115.196461781934,1118.98993974555,                   161P   6135
8023.2446958461,-5.27304437182558D-13,1121.02619455878,              161P   6136
8014.47496869548,4.51280423139264,1125.04498299285,                  161P   6137
7996.93058243567,13.4193543037343,1130.91188011832,                  161P   6138
7970.59919597437,26.4217339680148,1136.61711282548,                  161P   6139
7944.25296765668,39.0658284782234,1142.16005753354,                  161P   6140
7917.89184023378,51.3502558361787,1147.53984815056,                  161P   6141
7891.51573419271,63.2730965855797,1152.75538129871,                  161P   6142
7865.12454823619,74.8319053896331,1157.80532395335,                  161P   6143
7838.71815998368,86.0237279624635,1162.68811534794,                  161P   6144
7812.29642614669,96.8451052899309,1167.4019950784,                   161P   6145
7785.85918510844,107.292135916051,1171.94499165441,                  161P   6146
7759.40625587325,117.360450569187,1176.31497937824,                  161P   6147
7732.93744328799,127.045338219504,1181.90783981871,                  161P   6148
7697.62422972838,139.44039020418,1188.45450595112,                   161P   6149
7653.44191307262,153.949292741939,1195.57831000822,                  161P   6150
7600.35591274341,169.737264309735,1201.94751167568,                  161P   6151
7547.2006349538,183.852865192227,1206.6073555461,                    161P   6152
7502.8450956099,194.180140050899,1209.9355036665,                    161P   6153
7467.32396657045,201.556073958754,1212.2291962937,                   161P   6154
7440.66453644517,206.639418993767,1214.31800455429,                  161P   6155
7413.98629658807,211.268693629031,1216.40878857936,                  161P   6156
7384.32268187597,215.902347008333,1218.41044675402,                  161P   6157
7351.6653285818,220.338477213034,1220.21839761101,                   161P   6158
7316.0046354392,224.345307903048,1221.64800415436,                   161P   6159
7280.30920780122,227.513641461788,1222.69807663041,                  161P   6160
7244.57893644065,229.840841124066,1223.36909194342,                  161P   6161
7208.81386514042,231.3279638184,1223.6630352952,                     161P   6162
7173.01417615511,231.97940920394,1223.58315207301,                   161P   6163
7137.18016743262,231.802369797658,1223.13374766728,                  161P   6164
7101.31223423605,230.806387324944,1222.31992316711,                  161P   6165
7065.41084487896,229.002766960441,1220.75663128626,                  161P   6166
7017.49842451644,225.538156259635,1218.20483287599,                  161P   6167
6963.52414026936,219.88279005002,1214.37949931027,                   161P   6168
6903.46182463589,211.40498000801,1210.89242216207,                   161P   6169
6858.35834438102,203.67682319328,1207.74232070127,                   161P   6170
6822.24246943906,196.69548121645,1205.20193359973,                   161P   6171
6795.13923901322,191.065405064842,1202.48605045842,                  161P   6172
6768.01989689711,185.046389736444,1199.59679639758,                  161P   6173
6740.88463819078,178.643144981355,1196.53613994182,                  161P   6174
6713.73364361766,171.860033498371,1193.30584877489,                  161P   6175
6686.56707546281,164.700972877042,1189.90748968735,                  161P   6176
6659.38507756788,157.169435481998,1186.34240443935,                  161P   6177
6632.18777311525,149.268394959063,1182.61170381606,                  161P   6178
6604.97526408232,141.000313061331,1178.71626123153,                  161P   6179
6577.74763065424,132.367125472602,1174.65670615161,                  161P   6180
6550.50493062011,123.370227233625,1171.84118336969,                  161P   6181
6532.33310965921,117.130387777193,1170.40615451224,                  161P   6182
6523.2446958461,113.950037136552,1118.98993974555,                   161P   6183
8023.24469584609,-5.30356238118758D-13,1121.15671474617,             161P   6184
8014.47496869548,4.45194172714327,1125.43310012788,                  161P   6185
7996.93058243569,13.2383724859341,1131.67605456689,                  161P   6186
7970.59919597438,26.0653939140799,1137.74698219678,                  161P   6187
7944.25296765667,38.5389622457165,1143.64521946481,                  161P   6188
7917.89184023379,50.6577141218239,1149.36984476495,                  161P   6189
7891.51573419271,62.4197559727432,1154.91968399444,                  161P   6190
7865.12454823619,73.8226754412233,1160.29331868448,                  161P   6191
7838.71815998369,84.8635580846057,1165.48908802603,                  161P   6192
7812.29642614673,95.538991539298,1170.50511877665,                   161P   6193
7785.85918510845,105.845126966664,1175.33931307674,                  161P   6194
7759.40625587325,115.777654021959,1179.98940897564,                  161P   6195
7732.93744328798,125.331925211077,1185.94076148282,                  161P   6196
7697.62422972839,137.559809760853,1192.9070568725,                   161P   6197
7653.44191307262,151.873036151051,1200.48748366621,                  161P   6198
7600.35591274341,167.448081245192,1207.26493944505,                  161P   6199
7547.20063495379,181.373310292644,1212.2234707364,                   161P   6200
7502.84509560992,191.561305053842,1215.76494702943,                  161P   6201
7467.32396657045,198.837762497022,1218.20566113515,                  161P   6202
7440.66453644515,203.852550356797,1220.42835816299,                  161P   6203
7413.98629658806,208.41939169475,1222.65315759839,                   161P   6204
7384.32268187599,212.990552722166,1224.78311838022,                  161P   6205
7351.66532858179,217.366854496277,1226.70695556154,                  161P   6206
7316.00463543918,221.319646557887,1228.2281972548,                   161P   6207
7280.30920780122,224.445249985672,1229.34557744504,                  161P   6208
7244.57893644065,226.741063575636,1230.05960360534,                  161P   6209
7208.81386514042,228.208130001827,1230.37238818531,                  161P   6210
7173.01417615512,228.850789586847,1230.28738459549,                  161P   6211
7137.18016743261,228.676137844903,1229.80917419402,                  161P   6212
7101.31223423604,227.693587815648,1228.94318504028,                  161P   6213
7065.41084487897,225.914292205134,1227.27968902543,                  161P   6214
7017.49842451645,222.496407414335,1224.56432503076,                  161P   6215
6963.52414026936,216.917313015793,1220.49379461979,                  161P   6216
6903.4618246359,208.55384003023,1216.78320224048,                    161P   6217
6858.35834438102,200.929909978976,1213.43118507033,                  161P   6218
6822.24246943905,194.042722752927,1210.72796382829,                  161P   6219
6795.13923901323,188.488577334825,1207.83799757324,                  161P   6220
6768.01989689711,182.550738217243,1204.76354764153,                  161P   6221
6740.88463819077,176.23385163173,1201.50670873671,                   161P   6222
6713.73364361767,169.542221438916,1198.06936184773,                  161P   6223
6686.56707546282,162.479712393353,1194.45317419363,                  161P   6224
6659.38507756786,155.049750029111,1190.65957353872,                  161P   6225
6632.18777311524,147.25526788767,1186.68974186788,                   161P   6226
6604.97526408231,139.0986945212,1182.54460857858,                    161P   6227
6577.74763065422,130.581939507995,1178.22484348581,                  161P   6228
6550.50493062011,121.706379073742,1175.22885087129,                  161P   6229
6532.33310965921,115.550694001155,1173.70183930433,                  161P   6230
6523.2446958461,112.41323556103,1118.98993974555,                    161P   6231
8023.2446958461,-5.33882217363023D-13,1121.30365498606,              161P   6232
8014.47496869548,4.37776289047069,1125.87004421584,                  161P   6233
7996.93058243567,13.0177929892508,1132.53636574174,                  161P   6234
7970.59919597438,25.6310889054121,1139.01899442819,                  161P   6235
7944.25296765668,37.896821007334,1145.31722172517,                   161P   6236
7917.89184023377,49.8136486517626,1151.4300635269,                   161P   6237
7891.51573419272,61.3797098203088,1157.35626610912,                  161P   6238
7865.12454823618,72.592632350527,1163.094314809,                     161P   6239
7838.71815998369,83.4495503607218,1168.64243618971,                  161P   6240
7812.29642614669,93.9471083444304,1173.99862997418,                  161P   6241
7785.85918510845,104.081521593005,1179.16065603653,                  161P   6242
7759.40625587324,113.848551581067,1184.12609903105,                  161P   6243
7732.93744328798,123.243628251842,1190.48104358664,                  161P   6244
7697.62422972838,135.267770187079,1197.91975956,                     161P   6245
7653.44191307261,149.342507723819,1206.01425436986,                  161P   6246
7600.3559127434,164.658039375915,1213.2513245401,                    161P   6247
7547.2006349538,178.351244432422,1218.54611952905,                   161P   6248
7502.84509560991,188.3694854901,1222.32776167854,                    161P   6249
7467.32396657044,195.524701645917,1224.93399325334,                  161P   6250
7440.66453644517,200.45593245337,1227.30742288288,                   161P   6251
7413.98629658808,204.946680482535,1229.6830974949,                   161P   6252
7384.32268187596,209.441676226024,1231.95750195298,                  161P   6253
7351.6653285818,213.745059486576,1234.01180450131,                   161P   6254
7316.0046354392,217.631989608913,1235.63620947548,                   161P   6255
7280.30920780122,220.705513822897,1236.82936500576,                  161P   6256
7244.57893644065,222.963074266004,1237.59181297947,                  161P   6257
7208.81386514042,224.405696239182,1237.92580910237,                  161P   6258
7173.01417615512,225.037647746,1237.83504097874,                     161P   6259
7137.18016743262,224.86590607425,1237.32440065223,                   161P   6260
7101.31223423605,223.89972742234,1236.39968428722,                   161P   6261
7065.41084487896,222.150078668393,1234.62337798872,                  161P   6262
7017.49842451645,218.789143121829,1231.72387109295,                  161P   6263
6963.52414026936,213.303008325117,1227.37729692478,                  161P   6264
6903.46182463589,205.07888862226,1223.41507005111,                   161P   6265
6858.35834438101,197.581989492432,1219.83573522936,                  161P   6266
6822.24246943906,190.809557482336,1216.94919454918,                  161P   6267
6795.13923901321,185.347955962886,1213.86324470899,                  161P   6268
6768.01989689711,179.509053898701,1210.58030039828,                  161P   6269
6740.88463819078,173.297420105115,1207.10259837316,                  161P   6270
6713.73364361767,166.717286731349,1203.43214718227,                  161P   6271
6686.56707546281,159.772454136837,1199.57072710731,                  161P   6272
6659.38507756787,152.466290779031,1195.51986273691,                  161P   6273
6632.18777311525,144.801681320247,1191.280816212,                    161P   6274
6604.97526408231,136.781013847988,1186.8545799582,                   161P   6275
6577.74763065423,128.406166122552,1182.24186921243,                  161P   6276
6550.50493062012,119.678491439472,1179.04270281728,                  161P   6277
6532.33310965921,113.62537319758,1177.41213668357,                   161P   6278
6523.24469584609,110.540191501374,1118.98993974555,                  161P   6279
8023.24469584609,-5.37894976892273D-13,1121.46572679005,             161P   6280
8014.47496869548,4.28818894881493,1126.35198379351,                  161P   6281
7996.93058243568,12.7514343351435,1133.4852697661,                   161P   6282
7970.59919597437,25.1066480614586,1140.42199552978,                  161P   6283
7944.25296765667,37.1214095190641,1147.16140290109,                  161P   6284
7917.89184023379,48.7944054960269,1153.70243883971,                  161P   6285
7891.5157341927,60.1238120728118,1160.04376179988,                   161P   6286
7865.12454823619,71.1073056241535,1166.18375101941,                  161P   6287
7838.71815998369,81.7420789074637,1172.1205088351,                   161P   6288
7812.29642614673,92.0248450737491,1177.85189485404,                  161P   6289
7785.85918510844,101.951896853702,1183.37551203317,                  161P   6290
7759.40625587326,111.519082446986,1188.68877583612,                  161P   6291
7732.93744328798,120.721925305256,1195.48887341326,                  161P   6292
7697.62422972839,132.500039802184,1203.44865874664,                  161P   6293
7653.44191307263,146.286792413269,1212.11015910492,                  161P   6294
7600.35591274342,161.28895109961,1219.85417369071,                   161P   6295
7547.20063495379,174.701977813207,1225.51986003327,                  161P   6296
7502.84509560992,184.515234415659,1229.56639976203,                  161P   6297
7467.32396657046,191.524046818871,1232.35519341123,                  161P   6298
7440.66453644516,196.354379109815,1234.89487773608,                  161P   6299
7413.98629658806,200.753241394494,1237.4369643007,                   161P   6300
7384.32268187599,205.156264480461,1239.87068690986,                  161P   6301
7351.66532858179,209.371595689947,1242.06888984607,                  161P   6302
7316.00463543918,213.178994859812,1243.8070816167,                   161P   6303
7280.30920780122,216.189631319041,1245.08381565578,                  161P   6304
7244.57893644064,218.400999541898,1245.89967180896,                  161P   6305
7208.81386514042,219.814103850494,1246.25706379032,                  161P   6306
7173.01417615511,220.433124920259,1246.15993751452,                  161P   6307
7137.18016743261,220.264897275859,1245.61352770454,                  161P   6308
7101.31223423604,219.318487723472,1244.62403653613,                  161P   6309
7065.41084487896,217.604638746618,1242.72330301267,                  161P   6310
7017.49842451645,214.3124717132,1239.62069060673,                    161P   6311
6963.52414026936,208.938589391361,1234.96964633541,                  161P   6312
6903.4618246359,200.882744407298,1230.72987223066,                   161P   6313
6858.35834438102,193.539240247206,1226.89981111268,                  161P   6314
6822.24246943905,186.905379796525,1223.81107318362,                  161P   6315
6795.13923901323,181.55552877356,1220.50895782323,                   161P   6316
6768.01989689712,175.836097198421,1216.99604886579,                  161P   6317
6740.88463819077,169.751560403384,1213.27473974841,                  161P   6318
6713.73364361767,163.306063943122,1209.34717971511,                  161P   6319
6686.56707546282,156.503330417473,1205.21527375332,                  161P   6320
6659.38507756787,149.346659361442,1200.88065324641,                  161P   6321
6632.18777311524,141.838876413955,1196.34466874632,                  161P   6322
6604.97526408231,133.982320799499,1191.60838219601,                  161P   6323
6577.74763065423,125.778831857417,1186.67255893429,                  161P   6324
6550.50493062011,117.22973519304,1183.2492963919,                    161P   6325
6532.33310965921,111.300470543797,1181.50451188335,                  161P   6326
6523.24469584611,108.278415127387,1118.98993974555,                  161P   6327
8023.2446958461,-5.41948156411612D-13,1121.6243359945,               161P   6328
8014.47496869549,4.19261761323086,1126.82362692278,                  161P   6329
7996.93058243567,12.46724172492,1134.41390083198,                    161P   6330
7970.59919597439,24.5470934530617,1141.79502206854,                  161P   6331
7944.25296765668,36.2940806093568,1148.96618387676,                  161P   6332
7917.89184023378,47.7069192496405,1155.92626575408,                  161P   6333
7891.51573419272,58.7838261042335,1162.67384020983,                  161P   6334
7865.12454823618,69.5225293347839,1169.20718264899,                  161P   6335
7838.71815998369,79.9202842640084,1175.52427383621,                  161P   6336
7812.2964261467,89.9738772972928,1181.6228362561,                    161P   6337
7785.85918510846,99.6796837896262,1187.50031930108,                  161P   6338
7759.40625587324,109.033644472323,1193.15397285862,                  161P   6339
7732.93744328798,118.031382566337,1200.3897129394,                   161P   6340
7697.62422972839,129.546996938642,1208.8594351923,                   161P   6341
7653.44191307261,143.02648268799,1218.07582725005,                   161P   6342
7600.3559127434,157.694286624607,1226.31595558481,                   161P   6343
7547.2006349538,170.808375746382,1232.34460933409,                   161P   6344
7502.84509560991,180.40292322677,1236.65038721031,                   161P   6345
7467.32396657044,187.255529462199,1239.61784256747,                  161P   6346
7440.66453644515,191.978207609626,1242.32022962198,                  161P   6347
7413.98629658807,196.279031969968,1245.02517281369,                  161P   6348
7384.32268187597,200.583924399355,1247.61480980476,                  161P   6349
7351.6653285818,204.705308061624,1249.95383875409,                   161P   6350
7316.00463543919,208.427851310211,1251.80338631134,                  161P   6351
7280.30920780122,211.371389385738,1253.1619132375,                   161P   6352
7244.57893644065,213.533472603407,1254.03003652553,                  161P   6353
7208.81386514041,214.915082901888,1254.41032452211,                  161P   6354
7173.01417615512,215.520307781438,1254.30697593353,                  161P   6355
7137.18016743262,215.35582944493,1253.72556084092,                   161P   6356
7101.31223423605,214.430512625637,1252.67267875717,                  161P   6357
7065.41084487896,212.75486038818,1250.65017634708,                   161P   6358
7017.49842451645,209.536066241125,1247.34879769979,                  161P   6359
6963.52414026935,204.281952221725,1242.39978820842,                  161P   6360
6903.46182463589,196.405648734973,1237.88839655924,                  161P   6361
6858.35834438102,189.225810054422,1233.81296581302,                  161P   6362
6822.24246943906,182.739799176396,1230.52635049924,                  161P   6363
6795.13923901322,177.509180867688,1227.01268790934,                  161P   6364
6768.01989689711,171.917218888945,1223.27472740876,                  161P   6365
6740.88463819077,165.968288830237,1219.31501576814,                  161P   6366
6713.73364361766,159.666443853793,1215.135839921,                    161P   6367
6686.56707546282,153.015323593474,1210.73922689618,                  161P   6368
6659.38507756787,146.018154047178,1206.12691259026,                  161P   6369
6632.18777311525,138.67769787852,1201.30033407711,                   161P   6370
6604.97526408231,130.996242177414,1196.26062133225,                  161P   6371
6577.74763065423,122.975585289682,1191.00858872511,                  161P   6372
6550.50493062011,114.617023276677,1187.36601776148,                  161P   6373
6532.33310965921,108.819904796532,1185.50945510809,                  161P   6374
6523.24469584609,105.865202259336,1118.98993974555,                  161P   6375
8023.24469584609,-5.46036087520089D-13,1121.77926075141,             161P   6376
8014.47496869547,4.09118250916409,1127.28431391339,                  161P   6377
7996.93058243567,12.1656125100223,1135.32096005681,                  161P   6378
7970.59919597436,23.9532074361393,1143.13615358309,                  161P   6379
7944.25296765668,35.415991029861,1150.72904029289,                   161P   6380
7917.89184023378,46.552710410024,1158.09843378843,                   161P   6381
7891.5157341927,57.3616254511288,1165.24282263063,                   161P   6382
7865.12454823619,67.8405192789678,1172.16038080364,                  161P   6383
7838.71815998369,77.9867136203523,1178.84897032409,                  161P   6384
7812.29642614672,87.7970726294694,1185.30617973936,                  161P   6385
7785.85918510843,97.2680593551146,1191.52930844468,                  161P   6386
7759.40625587326,106.395712737394,1197.51544459758,                  161P   6387
7732.93744328798,115.175761888028,1205.17670732794,                  161P   6388
7697.62422972838,126.412770470817,1214.14452080769,                  161P   6389
7653.44191307262,139.566137035584,1223.90291458527,                  161P   6390
7600.35591274342,153.879071925378,1232.62763208473,                  161P   6391
7547.20063495379,166.675882173847,1239.01082160891,                  161P   6392
7502.84509560992,176.03830165925,1243.56981560264,                   161P   6393
7467.32396657045,182.72511771545,1246.71178240601,                   161P   6394
7440.66453644516,187.333536611836,1249.57309265109,                  161P   6395
7413.98629658807,191.530307942264,1252.4371093558,                   161P   6396
7384.32268187599,195.731048919985,1255.17903888108,                  161P   6397
7351.66532858179,199.752720894112,1257.65562249447,                  161P   6398
7316.00463543919,203.385201896134,1259.61393907439,                  161P   6399
7280.30920780122,206.257524774395,1261.05235886164,                  161P   6400
7244.57893644064,208.367299111057,1261.97153513357,                  161P   6401
7208.81386514042,209.715483088062,1262.37418727727,                  161P   6402
7173.0141761551,210.306065313745,1262.26476091854,                   161P   6403
7137.18016743261,210.145566323472,1261.64915370625,                  161P   6404
7101.31223423604,209.242636379492,1260.53435326046,                  161P   6405
7065.41084487896,207.607524437958,1258.39291062108,                  161P   6406
7017.49842451645,204.466604962262,1254.89738301688,                  161P   6407
6963.52414026937,199.339607615664,1249.65732995457,                  161P   6408
6903.46182463589,191.653861374091,1244.88063036089,                  161P   6409
6858.35834438102,184.647729849698,1240.56552985457,                  161P   6410
6822.24246943905,178.318639837812,1237.08563379262,                  161P   6411
6795.13923901322,173.214569752772,1233.36533815643,                  161P   6412
6768.01989689712,167.757898252827,1229.4075539974,                   161P   6413
6740.88463819078,161.952895066098,1225.21497785778,                  161P   6414
6713.73364361767,155.803515293707,1220.7900311621,                   161P   6415
6686.56707546282,149.313310513111,1216.13486014561,                  161P   6416
6659.38507756787,142.485428673299,1211.25130279033,                  161P   6417
6632.18777311524,135.322565598654,1206.14088068211,                  161P   6418
6604.97526408231,127.82695304594,1200.80479024875,                   161P   6419
6577.74763065423,120.000345852059,1195.24389375114,                  161P   6420
6550.50493062012,111.844008722198,1191.38710884004,                  161P   6421
6532.33310965921,106.187144223756,1189.42136461686,                  161P   6422
6523.2446958461,103.303926994122,1118.98993974555,                   161P   6423
8023.2446958461,-5.50153052705808D-13,1121.93028439337,              161P   6424
8014.47496869549,3.9840255238664,1127.73340048199,                   161P   6425
7996.93058243567,11.8469686059917,1136.20517889218,                  161P   6426
7970.59919597439,23.3258207330779,1144.44351446296,                  161P   6427
7944.25296765667,34.4883690438122,1152.44750674453,                  161P   6428
7917.89184023379,45.333393473628,1160.21590510396,                   161P   6429
7891.51573419271,55.8591994742307,1167.7471162672,                   161P   6430
7865.12454823618,66.0636282364503,1175.03921535172,                  161P   6431
7838.7181599837,75.9440716367283,1182.089948616,                     161P   6432
7812.29642614671,85.4974759640464,1188.89677404315,                  161P   6433
7785.85918510846,94.7203969074789,1195.45684480787,                  161P   6434
7759.40625587324,103.608977156143,1201.76709141062,                  161P   6435
7732.93744328799,112.159057685396,1209.84316183089,                  161P   6436
7697.62422972839,123.101744525003,1219.29652425012,                  161P   6437
7653.44191307261,135.910595754712,1229.58327176299,                  161P   6438
7600.3559127434,149.848643688025,1238.78037613113,                   161P   6439
7547.2006349538,162.310277588454,1245.50917397015,                   161P   6440
7502.8450956099,171.427474904252,1250.31500792134,                   161P   6441
7467.32396657045,177.939148675657,1253.62709185005,                  161P   6442
7440.66453644516,182.426863038104,1256.64332348788,                  161P   6443
7413.98629658807,186.513711781571,1259.66240812272,                  161P   6444
7384.32268187597,190.604426198497,1262.55279534909,                  161P   6445
7351.66532858181,194.520761819327,1265.1634699033,                   161P   6446
7316.00463543919,198.058100227805,1267.22781662548,                  161P   6447
7280.30920780123,200.855190710273,1268.74411751536,                  161P   6448
7244.57893644065,202.909705459317,1269.71306122111,                  161P   6449
7208.81386514041,204.222577559913,1270.13751436702,                  161P   6450
7173.01417615512,204.797691150058,1270.02216328063,                  161P   6451
7137.18016743263,204.641395978129,1269.37322493032,                  161P   6452
7101.31223423605,203.762115737082,1268.19806527037,                  161P   6453
7065.41084487895,202.169830940672,1265.94067740035,                  161P   6454
7017.49842451644,199.111178990911,1262.25588964649,                  161P   6455
6963.52414026935,194.118468877956,1256.73212169506,                  161P   6456
6903.4618246359,186.634029079726,1251.69679479753,                   161P   6457
6858.35834438101,179.811403408192,1247.14805958426,                  161P   6458
6822.24246943905,173.648086056479,1243.47974971929,                  161P   6459
6795.13923901323,168.677702690133,1239.55802420228,                  161P   6460
6768.01989689711,163.363953308286,1235.38595169912,                  161P   6461
6740.88463819078,157.710995805694,1230.96637475237,                  161P   6462
6713.73364361766,151.722681690661,1226.30184589096,                  161P   6463
6686.56707546282,145.402469517183,1221.39462755493,                  161P   6464
6659.38507756787,138.753424782502,1216.24665724095,                  161P   6465
6632.18777311525,131.778172701631,1210.85953891916,                  161P   6466
6604.97526408231,124.478886576512,1205.23453379567,                  161P   6467
6577.74763065423,116.857275281505,1199.3725508182,                   161P   6468
6550.50493062011,108.914570395509,1195.30694601644,                  161P   6469
6532.33310965921,103.405871506773,1193.23476949281,                  161P   6470
6523.24469584609,100.598172019285,1118.98993974555,                  161P   6471
8023.2446958461,-5.54293294102485D-13,1122.07719569693,              161P   6472
8014.47496869548,3.87129651407593,1128.17025852377,                  161P   6473
7996.93058243567,11.5117556357704,1137.06532064863,                  161P   6474
7970.59919597436,22.6658107401919,1145.71527620085,                  161P   6475
7944.25296765668,33.5125119257934,1154.11917974261,                  161P   6476
7917.89184023377,44.0506736483698,1162.2757181533,                   161P   6477
7891.51573419272,54.2786493081709,1170.18321855321,                  161P   6478
7865.12454823618,64.19434117958,1177.83965988461,                    161P   6479
7838.71815998368,73.7952149368862,1185.24267580045,                  161P   6480
7812.29642614671,83.0783032743052,1192.38959727417,                  161P   6481
7785.85918510843,92.0402593388918,1199.27743524227,                  161P   6482
7759.40625587326,100.677334962945,1205.90296684026,                  161P   6483
7732.93744328798,108.985488802907,1214.38254983081,                  161P   6484
7697.62422972838,119.61854955282,1224.30823980139,                   161P   6485
7653.44191307263,132.064971099924,1235.10895409655,                  161P   6486
7600.35591274342,145.608638444494,1244.76558234565,                  161P   6487
7547.20063495379,157.717667264283,1251.83057766285,                  161P   6488
7502.84509560993,166.576891178021,1256.87653017541,                  161P   6489
7467.32396657045,172.904315494264,1260.35409897832,                  161P   6490
7440.66453644516,177.265048844794,1263.52103353456,                  161P   6491
7413.98629658807,181.236259170092,1266.69096363461,                  161P   6492
7384.32268187598,185.211225788862,1269.72576609238,                  161P   6493
7351.66532858178,189.016747703542,1272.46688032149,                  161P   6494
7316.0046354392,192.453996227697,1274.63437000891,                   161P   6495
7280.30920780122,195.171942328165,1276.22643131664,                  161P   6496
7244.57893644064,197.16832406312,1277.24378730024,                   161P   6497
7208.81386514044,198.444048115833,1277.68944781196,                  161P   6498
7173.01417615511,199.002888721618,1277.56833332694,                  161P   6499
7137.18016743261,198.851015961045,1276.88697143792,                  161P   6500
7101.31223423604,197.99661517668,1275.65309613166,                   161P   6501
7065.41084487897,196.44938448094,1273.28292019339,                   161P   6502
7017.49842451646,193.477277861159,1269.41402580112,                  161P   6503
6963.52414026936,188.625837742562,1263.61426845296,                  161P   6504
6903.46182463589,181.353172059954,1258.32735661468,                  161P   6505
6858.35834438102,174.723594306037,1253.55134851477,                  161P   6506
6822.24246943906,168.73466957644,1249.6997553122,                    161P   6507
6795.13923901321,163.90492446352,1245.5820848045,                    161P   6508
6768.01989689711,158.741528963403,1241.20155898051,                  161P   6509
6740.88463819077,153.248523321944,1236.56116240733,                  161P   6510
6713.73364361768,147.429650068228,1231.66357514857,                  161P   6511
6686.56707546281,141.288269895428,1226.51117268452,                  161P   6512
6659.38507756787,134.827361561951,1221.10598931723,                  161P   6513
6632.18777311525,128.049476001419,1215.44970915702,                  161P   6514
6604.97526408232,120.956725022109,1209.54365642584,                  161P   6515
6577.74763065424,113.550769144495,1203.38878548409,                  161P   6516
6550.50493062012,105.832805101309,1199.12004691239,                  161P   6517
6532.33310965922,100.479976238572,1196.94433621452,                  161P   6518
6523.2446958461,97.7517213183922,1118.98993974555,                   161P   6519
8023.24469584608,-5.58451021171147D-13,1122.2197891941,              161P   6520
8014.47496869548,3.75315315033658,1128.59427706679,                  161P   6521
7996.93058243567,11.1604424414758,1137.90018236155,                  161P   6522
7970.59919597438,21.9741005780541,1146.94966015672,                  161P   6523
7944.25296765667,32.4897845530467,1155.74172134459,                  161P   6524
7917.89184023379,42.7063450042068,1164.27499215562,                  161P   6525
7891.51573419271,52.622185581419,1172.54772244279,                   161P   6526
7865.12454823618,62.23527257752,1180.55779780066,                    161P   6527
7838.7181599837,71.5431490084321,1188.3027425855,                    161P   6528
7812.29642614671,80.5429381242582,1195.77976449474,                  161P   6529
7785.85918510846,89.231395210211,1202.98573640617,                   161P   6530
7759.40625587324,97.6048864847673,1209.91728659891,                  161P   6531
7732.93744328798,105.659493936732,1218.78852270144,                  161P   6532
7697.62422972839,115.968057307736,1229.17265825496,                  161P   6533
7653.44191307261,128.034641734985,1240.47223356387,                  161P   6534
7600.3559127434,141.164986456947,1250.5748800322,                    161P   6535
7547.2006349538,152.904474633089,1257.96619179769,                   161P   6536
7502.84509560991,161.49333472506,1263.24520565367,                   161P   6537
7467.32396657045,167.627660115875,1266.8833956389,                   161P   6538
7440.66453644516,171.855313577421,1270.19660387096,                  161P   6539
7413.98629658806,175.705331390903,1273.51294600462,                  161P   6540
7384.32268187597,179.558990863894,1276.6879192501,                   161P   6541
7351.66532858181,183.248376708629,1279.55563945954,                  161P   6542
7316.00463543918,186.580728048207,1281.82324068354,                  161P   6543
7280.30920780122,189.215728475018,1283.48883576834,                  161P   6544
7244.57893644065,191.151185077007,1284.55318116611,                  161P   6545
7208.8138651404,192.387976867303,1285.01942574743,                   161P   6546
7173.01417615512,192.929762899967,1284.89271725322,                  161P   6547
7137.18016743262,192.7825249585,1284.17988477134,                    161P   6548
7101.31223423604,191.954198586869,1282.88901950406,                  161P   6549
7065.41084487895,190.454185932847,1280.40937040149,                  161P   6550
7017.49842451644,187.572781400655,1276.36178036683,                  161P   6551
6963.52414026936,182.869396450804,1270.29414510332,                  161P   6552
6903.4618246359,175.81867635917,1264.76304254515,                    161P   6553
6858.35834438101,169.391418582128,1259.76644123475,                  161P   6554
6822.24246943905,163.58526252311,1255.73695149333,                   161P   6555
6795.13923901323,158.902910495581,1251.42909492694,                  161P   6556
6768.01989689712,153.897090348909,1246.84624234065,                  161P   6557
6740.88463819077,148.571719029861,1241.99151615235,                  161P   6558
6713.73364361766,142.930424853659,1236.86772021158,                  161P   6559
6686.56707546282,136.976465952763,1231.47733971709,                  161P   6560
6659.38507756786,130.7127301803,1225.82250293044,                    161P   6561
6632.18777311524,124.141690621354,1219.90497174784,                  161P   6562
6604.97526408231,117.265394636013,1213.72613155307,                  161P   6563
6577.74763065423,110.08545207027,1207.28698078843,                   161P   6564
6550.50493062011,102.603023133454,1202.82107865788,                  161P   6565
6532.33310965921,97.4135507107022,1200.54487671431,                  161P   6566
6523.24469584609,94.7685560655564,1118.98993974555,                  161P   6567
8023.24469584611,-5.62620418972722D-13,1122.35786545195,             161P   6568
8014.47496869549,3.62976065690446,1129.00486306247,                  161P   6569
7996.93058243567,10.7935203466278,1138.70859636658,                  161P   6570
7970.59919597437,21.251657622512,1148.1449398795,                    161P   6571
7944.25296765668,31.4216172399245,1157.31286221007,                  161P   6572
7917.89184023377,41.302287623484,1166.21093085949,                   161P   6573
7891.51573419271,50.8921249066961,1174.83732086217,                  161P   6574
7865.12454823619,60.18916224441,1183.1898274215,                     161P   6575
7838.71815998368,69.1910234310106,1191.26586905999,                  161P   6576
7812.29642614672,77.8949262954375,1199.0625341038,                   161P   6577
7785.85918510844,86.297732799605,1206.57656174627,                   161P   6578
7759.40625587325,94.395928629721,1213.80443612501,                   161P   6579
7732.93744328798,102.185724587315,1223.05491810251,                  161P   6580
7697.62422972839,112.155373108886,1233.88297607312,                  161P   6581
7653.44191307262,123.825244192432,1245.66560890351,                  161P   6582
7600.35591274341,136.523902301648,1256.20014411373,                  161P   6583
7547.20063495379,147.877431084193,1263.90743489999,                  161P   6584
7502.84509560992,156.183915046804,1269.4121269147,                   161P   6585
7467.32396657045,162.116562095855,1273.20584973972,                  161P   6586
7440.66453644516,166.205222907883,1276.66069782229,                  161P   6587
7413.98629658807,169.928663606684,1280.11881378082,                  161P   6588
7384.32268187598,173.655626238176,1283.42951732277,                  161P   6589
7351.66532858179,177.223716068817,1286.41983274306,                  161P   6590
7316.0046354392,180.446509625012,1288.78437405518,                   161P   6591
7280.30920780123,182.994879088785,1290.52117342969,                  161P   6592
7244.57893644064,184.866703644353,1291.63101965698,                  161P   6593
7208.81386514044,186.062833405589,1292.11719622209,                  161P   6594
7173.01417615511,186.586807127752,1291.98507093217,                  161P   6595
7137.18016743261,186.444409931092,1291.24176481895,                  161P   6596
7101.31223423605,185.643316462592,1289.89571498418,                  161P   6597
7065.41084487898,184.192619755341,1287.31006073388,                  161P   6598
7017.49842451645,181.405947219086,1283.08943598274,                  161P   6599
6963.52414026937,176.857195552677,1276.76240894815,                  161P   6600
6903.46182463589,170.038282130133,1270.9948514242,                   161P   6601
6858.35834438103,163.822333438862,1265.78464510839,                  161P   6602
6822.24246943907,158.207066491704,1261.58289443911,                  161P   6603
6795.13923901321,153.678656247801,1257.09087674636,                  161P   6604
6768.01989689711,148.837412552795,1252.31210693744,                  161P   6605
6740.88463819077,143.687123575818,1247.24984091368,                  161P   6606
6713.73364361768,138.231298343978,1241.90700238947,                  161P   6607
6686.56707546282,132.473087871975,1236.28618280583,                  161P   6608
6659.38507756788,126.415285069011,1230.38960140777,                  161P   6609
6632.18777311525,120.060281712382,1224.21909541246,                  161P   6610
6604.97526408232,113.410057851283,1217.77610942933,                  161P   6611
6577.74763065423,106.466170404387,1211.06168458329,                  161P   6612
6550.50493062012,99.2297414375347,1206.40486486974,                  161P   6613
6532.33310965921,94.2108834055226,1204.03135515629,                  161P   6614
6523.2446958461,91.6528483039049,1118.98993974555,                   161P   6615
8023.24469584609,-5.66795656234059D-13,1122.49123136876,             161P   6616
8014.47496869547,3.50129162186465,1129.40144230515,                  161P   6617
7996.93058243568,10.4115025579506,1139.48943209214,                  161P   6618
7970.59919597438,20.4994923422825,1149.29944376468,                  161P   6619
7944.25296765668,30.3095040131777,1158.83040509041,                  161P   6620
7917.89184023378,39.8404653368297,1168.08082684489,                  161P   6621
7891.51573419271,49.0908870895614,1177.04881179625,                  161P   6622
7865.12454823619,58.0588720390626,1185.73206784037,                  161P   6623
7838.7181599837,66.7421280815007,1194.12791127639,                   161P   6624
7812.29642614671,75.1379715157768,1202.23331513146,                  161P   6625
7785.85918510845,83.2433753693173,1210.04488947496,                  161P   6626
7759.40625587325,91.0549497111563,1217.55897922029,                  161P   6627
7732.93744328798,98.5690394550612,1227.1757694583,                   161P   6628
7697.62422972838,108.185829691082,1238.43260585245,                  161P   6629
7653.44191307262,119.442666083023,1250.68181715372,                  161P   6630
7600.35591274341,131.691877381852,1261.63350762973,                  161P   6631
7547.2006349538,142.643567855619,1269.64599811123,                   161P   6632
7502.84509560991,150.656058335626,1275.36866948765,                  161P   6633
7467.32396657044,156.378729710777,1279.3126192967,                   161P   6634
7440.66453644516,160.322679519147,1282.90427532019,                  161P   6635
7413.98629658807,163.9143355418,1286.49932862361,                    161P   6636
7384.32268187597,167.509388844585,1289.94113215132,                  161P   6637
7351.66532858179,170.9511923716,1293.04986056271,                    161P   6638
7316.00463543918,174.059920782301,1295.50803494354,                  161P   6639
7280.30920780121,176.518095162716,1297.31360954071,                  161P   6640
7244.57893644065,178.323669759501,1298.46740437975,                  161P   6641
7208.81386514041,179.477464598308,1298.97283296786,                  161P   6642
7173.01417615512,179.982893186329,1298.8354756711,                   161P   6643
7137.18016743261,179.845535889565,1298.06273550567,                  161P   6644
7101.31223423604,179.072795724334,1296.66338367275,                  161P   6645
7065.41084487896,177.673443891638,1293.97534054009,                  161P   6646
7017.49842451644,174.985400759578,1289.58758398823,                  161P   6647
6963.52414026936,170.597644208542,1283.01001408757,                  161P   6648
6903.46182463589,164.020074309218,1277.01406803544,                  161P   6649
6858.35834438101,158.024128258291,1271.59754364701,                  161P   6650
6822.24246943904,152.607603870965,1267.22940856856,                  161P   6651
6795.13923901323,148.239468793338,1262.55951223217,                  161P   6652
6768.01989689712,143.569572457923,1257.59150873142,                  161P   6653
6740.88463819077,138.601568958133,1252.32878289747,                  161P   6654
6713.73364361765,133.338843125271,1246.77437422044,                  161P   6655
6686.56707546281,127.78443444931,1240.93097675929,                   161P   6656
6659.38507756786,121.94103698939,1234.80089763869,                   161P   6657
6632.18777311524,115.810957869917,1228.38604682721,                  161P   6658
6604.97526408231,109.396107059897,1221.68792613953,                  161P   6659
6577.74763065423,102.697986373233,1214.70761792715,                  161P   6660
6550.50493062011,95.7176781629004,1209.86639360335,                  161P   6661
6532.33310965922,90.8764538389831,1207.39889568266,                  161P   6662
6523.2446958461,88.408955919427,1118.98993974555,                    161P   6663
8023.24469584611,-5.70970893454217D-13,1122.61970039922,             161P   6664
8014.47496869549,3.36792570525648,1129.78346008422,                  161P   6665
7996.93058243566,10.0149233118488,1140.24159735163,                  161P   6666
7970.59919597437,19.7186566118152,1150.41155696148,                  161P   6667
7944.25296765668,29.1550001200347,1160.29222733735,                  161P   6668
7917.89184023378,38.3229224463722,1169.88206461328,                  161P   6669
7891.51573419271,47.2209910914955,1179.17910194383,                  161P   6670
7865.12454823618,55.8473810901279,1188.18096312357,                  161P   6671
7838.71815998368,64.199887645448,1196.88486598128,                   161P   6672
7812.29642614671,72.2759292801563,1205.28767247908,                  161P   6673
7785.85918510844,80.0725943202,1213.38586830292,                     161P   6674
7759.40625587325,87.5866219591762,1221.17566425461,                  161P   6675
7732.93744328799,94.8144963344252,1231.14531276849,                  161P   6676
7697.62422972839,104.064978307591,1242.81518384313,                  161P   6677
7653.44191307262,114.893036273024,1255.51384194261,                  161P   6678
7600.35591274341,126.675669097818,1266.86737071643,                  161P   6679
7547.20063495378,137.21020430308,1275.17385467275,                   161P   6680
7502.84509560992,144.917495085596,1281.10650171717,                  161P   6681
7467.32396657046,150.422187097784,1285.19516252614,                  161P   6682
7440.66453644516,154.21590992093,1288.91860322201,                   161P   6683
7413.98629658807,157.670758001934,1292.6455658507,                   161P   6684
7384.32268187599,161.128873958768,1296.21365567861,                  161P   6685
7351.6653285818,164.439577499157,1299.43644923228,                   161P   6686
7316.0046354392,167.429892918071,1301.98481869417,                   161P   6687
7280.30920780124,169.794434229013,1303.85664324827,                  161P   6688
7244.57893644064,171.531233602723,1305.05277300859,                  161P   6689
7208.81386514043,172.641079829487,1305.57674673037,                  161P   6690
7173.01417615511,173.127256394352,1305.43434953379,                  161P   6691
7137.18016743263,172.995131104512,1304.63325606594,                  161P   6692
7101.31223423606,172.251824991624,1303.18255935976,                  161P   6693
7065.41084487896,170.905775157521,1300.39588682568,                  161P   6694
7017.49842451645,168.320120908402,1295.84713516272,                  161P   6695
6963.52414026936,164.099496159316,1289.02822174542,                  161P   6696
6903.4618246359,157.772469127704,1282.81227305891,                   161P   6697
6858.35834438102,152.004911606497,1277.19700611607,                  161P   6698
6822.24246943907,146.794705293136,1272.6685958756,                   161P   6699
6795.13923901322,142.592954625894,1267.82735218433,                  161P   6700
6768.0198968971,138.100936935244,1262.67706321128,                   161P   6701
6740.88463819078,133.322167128617,1257.22123798364,                  161P   6702
6713.73364361768,128.259901107238,1251.46302751602,                  161P   6703
6686.56707546283,122.917062585589,1245.40522471774,                  161P   6704
6659.38507756788,117.296243004573,1239.05022136591,                  161P   6705
6632.18777311525,111.399661609384,1232.39999751003,                  161P   6706
6604.97526408232,105.229155616881,1225.45611006822,                  161P   6707
6577.74763065423,98.7861696370372,1218.21968110738,                  161P   6708
6550.50493062012,92.0717447937161,1213.20082307844,                  161P   6709
6532.33310965921,87.4149250831511,1210.64278797924,                  161P   6710
6523.24469584609,85.0414153703771,1118.98993974555,                  161P   6711
8023.24469584609,-5.75140291303212D-13,1122.74309290356,             161P   6712
8014.47496869548,3.22984945472128,1130.15038221025,                  161P   6713
7996.9305824357,9.60433733893979,1140.96404036915,                   161P   6714
7970.59919597438,18.9102426511563,1151.47972436602,                  161P   6715
7944.25296765667,27.9597204630224,1161.69628483834,                  161P   6716
7917.89184023378,36.751781667266,1171.61212543614,                   161P   6717
7891.51573419271,45.2850524940896,1181.22521245217,                  161P   6718
7865.12454823619,53.5577827966405,1190.5330889024,                   161P   6719
7838.7181599837,61.5678581693596,1199.53287803688,                   161P   6720
7812.29642614672,69.3128029685903,1208.22133514088,                  161P   6721
7785.85918510846,76.7898248916837,1216.59482643278,                  161P   6722
7759.40625587325,83.9957968165147,1224.64943390147,                  161P   6723
7732.93744328798,90.9273470220888,1234.95799729385,                  161P   6724
7697.62422972838,99.7985831411041,1247.02458174613,                  161P   6725
7653.44191307262,110.182718713888,1260.15492649535,                  161P   6726
7600.35591274341,121.482294043758,1271.89441469581,                  161P   6727
7547.20063495381,131.584940530859,1280.48327480563,                  161P   6728
7502.84509560991,138.976252310025,1286.61760020914,                  161P   6729
7467.32396657044,144.255266175841,1290.84525367948,                  161P   6730
7440.66453644516,147.893456167794,1294.69527150093,                  161P   6731
7413.98629658807,151.20666440603,1298.54893098193,                   161P   6732
7384.32268187598,154.523006545825,1302.23831683432,                  161P   6733
7351.66532858179,157.697979797194,1305.57066818079,                  161P   6734
7316.00463543919,160.565700011989,1308.20566861309,                  161P   6735
7280.30920780121,162.833301240157,1310.14112521908,                  161P   6736
7244.57893644065,164.49889632807,1311.37791701195,                   161P   6737
7208.81386514041,165.563241727807,1311.91970304573,                  161P   6738
7173.01417615512,166.029486309998,1311.77246510396,                  161P   6739
7137.18016743261,165.902777815551,1310.94413873062,                  161P   6740
7101.31223423604,165.18994533234,1309.44412607347,                   161P   6741
7065.41084487896,163.899080062674,1306.56272153531,                  161P   6742
7017.49842451644,161.419430955497,1301.8593365757,                   161P   6743
6963.52414026937,157.371840913336,1294.80861646944,                  161P   6744
6903.46182463589,151.304205638561,1288.38135867907,                  161P   6745
6858.35834438101,145.773103070122,1282.57520260801,                  161P   6746
6822.24246943904,140.776501750446,1277.89285057075,                  161P   6747
6795.13923901323,136.747012001557,1272.88703041371,                  161P   6748
6768.01989689712,132.439155427163,1267.56165908361,                  161P   6749
6740.88463819077,127.85630283238,1261.92036489571,                   161P   6750
6713.73364361766,123.001576635059,1255.96640598246,                  161P   6751
6686.56707546282,117.877780684797,1249.70267019701,                  161P   6752
6659.38507756786,112.487400180286,1243.13163062442,                  161P   6753
6632.18777311523,106.832563383159,1236.25533462484,                  161P   6754
6604.97526408231,100.915032189543,1229.07539204415,                  161P   6755
6577.74763065423,94.7361919833842,1221.59296309192,                  161P   6756
6550.50493062011,88.2970412066216,1216.40349065822,                  161P   6757
6532.33310965921,83.8311390680781,1213.7584960077,                   161P   6758
6523.24469584611,81.5549371201062,1118.98993974555,                  161P   6759
8023.2446958461,-5.78951541025836D-13,1122.85139096266,              161P   6760
8014.47496869548,3.09913872900248,1130.47241923062,                  161P   6761
7996.93058243565,9.21565361784528,1141.59810787223,                  161P   6762
7970.59919597437,18.1449526348146,1152.41722424212,                  161P   6763
7944.25296765669,26.8282016704906,1162.9285858123,                   161P   6764
7917.89184023378,35.2644516465758,1173.13055016996,                  161P   6765
7891.51573419271,43.4523843890886,1183.02102492466,                  161P   6766
7865.12454823618,51.3903205789841,1192.59748219563,                  161P   6767
7838.71815998368,59.0762313798178,1201.85696222361,                  161P   6768
7812.2964261467,66.5077413362839,1210.79612666698,                   161P   6769
7785.85918510843,73.682171149074,1219.41123689048,                   161P   6770
7759.40625587325,80.5965202495033,1227.698261828,                    161P   6771
7732.93744328797,87.2475533687357,1238.30428108275,                  161P   6772
7697.62422972839,95.759774082196,1250.7190494815,                    161P   6773
7653.44191307261,105.723667808844,1264.22827321433,                  161P   6774
7600.3559127434,116.565953808867,1276.30650692702,                   161P   6775
7547.20063495378,126.259750201447,1285.14320048305,                  161P   6776
7502.84509560992,133.351938525822,1291.4545331943,                   161P   6777
7467.32396657045,138.417312795257,1295.80417653474,                  161P   6778
7440.66453644515,141.908266681882,1299.76528746658,                  161P   6779
7413.98629658807,145.087390697435,1303.73014513891,                  161P   6780
7384.32268187597,148.269521786771,1307.52598903095,                  161P   6781
7351.66532858179,151.31600513051,1310.95449610792,                   161P   6782
7316.00463543919,154.067669846155,1313.66553005685,                  161P   6783
7280.30920780122,156.243502152408,1315.6568346886,                   161P   6784
7244.57893644065,157.841691268038,1316.92931438047,                  161P   6785
7208.81386514042,158.862963031789,1317.48673376935,                  161P   6786
7173.01417615511,159.310338880745,1317.33524724439,                  161P   6787
7137.18016743262,159.188758228793,1316.4830193315,                   161P   6788
7101.31223423604,158.504773793315,1314.93972347944,                  161P   6789
7065.41084487896,157.266149328895,1311.97517538005,                  161P   6790
7017.49842451645,154.886850637134,1307.13607321366,                  161P   6791
6963.52414026935,151.003064957874,1299.88190302909,                  161P   6792
6903.46182463588,145.180984474983,1293.26918530254,                  161P   6793
6858.35834438102,139.873723432708,1287.29549132193,                  161P   6794
6822.24246943906,135.079332585747,1282.47802898752,                  161P   6795
6795.13923901321,131.212914688073,1277.32776478962,                  161P   6796
6768.0198968971,127.079395359848,1271.84872869934,                   161P   6797
6740.88463819078,122.682008991072,1266.04465372776,                  161P   6798
6713.73364361767,118.023751636561,1259.91889202146,                  161P   6799
6686.56707546282,113.107313675251,1253.47441476324,                  161P   6800
6659.38507756788,107.935079730808,1246.71376639952,                  161P   6801
6632.18777311525,102.509091934994,1239.6390533676,                   161P   6802
6604.97526408231,96.8310408806401,1232.25193196559,                  161P   6803
6577.74763065422,90.9022558858582,1224.55359588158,                  161P   6804
6550.50493062012,84.7236949858422,1219.21438007993,                  161P   6805
6532.33310965921,80.4385261348881,1216.4930635276,                   161P   6806
6523.24469584609,78.2544411764509,1118.98993974555,                  161P   6807
8023.2446958461,-5.82403563801828D-13,1122.9458958502,               161P   6808
8014.47496869548,2.97716245440251,1130.75344063216,                  161P   6809
7996.9305824357,8.85294281466094,1142.15141860102,                   161P   6810
7970.59919597438,17.4308014074466,1153.23532126987,                  161P   6811
7944.25296765667,25.7722940835159,1164.00393716947,                  161P   6812
7917.89184023378,33.876509118765,1174.45558369078,                   161P   6813
7891.51573419272,41.7421802199296,1184.58811723432,                  161P   6814
7865.1245482362,49.3676941628808,1194.39894805217,                   161P   6815
7838.7181599837,56.7511019623126,1203.8850439481,                    161P   6816
7812.29642614672,63.890121656419,1213.04298487815,                   161P   6817
7785.85918510846,70.7821793980254,1221.86894070797,                  161P   6818
7759.40625587326,77.4243927152514,1230.35878171544,                  161P   6819
7732.93744328799,83.8136536732951,1241.22437194517,                  161P   6820
7697.62422972839,91.9908493804865,1253.94297851924,                  161P   6821
7653.44191307263,101.562582979855,1267.78282605085,                  161P   6822
7600.35591274342,111.978136983897,1280.15666161242,                  161P   6823
7547.20063495381,121.290403772564,1289.2096237898,                   161P   6824
7502.84509560992,128.103456896141,1295.67541961732,                  161P   6825
7467.32396657045,132.969467556081,1300.1315158253,                   161P   6826
7440.66453644517,136.323024059892,1304.18957070962,                  161P   6827
7413.98629658807,139.377023730229,1308.25146403191,                  161P   6828
7384.32268187599,142.433912121543,1312.14020714243,                  161P   6829
7351.66532858181,145.360491607554,1315.6526232623,                   161P   6830
7316.00463543919,148.003855972496,1318.43000686689,                  161P   6831
7280.30920780123,150.09405160922,1320.47004654921,                   161P   6832
7244.57893644065,151.62933900549,1321.77366882025,                   161P   6833
7208.81386514042,152.610415432373,1322.34473045235,                  161P   6834
7173.01417615512,153.040183408875,1322.18953645675,                  161P   6835
7137.18016743262,152.923387942845,1321.31645117741,                  161P   6836
7101.31223423605,152.266323849009,1319.73538481037,                  161P   6837
7065.41084487897,151.076449315189,1316.69828256771,                  161P   6838
7017.49842451644,148.790795347397,1311.74074855264,                  161P   6839
6963.52414026937,145.059868171867,1304.30904031326,                  161P   6840
6903.46182463591,139.466933832618,1297.53448339461,                  161P   6841
6858.35834438102,134.368556608547,1291.41458964445,                  161P   6842
6822.24246943906,129.762863972976,1286.47922507308,                  161P   6843
6795.13923901323,126.048621015794,1281.20291366869,                  161P   6844
6768.01989689713,122.077789238263,1275.58978403152,                  161P   6845
6740.88463819077,117.853475730902,1269.64366053419,                  161P   6846
6713.73364361767,113.378558629415,1263.36797736342,                  161P   6847
6686.56707546282,108.655622424506,1256.76577841858,                  161P   6848
6659.38507756786,103.686957885507,1249.83967041866,                  161P   6849
6632.18777311524,98.4745267697536,1242.59181135377,                  161P   6850
6604.97526408231,93.0199531314517,1235.02389805814,                  161P   6851
6577.74763065424,87.3245139693802,1227.13715343414,                  161P   6852
6550.50493062011,81.3891296120136,1221.66726603753,                  161P   6853
6532.33310965921,77.2726169520993,1218.87934817388,                  161P   6854
6523.24469584611,75.1744934719406,1118.98993974555,                  161P   6855
8023.2446958461,-5.85498104968468D-13,1123.02783795944,              161P   6856
8014.47496869548,2.86504157158701,1130.99710513433,                  161P   6857
7996.93058243566,8.51953817890964,1142.63117630829,                  161P   6858
7970.59919597438,16.7743518950008,1153.94466655076,                  161P   6859
7944.25296765668,24.8017013098368,1164.93633929861,                  161P   6860
7917.89184023378,32.6007090350874,1175.60447708992,                  161P   6861
7891.5157341927,40.1701564665182,1185.9468919235,                    161P   6862
7865.12454823617,47.5084911345197,1195.96094040845,                  161P   6863
7838.71815998369,54.6138374531995,1205.6435275408,                   161P   6864
7812.29642614671,61.4839994001503,1214.9911624352,                   161P   6865
7785.85918510844,68.1165000601068,1223.99993562136,                  161P   6866
7759.40625587324,74.5085655159843,1232.66563183575,                  161P   6867
7732.93744328798,80.6572048788032,1243.75628760163,                  161P   6868
7697.62422972839,88.5264448007343,1256.73834235912,                  161P   6869
7653.44191307262,97.7377038752889,1270.86486301561,                  161P   6870
7600.35591274341,107.7610048103,1283.49500531028,                    161P   6871
7547.20063495378,116.722568676579,1292.73548696366,                  161P   6872
7502.84509560991,123.279040057493,1299.33521272722,                  161P   6873
7467.32396657044,127.961795211812,1303.88361074864,                  161P   6874
7440.66453644515,131.189055713486,1308.02572257593,                  161P   6875
7413.98629658807,134.128040787088,1312.17175234907,                  161P   6876
7384.32268187597,137.069805791524,1316.14104534548,                  161P   6877
7351.66532858178,139.886169365381,1319.72621626289,                  161P   6878
7316.0046354392,142.4299837895,1322.56112949236,                     161P   6879
7280.30920780121,144.441461995252,1324.64342574934,                  161P   6880
7244.57893644064,145.918929980974,1325.97405073623,                  161P   6881
7208.81386514042,146.86305875829,1326.55694111298,                   161P   6882
7173.01417615511,147.276641536414,1326.39853249038,                  161P   6883
7137.18016743262,147.164244624699,1325.50736246806,                  161P   6884
7101.31223423604,146.531925773147,1323.89354651798,                  161P   6885
7065.41084487896,145.386862291862,1320.79353494134,                  161P   6886
7017.49842451645,143.18728677782,1315.73331252854,                   161P   6887
6963.52414026935,139.596867503679,1308.14766682567,                  161P   6888
6903.46182463589,134.214564846491,1301.2327844159,                   161P   6889
6858.35834438101,129.308194126581,1294.98612560845,                  161P   6890
6822.24246943906,124.875953337222,1289.94853184843,                  161P   6891
6795.13923901321,121.301589948473,1284.56292901761,                  161P   6892
6768.0198968971,117.480300955775,1278.83353123444,                   161P   6893
6740.88463819078,113.415076435631,1272.76424208806,                  161P   6894
6713.73364361767,109.108686132243,1266.35856689958,                  161P   6895
6686.56707546282,104.563617203571,1259.6196126185,                   161P   6896
6659.38507756787,99.7820741478524,1252.55003995835,                  161P   6897
6632.18777311525,94.7659448420115,1245.15205160901,                  161P   6898
6604.97526408232,89.5167921778701,1237.42737955223,                  161P   6899
6577.74763065422,84.0358450620046,1229.37727202115,                  161P   6900
6550.50493062012,78.3239891630726,1223.7940835416,                   161P   6901
6532.33310965922,74.3625056762184,1220.9484178506,                   161P   6902
6523.24469584609,72.3433981921542,1118.98993974555,                  161P   6903
8023.24469584609,-5.88577931957453D-13,1123.10660323813,             161P   6904
8014.47496869548,2.75066660482314,1131.23132295703,                  161P   6905
7996.93058243568,8.17943075925382,1143.09233418981,                  161P   6906
7970.59919597437,16.1047050879187,1154.62651107779,                  161P   6907
7944.25296765667,23.811595689282,1165.83259293684,                   161P   6908
7917.89184023378,31.2992602011375,1176.70882880332,                  161P   6909
7891.51573419271,38.5665286669908,1187.25298799583,                  161P   6910
7865.1245482362,45.6119105931819,1197.46237556013,                   161P   6911
7838.71815998369,52.4336052688461,1207.33383611955,                  161P   6912
7812.29642614671,59.0295043387144,1216.86381069374,                  161P   6913
7785.85918510845,65.397229768144,1226.04831355236,                   161P   6914
7759.40625587325,71.5341183772514,1234.8830472068,                   161P   6915
7732.93744328798,77.4372986759576,1246.19004289653,                  161P   6916
7697.62422972838,84.9923916537403,1259.42533216034,                  161P   6917
7653.44191307261,93.8359292051551,1273.82741185208,                  161P   6918
7600.35591274341,103.459091195331,1286.70392407112,                  161P   6919
7547.2006349538,112.062901589697,1296.12465521915,                   161P   6920
7502.84509560991,118.357632895437,1302.85311856139,                  161P   6921
7467.32396657045,122.853448366062,1307.49023992814,                  161P   6922
7440.66453644517,125.951873804294,1311.71314987739,                  161P   6923
7413.98629658806,128.773532021817,1315.94005419794,                  161P   6924
7384.32268187598,131.597859192902,1319.98677422506,                  161P   6925
7351.66532858181,134.301791068257,1323.64187929421,                  161P   6926
7316.00463543918,136.744054194444,1326.53209177064,                  161P   6927
7280.30920780123,138.675232429952,1328.65500634842,                  161P   6928
7244.57893644065,140.093718600736,1330.01158717726,                  161P   6929
7208.81386514042,141.000156931041,1330.60584770763,                  161P   6930
7173.01417615512,141.397229122734,1330.44434908656,                  161P   6931
7137.18016743261,141.289319194092,1329.53579545241,                  161P   6932
7101.31223423605,140.682243064446,1327.89049959464,                  161P   6933
7065.41084487896,139.582891519391,1324.730017629,                    161P   6934
7017.49842451645,137.471124984744,1319.57108796619,                  161P   6935
6963.52414026936,134.024038390047,1311.83747283316,                  161P   6936
6903.4618246359,128.85660196505,1304.78770524028,                    161P   6937
6858.35834438103,124.146097857903,1298.41919595624,                  161P   6938
6822.24246943906,119.890795999562,1293.28333635212,                  161P   6939
6795.13923901323,116.45912432526,1287.79267923678,                   161P   6940
6768.01989689712,112.790384533206,1281.9515209314,                   161P   6941
6740.88463819077,108.887447333433,1275.76384117048,                  161P   6942
6713.73364361766,104.752971899529,1269.2332136517,                   161P   6943
6686.56707546281,100.389346099935,1262.36280593028,                  161P   6944
6659.38507756786,95.798686427385,1255.15533062099,                   161P   6945
6632.18777311523,90.982805393109,1247.61303338046,                   161P   6946
6604.97526408231,85.9432034969147,1239.73767997536,                  161P   6947
6577.74763065423,80.6810605863601,1231.53054298749,                  161P   6948
6550.5049306201,75.1972269734202,1225.83844601814,                   161P   6949
6532.33310965921,71.393889374113,1222.93727133724,                   161P   6950
6523.2446958461,69.4553864277513,1118.98993974555,                   161P   6951
8023.24469584611,-5.91640621842218D-13,1123.18212975649,             161P   6952
8014.47496869549,2.63412756944612,1131.45590994493,                  161P   6953
7996.93058243567,7.83288822701158,1143.53452965709,                  161P   6954
7970.59919597438,15.4223880115251,1155.28031874611,                  161P   6955
7944.25296765668,22.802756454645,1166.69199339866,                   161P   6956
7917.89184023379,29.9731868829914,1177.767770527,                    161P   6957
7891.51573419272,36.9325589082761,1188.50537852444,                  161P   6958
7865.12454823619,43.6794451854188,1198.90207299366,                  161P   6959
7838.71815998369,50.2121212952832,1208.95464066776,                  161P   6960
7812.29642614672,56.52856820847,1218.65945727144,                    161P   6961
7785.85918510845,62.6265086418658,1228.01246394999,                  161P   6962
7759.40625587325,68.5033922480208,1237.00928437076,                  161P   6963
7732.93744328799,74.1564691948911,1248.52372427332,                  161P   6964
7697.62422972839,81.3914713095165,1262.00183525901,                  161P   6965
7653.44191307262,89.8603297436111,1276.6681432362,                   161P   6966
7600.35591274342,99.075781830442,1289.78089486085,                   161P   6967
7547.20063495379,107.315069762454,1299.37446379983,                  161P   6968
7502.84509560991,113.343108655155,1306.22637114255,                  161P   6969
7467.32396657045,117.648447389248,1310.94856762723,                  161P   6970
7440.66453644516,120.615600098494,1315.24895334939,                  161P   6971
7413.98629658808,123.317711539156,1319.5534067257,                   161P   6972
7384.32268187598,126.022378856326,1323.67437005083,                  161P   6973
7351.66532858179,128.611751732813,1327.39653363974,                  161P   6974
7316.0046354392,130.95054212684,1330.33977150581,                    161P   6975
7280.30920780122,132.799901050512,1332.50163421406,                  161P   6976
7244.57893644065,134.158289421821,1333.88310360305,                  161P   6977
7208.81386514042,135.026324170809,1334.48826675612,                  161P   6978
7173.01417615511,135.406573382167,1334.32380519465,                  161P   6979
7137.18016743262,135.303235334019,1333.39858274779,                  161P   6980
7101.31223423604,134.721879539371,1331.72310140897,                  161P   6981
7065.41084487896,133.669104838044,1328.50463554456,                  161P   6982
7017.49842451645,131.646808701028,1323.25105738871,                  161P   6983
6963.52414026937,128.345766758159,1315.37555720084,                  161P   6984
6903.46182463589,123.397262011495,1308.19645078719,                  161P   6985
6858.35834438101,118.886330474797,1301.71110141305,                  161P   6986
6822.24246943906,114.811315377828,1296.48101657157,                  161P   6987
6795.13923901322,111.525035262773,1290.88962491326,                  161P   6988
6768.01989689711,108.011731027925,1284.94130158192,                  161P   6989
6740.88463819078,104.27415175833,1278.64009932639,                   161P   6990
6713.73364361767,100.314843964883,1271.98965740934,                  161P   6991
6686.56707546283,96.1360943478567,1264.99320149966,                  161P   6992
6659.38507756787,91.7399297293549,1257.65349397917,                  161P   6993
6632.18777311525,87.1280858289229,1249.97282170456,                  161P   6994
6604.97526408233,82.301999573856,1241.95298283819,                   161P   6995
6577.74763065423,77.2628008244432,1233.59527330934,                  161P   6996
6550.50493062012,72.0113038670229,1227.79874607332,                  161P   6997
6532.33310965921,68.3691044057352,1224.84434488429,                  161P   6998
6523.2446958461,66.5127311013488,1118.98993974555,                   161P   6999
8023.24469584608,-5.94683764997504D-13,1123.25435807398,             161P   7000
8014.47496869548,2.51551613585955,1131.67068934448,                  161P   7001
7996.93058243568,7.48018317486508,1143.95741469526,                  161P   7002
7970.59919597437,14.7279373810345,1155.90557499867,                  161P   7003
7944.25296765668,21.7759771656638,1167.51386432226,                  161P   7004
7917.89184023378,28.6235321788587,1178.78046885698,                  161P   7005
7891.5157341927,35.2695324819967,1189.70307785808,                   161P   7006
7865.12454823618,41.7126150015432,1200.27889964428,                  161P   7007
7838.71815998369,47.9511329667736,1210.50466558652,                  161P   7008
7812.29642614671,53.9831582626311,1220.37668896589,                  161P   7009
7785.85918510844,59.8065161491791,1229.89084099666,                  161P   7010
7759.40625587325,65.4187711178914,1239.04266994521,                  161P   7011
7732.93744328798,70.8172971581806,1250.75549508766,                  161P   7012
7697.62422972838,77.7265162762725,1264.46582390625,                  161P   7013
7653.44191307262,85.814032723983,1279.3848214672,                    161P   7014
7600.3559127434,94.6145246563179,1292.72349605458,                   161P   7015
7547.2006349538,102.482807871363,1302.48235505468,                   161P   7016
7502.84509560991,108.239411795202,1309.45231566734,                  161P   7017
7467.32396657044,112.350886570218,1314.25587208705,                  161P   7018
7440.66453644516,115.184432144941,1318.63035025837,                  161P   7019
7413.98629658806,117.76487092426,1323.00896616651,                   161P   7020
7384.32268187596,120.347750492201,1327.20093062628,                  161P   7021
7351.66532858179,122.820527182329,1330.98722432684,                  161P   7022
7316.00463543919,125.054004802326,1333.98117199338,                  161P   7023
7280.30920780123,126.820089432184,1336.18028198902,                  161P   7024
7244.57893644064,128.117311292821,1337.58555306861,                  161P   7025
7208.81386514041,128.946259534694,1338.20114273294,                  161P   7026
7173.01417615512,129.309386604893,1338.03384762102,                  161P   7027
7137.18016743261,129.210701738381,1337.0926842792,                   161P   7028
7101.31223423605,128.65552366004,1335.38833564244,                   161P   7029
7065.41084487896,127.650154072275,1332.11441800374,                  161P   7030
7017.49842451645,125.718919373108,1326.77032460167,                  161P   7031
6963.52414026936,122.566519174746,1318.75913540007,                  161P   7032
6903.46182463589,117.840839339422,1311.45633831973,                  161P   7033
6858.35834438103,113.533029345732,1304.85925119696,                  161P   7034
6822.24246943906,109.641507025707,1299.53905588162,                  161P   7035
6795.13923901322,106.503203948719,1293.85132870158,                  161P   7036
6768.01989689711,103.148099360979,1287.80052018111,                  161P   7037
6740.88463819077,99.5788185597126,1281.39075289492,                  161P   7038
6713.73364361766,95.7977933896431,1274.62572880746,                  161P   7039
6686.56707546281,91.8072075838278,1267.50872916348,                  161P   7040
6659.38507756787,87.6089966991295,1260.04256393863,                  161P   7041
6632.18777311524,83.2048182978413,1252.2295593904,                   161P   7042
6604.9752640823,78.5960446042345,1244.07154466217,                   161P   7043
6577.74763065423,73.7837546024231,1235.56983801111,                  161P   7044
6550.50493062011,68.7687259124558,1229.67344091984,                  161P   7045
6532.33310965922,65.2905300873373,1226.66813759458,                  161P   7046
6523.2446958461,63.5177469254547,1118.98993974555,                   161P   7047
8023.24469584611,-5.97704967271633D-13,1123.32323137581,             161P   7048
8014.47496869548,2.39492562986509,1131.87549221027,                  161P   7049
7996.93058243567,7.121593118088,1144.36065666302,                    161P   7050
7970.59919597437,14.0218996038542,1156.50178800903,                  161P   7051
7944.25296765667,20.7320657124711,1168.2975592241,                   161P   7052
7917.89184023378,27.2513580235944,1179.74612720494,                  161P   7053
7891.51573419272,33.578757890041,1190.84514388666,                   161P   7054
7865.12454823619,39.7129675822118,1201.5917725004,                   161P   7055
7838.7181599837,45.652419273387,1211.98269162647,                    161P   7056
7812.29642614671,51.3952772797861,1222.01415500294,                  161P   7057
7785.85918510844,56.9394711156214,1231.6819671613,                   161P   7058
7759.40625587324,62.2826820274116,1240.98160446938,                  161P   7059
7732.93744328798,67.4224098920353,1252.883599829,                    161P   7060
7697.62422972839,74.000410212682,1266.81535992899,                   161P   7061
7653.44191307261,81.7002218523183,1281.97530960649,                  161P   7062
7600.35591274342,90.0788298778135,1295.52941300269,                  161P   7063
7547.20063495379,97.5699180350817,1305.44588431699,                  161P   7064
7502.84509560991,103.050558004611,1312.52841460833,                  161P   7065
7467.32396657045,106.964934133973,1317.40955178248,                  161P   7066
7440.66453644516,109.662643293361,1321.85468079812,                  161P   7067
7413.98629658807,112.119379261298,1326.30401437788,                  161P   7068
7384.32268187599,114.578439009687,1330.56368195946,                  161P   7069
7351.6653285818,116.932674066146,1334.41112691881,                   161P   7070
7316.00463543919,119.059081732391,1337.45342890838,                  161P   7071
7280.30920780121,120.740502608317,1339.68805604956,                  161P   7072
7244.57893644065,121.975537374095,1341.11602322784,                  161P   7073
7208.81386514043,122.764746937092,1341.7415550905,                   161P   7074
7173.01417615511,123.110466177338,1341.57155804695,                  161P   7075
7137.18016743261,123.016512132393,1340.61519426702,                  161P   7076
7101.31223423604,122.487948554523,1338.88331922242,                  161P   7077
7065.41084487896,121.530775050883,1335.55652555226,                  161P   7078
7017.49842451645,119.692121180853,1330.12612135009,                  161P   7079
6963.52414026936,116.690842865431,1321.98554590882,                  161P   7080
6903.46182463589,112.191705851431,1314.56480361092,                  161P   7081
6858.35834438101,108.090406553283,1307.86116897391,                  161P   7082
6822.24246943905,104.385438650051,1302.45504882907,                  161P   7083
6795.13923901322,101.397581658707,1296.67546092603,                  161P   7084
6768.01989689711,98.2033163333878,1290.52692766811,                  161P   7085
6740.88463819078,94.8051421180502,1284.01363821244,                  161P   7086
6713.73364361767,91.2053742780117,1277.13935431274,                  161P   7087
6686.56707546282,87.4060918610609,1269.90741020816,                  161P   7088
6659.38507756787,83.4091376360352,1262.32066125734,                  161P   7089
6632.18777311524,79.2160897038879,1254.38147128851,                  161P   7090
6604.97526408232,74.8282545062828,1246.09169898692,                  161P   7091
6577.74763065423,70.2466593022636,1237.45268390054,                  161P   7092
6550.50493062011,65.472044433809,1231.46105592307,                   161P   7093
6532.33310965921,62.1605887017131,1228.40721487306,                  161P   7094
6523.24469584609,60.4727904125028,1118.98993974555,                  161P   7095
8023.24469584609,-6.00701851724877D-13,1123.38869547052,             161P   7096
8014.47496869548,2.27245092120648,1132.07015739757,                  161P   7097
7996.93058243568,6.75740016301276,1144.74393827818,                  161P   7098
7970.59919597438,13.3048301268685,1157.06848865989,                  161P   7099
7944.25296765668,19.6718433505031,1169.04246147084,                  161P   7100
7917.89184023378,25.8577439201418,1180.66398576353,                  161P   7101
7891.51573419271,31.8615652814571,1191.93067800026,                  161P   7102
7865.12454823618,37.6820760697738,1202.83965855645,                  161P   7103
7838.71815998369,43.3177886358589,1213.38755583488,                  161P   7104
7812.29642614671,48.7669611714307,1223.57056697792,                  161P   7105
7785.85918510845,54.0276290737983,1233.38443313511,                  161P   7106
7759.40625587326,59.0975921688032,1242.82456233467,                  161P   7107
7732.93744328798,63.9744781877525,1254.90636404426,                  161P   7108
7697.62422972838,70.2160844831391,1269.04859464576,                  161P   7109
7653.44191307262,77.5221335042061,1284.43756938458,                  161P   7110
7600.3559127434,85.4722657707501,1298.19643793025,                   161P   7111
7547.2006349538,92.580265272504,1308.26271979796,                    161P   7112
7502.84509560991,97.7806294058403,1315.45224760374,                  161P   7113
7467.32396657045,101.49482726242,1320.40712530899,                   161P   7114
7440.66453644516,104.054577589508,1324.91940797402,                  161P   7115
7413.98629658807,106.385677914245,1329.43595872256,                  161P   7116
7384.32268187597,108.718983183037,1333.75997814235,                  161P   7117
7351.66532858179,110.95282441638,1337.66554739213,                   161P   7118
7316.00463543919,112.970489182151,1340.75381018067,                  161P   7119
7280.30920780123,114.565923449831,1343.0221963797,                   161P   7120
7244.57893644065,115.737799459765,1344.47173620681,                  161P   7121
7208.81386514041,116.486649434934,1345.10671813204,                  161P   7122
7173.01417615512,116.814688851349,1344.93415290166,                  161P   7123
7137.18016743262,116.725539546116,1343.96334110058,                  161P   7124
7101.31223423605,116.224006314992,1342.20530219682,                  161P   7125
7065.41084487897,115.315781949702,1338.82824984239,                  161P   7126
7017.49842451644,113.571155465846,1333.31580719803,                  161P   7127
6963.52414026936,110.723360282718,1325.0522500959,                   161P   7128
6903.4618246359,106.454305776557,1317.51940083222,                   161P   7129
6858.35834438103,102.562743862485,1310.71449274993,                  161P   7130
6822.24246943906,99.0472452516935,1305.22670102807,                  161P   7131
6795.13923901322,96.2121850361528,1299.3597994794,                   161P   7132
6768.01989689712,93.1812720547299,1293.11837882829,                  161P   7133
6740.88463819077,89.9568779316874,1286.50669151848,                  161P   7134
6713.73364361766,86.5411995313998,1279.52855613344,                  161P   7135
6686.56707546282,82.9362095807065,1272.18735728345,                  161P   7136
6659.38507756787,79.1436566106211,1264.48599346382,                  161P   7137
6632.18777311525,75.165038019193,1256.42686421363,                   161P   7138
6604.9752640823,71.0015934376338,1248.01185629781,                   161P   7139
6577.74763065423,66.6542975917276,1239.24232950115,                  161P   7140
6550.50493062011,62.1238529629161,1233.16018453687,                  161P   7141
6532.33310965921,58.9817426046262,1230.06020836447,                  161P   7142
6523.2446958461,57.3802570598146,1118.98993974555,                   161P   7143
8023.2446958461,-6.036720605757D-13,1123.45069885733,                161P   7144
8014.47496869549,2.14818836888424,1132.25453176282,                  161P   7145
7996.93058243568,6.38789084446997,1145.10695801213,                  161P   7146
7970.59919597437,12.5772931163451,1157.60523112645,                  161P   7147
7944.25296765667,18.5961442272347,1169.74798504604,                  161P   7148
7917.89184023379,24.4437863174403,1181.53332245115,                  161P   7149
7891.51573419271,30.1193056859248,1192.95882620653,                  161P   7150
7865.12454823619,35.6215383017078,1204.02157609737,                  161P   7151
7838.71815998369,40.9490778634476,1214.71815300156,                  161P   7152
7812.29642614671,46.1002778087236,1225.04470045767,                  161P   7153
7785.85918510844,51.0732809635855,1234.99689958389,                  161P   7154
7759.40625587324,55.8660074641787,1244.57009368156,                  161P   7155
7732.93744328799,60.4762147626138,1256.82219641981,                  161P   7156
7697.62422972839,66.3765164684863,1271.16377116524,                  161P   7157
7653.44191307261,73.2830548597413,1286.76966373562,                  161P   7158
7600.35591274342,80.7984566256092,1300.72247268215,                  161P   7159
7547.20063495379,87.5177752754471,1310.93064548616,                  161P   7160
7502.84509560992,92.4337722023536,1318.2215144669,                   161P   7161
7467.32396657045,95.9448696525923,1323.24623446806,                  161P   7162
7440.66453644516,98.3646472718067,1327.82212075761,                  161P   7163
7413.98629658807,100.568277967445,1332.40233529214,                  161P   7164
7384.32268187598,102.773993036008,1336.78730464083,                  161P   7165
7351.66532858179,104.885682978626,1340.74792548612,                  161P   7166
7316.00463543919,106.79301745247,1343.87971939216,                   161P   7167
7280.30920780121,108.301209908979,1346.18008000298,                  161P   7168
7244.57893644064,109.409005193278,1347.65005205778,                  161P   7169
7208.81386514042,110.116906425242,1348.29398447549,                  161P   7170
7173.01417615512,110.427007933838,1348.11898682342,                  161P   7171
7137.18016743261,110.342733506255,1347.1344907845,                   161P   7172
7101.31223423604,109.868625201581,1345.35167115341,                  161P   7173
7065.41084487895,109.010064517323,1341.92701700054,                  161P   7174
7017.49842451645,107.360837999076,1336.33687281169,                  161P   7175
6963.52414026936,104.668766442207,1327.95683537753,                  161P   7176
6903.46182463589,100.633153109181,1320.31780559464,                  161P   7177
6858.35834438101,96.9543902533626,1313.41697780815,                  161P   7178
6822.24246943905,93.6311267425621,1307.85183201296,                  161P   7179
6795.13923901323,90.951093777591,1301.90223258588,                   161P   7180
6768.01989689711,88.0859177013851,1295.57283496057,                  161P   7181
6740.88463819078,85.0378404526394,1288.86795152182,                  161P   7182
6713.73364361767,81.8089387664146,1281.79145467854,                  161P   7183
6686.56707546282,78.40107749656,1274.34677674939,                    161P   7184
6659.38507756787,74.8159095606159,1266.53685708583,                  161P   7185
6632.18777311524,71.054850475654,1258.3641290501,                    161P   7186
6604.97526408232,67.119072087159,1249.8305060023,                    161P   7187
6577.74763065423,63.0094958207912,1240.9373668943,                   161P   7188
6550.50493062012,58.7267857447821,1234.76949005255,                  161P   7189
6532.33310965921,55.7564928058054,1231.62581765473,                  161P   7190
6523.24469584609,54.2425799691429,1118.98993974555,                  161P   7191
8023.24469584611,-6.06613257015775D-13,1123.50919275372,             161P   7192
8014.47496869548,2.02223573487854,1132.42847024542,                  161P   7193
7996.93058243567,6.01335586920597,1145.44943025111,                  161P   7194
7970.59919597438,11.8398609527547,1158.11159311475,                  161P   7195
7944.25296765668,17.5058146352408,1170.41357486349,                  161P   7196
7917.89184023378,23.0105976286129,1182.35345329801,                  161P   7197
7891.51573419271,28.3533498039751,1193.92877958721,                  161P   7198
7865.12454823619,33.532975379841,1205.13659522352,                   161P   7199
7838.71815998369,38.548150509164,1215.97343624992,                   161P   7200
7812.29642614671,43.3973251708121,1226.43539563522,                  161P   7201
7785.85918510845,48.0787510807054,1236.51809786416,                  161P   7202
7759.40625587326,52.5904703216172,1246.21682517481,                  161P   7203
7732.93744328798,56.9303718307831,1258.62958963234,                  161P   7204
7697.62422972838,62.484726899923,1273.15922532575,                   161P   7205
7653.44191307262,68.9863209600196,1288.96975783301,                  161P   7206
7600.3559127434,76.0610795021674,1303.10552984489,                   161P   7207
7547.2006349538,82.3864308933938,1313.44756233229,                   161P   7208
7502.84509560991,87.01419296591,1320.83403641613,                    161P   7209
7467.32396657045,90.3194276629033,1325.92464552804,                  161P   7210
7440.66453644516,92.5973288204148,1330.56053537569,                  161P   7211
7413.98629658807,94.6717561861627,1335.20081022456,                  161P   7212
7384.32268187598,96.7481457138307,1339.64327963912,                  161P   7213
7351.6653285818,98.7360229990805,1343.65583607195,                   161P   7214
7316.00463543919,100.531526590499,1346.82869716491,                  161P   7215
7280.30920780123,101.951290669294,1349.1592223849,                   161P   7216
7244.57893644066,102.994133672862,1350.64847017081,                  161P   7217
7208.81386514043,103.660529222144,1351.30084646882,                  161P   7218
7173.01417615512,103.952448851356,1351.12355407405,                  161P   7219
7137.18016743262,103.873115604112,1350.1261483469,                   161P   7220
7101.31223423605,103.426805229379,1348.31995061713,                  161P   7221
7065.41084487897,102.618583696567,1344.85038900339,                  161P   7222
7017.49842451644,101.066054668658,1339.18694130124,                  161P   7223
6963.52414026936,98.5318247184344,1330.69701650727,                  161P   7224
6903.4618246359,94.7328275669708,1322.95781619165,                   161P   7225
6858.35834438103,91.2697580266389,1315.96649790892,                  161P   7226
6822.24246943906,88.1413441848631,1310.32837640414,                  161P   7227
6795.13923901322,85.6184469795159,1304.30075993024,                  161P   7228
6768.01989689712,82.9212619784484,1297.88836496756,                  161P   7229
6740.88463819078,80.05189967095,1291.09556044915,                    161P   7230
6713.73364361767,77.0123150288986,1283.92626956281,                  161P   7231
6686.56707546282,73.8042635659873,1276.38396963511,                  161P   7232
6659.38507756787,70.4293012858534,1268.47163856126,                  161P   7233
6632.18777311524,66.8887607109366,1260.19174161213,                  161P   7234
6604.97526408231,63.1837449790475,1251.54621723769,                  161P   7235
6577.74763065424,59.3151214907946,1242.53646247202,                  161P   7236
6550.5049306201,55.2835153787438,1236.28770631356,                   161P   7237
6532.33310965921,52.4873767294244,1233.10281096626,                  161P   7238
6523.2446958461,51.0622276679477,1118.98993974555,                   161P   7239
8023.24469584609,-6.09523127069421D-13,1123.56413114058,             161P   7240
8014.47496869548,1.89469211272578,1132.59183600215,                  161P   7241
7996.93058243567,5.63408990351105,1145.77108556074,                  161P   7242
7970.59919597438,11.0931138126202,1158.58717625288,                  161P   7243
7944.25296765667,16.4017123939431,1171.03870728139,                  161P   7244
7917.89184023378,21.5593054182974,1183.12373307974,                  161P   7245
7891.51573419272,26.5650870056333,1194.83977504754,                  161P   7246
7865.12454823619,31.418030486061,1206.18383871206,                   161P   7247
7838.71815998369,36.1168955083614,1217.15241800663,                  161P   7248
7812.29642614672,40.6602298121672,1227.74155840415,                  161P   7249
7785.85918510844,45.0463953787238,1237.94683119833,                  161P   7250
7759.40625587324,49.2735577778212,1247.76346127569,                  161P   7251
7732.93744328799,53.3397390926903,1260.32712174515,                  161P   7252
7697.62422972839,58.5437776522256,1275.03338723673,                  161P   7253
7653.44191307262,64.6353122707406,1291.03612078915,                  161P   7254
7600.35591274341,71.2638615432378,1305.34373458771,                  161P   7255
7547.20063495379,77.1902692238423,1315.81149019368,                  161P   7256
7502.84509560992,81.5261555634704,1323.28775809301,                  161P   7257
7467.32396657045,84.6229271233288,1328.44025129334,                  161P   7258
7440.66453644516,86.757159686955,1333.13249742587,                   161P   7259
7413.98629658807,88.7007516730508,1337.82918186595,                  161P   7260
7384.32268187597,90.6461820663345,1342.32565624613,                  161P   7261
7351.66532858179,92.508682737483,1346.38699139908,                   161P   7262
7316.0046354392,94.1909428391888,1349.59842343947,                   161P   7263
7280.30920780122,95.5211615449651,1351.95727973452,                  161P   7264
7244.57893644064,96.4982318140709,1353.46463159001,                  161P   7265
7208.81386514041,97.1225973958878,1354.12493851317,                  161P   7266
7173.01417615512,97.3961054787877,1353.94549085994,                  161P   7267
7137.18016743262,97.321775827087,1352.93596015074,                   161P   7268
7101.31223423604,96.9036145156979,1351.1078053432,                   161P   7269
7065.41084487896,96.146368000298,1347.59606593642,                   161P   7270
7017.49842451645,94.6917579104744,1341.86377042239,                  161P   7271
6963.52414026936,92.3173633650179,1333.27063769297,                  161P   7272
6903.46182463588,88.7579712451975,1325.43735563857,                  161P   7273
6858.35834438101,85.5133195803495,1318.36104725951,                  161P   7274
6822.24246943906,82.582216678189,1312.65438582128,                   161P   7275
6795.13923901322,80.2184401145848,1306.55349451078,                  161P   7276
6768.0198968971,77.6913681911959,1300.06314714434,                   161P   7277
6740.88463819077,75.0029782874851,1293.18776576603,                  161P   7278
6713.73364361767,72.1551020740807,1285.93132125593,                  161P   7279
6686.56707546282,69.1493843433722,1278.29733321286,                  161P   7280
6659.38507756787,65.9872829609133,1270.28881573281,                  161P   7281
6632.18777311525,62.6700464061535,1261.90826405579,                  161P   7282
6604.97526408232,59.1987082413388,1253.15764019657,                  161P   7283
6577.74763065422,55.574081159601,1244.0383581723,                    161P   7284
6550.50493062012,51.7967508660195,1237.71363888838,                  161P   7285
6532.33310965921,49.1769663603956,1234.490026299,                    161P   7286
6523.2446958461,47.8417023060293,1118.98993974555,                   161P   7287
8023.2446958461,-6.12399381403117D-13,1123.61547079488,              161P   7288
8014.47496869548,1.76565784667696,1132.74450050418,                  161P   7289
7996.93058243567,5.25039133281992,1146.07167087714,                  161P   7290
7970.59919597437,10.3376391951911,1159.03160637346,                  161P   7291
7944.25296765668,15.2847061497722,1171.62289047377,                  161P   7292
7917.89184023378,20.0910514827437,1183.84355577492,                  161P   7293
7891.5157341927,24.755924196926,1195.69109585733,                    161P   7294
7865.12454823618,29.278367541755,1207.16248263899,                   161P   7295
7838.71815998369,33.6572256376835,1218.25417070196,                  161P   7296
7812.2964261467,37.8911451276685,1228.96216113445,                   161P   7297
7785.85918510844,41.9785995469907,1239.28197552342,                  161P   7298
7759.40625587325,45.9178793956867,1249.20878516061,                  161P   7299
7732.93744328797,49.707141459105,1261.91345721648,                   161P   7300
7697.62422972838,54.5567692457718,1276.78478239208,                  161P   7301
7653.44191307262,60.2334519243161,1292.96712688276,                  161P   7302
7600.35591274341,66.410576933948,1307.43532599199,                   161P   7303
7547.20063495379,71.9333783187127,1318.02056923842,                  161P   7304
7502.84509560991,75.9739776786009,1325.58074901992,                  161P   7305
7467.32396657044,78.8598497246735,1330.79107259874,                  161P   7306
7440.66453644516,80.8487345927163,1335.5359834043,                   161P   7307
7413.98629658807,82.6599620834192,1340.28538233198,                  161P   7308
7384.32268187598,84.4729027802198,1344.83232408885,                  161P   7309
7351.66532858179,86.2085615198981,1348.9392427176,                   161P   7310
7316.00463543918,87.7762546183075,1352.18671912003,                  161P   7311
7280.30920780122,89.0158814050943,1354.57205066639,                  161P   7312
7244.57893644064,89.9264102323455,1356.09632068653,                  161P   7313
7208.81386514043,90.5082546287651,1356.76403874014,                  161P   7314
7173.01417615512,90.7631359836079,1356.58257700844,                  161P   7315
7137.18016743261,90.6938684061033,1355.56171556268,                  161P   7316
7101.31223423605,90.3041851453392,1353.71304197321,                  161P   7317
7065.41084487896,89.5985094089996,1350.16188762473,                  161P   7318
7017.49842451644,88.2429626678154,1344.36525416666,                  161P   7319
6963.52414026936,86.0302715756141,1335.67567412547,                  161P   7320
6903.46182463589,82.7132848295618,1327.75447314553,                  161P   7321
6858.35834438102,79.6896037611217,1320.59874193641,                  161P   7322
6822.24246943906,76.9581178358586,1314.828030265,                    161P   7323
6795.13923901323,74.7553216088165,1308.65866397747,                  161P   7324
6768.01989689711,72.4003509301083,1302.0954704703,                   161P   7325
6740.88463819077,69.8950485136725,1295.14292141959,                  161P   7326
6713.73364361766,67.2411212878244,1287.80503227363,                  161P   7327
6686.56707546281,64.4401020296153,1280.08536213438,                  161P   7328
6659.38507756787,61.4933493195436,1271.98695892737,                  161P   7329
6632.18777311524,58.4020266118296,1263.51234589857,                  161P   7330
6604.97526408231,55.167097080004,1254.66350708397,                   161P   7331
6577.74763065423,51.789318070336,1245.44187237131,                   161P   7332
6550.50493062011,48.2692353996177,1239.04616591752,                  161P   7333
6532.33310965921,45.827866146065,1235.78637225446,                   161P   7334
6523.24469584609,44.5835376141928,1118.98993974555,                  161P   7335
8023.24469584611,-6.15239757132412D-13,1123.66317132549,             161P   7336
8014.47496869548,1.63523445426277,1132.88634364381,                  161P   7337
7996.93058243568,4.86256203145392,1146.35094971692,                  161P   7338
7970.59919597439,9.57403146908055,1159.44453382424,                  161P   7339
7944.25296765668,14.1556747058498,1172.16566483861,                  161P   7340
7917.89184023379,18.6069909687104,1184.51235506816,                  161P   7341
7891.51573419273,22.9272847341971,1196.48207224599,                  161P   7342
7865.1245482362,27.1156699237935,1208.07175706316,                   161P   7343
7838.7181599837,31.1710760390075,1219.27782753981,                   161P   7344
7812.29642614673,35.0922496908731,1230.0962435256,                   161P   7345
7785.85918510846,38.8777771696442,1240.52248042409,                  161P   7346
7759.40625587325,42.5260752505521,1250.55165973125,                  161P   7347
7732.93744328799,46.0354368712049,1263.38734800814,                  161P   7348
7697.62422972839,50.5268384539255,1278.41203289405,                  161P   7349
7653.44191307262,55.7842030783023,1294.76125690852,                  161P   7350
7600.35591274342,61.5050439892683,1309.37865851301,                  161P   7351
7547.2006349538,66.6198940296744,1320.07306148924,                   161P   7352
7502.84509560992,70.3620274795927,1327.7112052025,                   161P   7353
7467.32396657046,73.034729560131,1332.97525995222,                   161P   7354
7440.66453644517,74.8767019829908,1337.76910238548,                  161P   7355
7413.98629658808,76.5541400001476,1342.56747922433,                  161P   7356
7384.32268187598,78.2331646744471,1347.16131106414,                  161P   7357
7351.6653285818,79.8406159580062,1351.31058206186,                   161P   7358
7316.00463543921,81.2925086749624,1354.59154788334,                  161P   7359
7280.30920780123,82.4405682698593,1357.00147802804,                  161P   7360
7244.57893644066,83.2838392992504,1358.54146699764,                  161P   7361
7208.81386514043,83.8227047458237,1359.21607085638,                  161P   7362
7173.01417615512,84.0587588454177,1359.0327378107,                   161P   7363
7137.18016743262,83.994607838181,1358.0013487883,                    161P   7364
7101.31223423605,83.6337092102562,1356.13361085569,                  161P   7365
7065.41084487897,82.9801594413859,1352.54583542631,                  161P   7366
7017.49842451645,81.7247425214431,1346.68942450946,                  161P   7367
6963.52414026937,79.6754957110163,1337.91023365939,                  161P   7368
6903.4618246359,76.6035239687639,1329.90734573675,                   161P   7369
6858.35834438102,73.8031923693424,1322.67782144918,                  161P   7370
6822.24246943906,71.2734724098779,1316.84759963596,                  161P   7371
6795.13923901323,69.2333895631594,1310.61461210314,                  161P   7372
6768.01989689712,67.0523728957172,1303.98373602949,                  161P   7373
6740.88463819079,64.7321290062152,1296.95948920498,                  161P   7374
6713.73364361768,62.2742387377349,1289.54592848703,                  161P   7375
6686.56707546283,59.6801216460814,1281.74664968061,                  161P   7376
6659.38507756787,56.9510359578374,1273.56473214282,                  161P   7377
6632.18777311525,54.0880591866512,1265.00272514048,                  161P   7378
6604.97526408232,51.0920833595623,1256.06263316981,                  161P   7379
6577.74763065423,47.9638098801393,1246.74590086419,                  161P   7380
6550.50493062012,44.7037442474656,1240.2842390448,                   161P   7381
6532.33310965921,42.4427109864061,1236.99082894165,                  161P   7382
6523.24469584611,41.2902969490155,1118.98993974555,                  161P   7383
8023.24469584609,-6.18042019599185D-13,1123.70719520404,             161P   7384
8014.47496869548,1.50352454563269,1133.017253826,                    161P   7385
7996.93058243567,4.4709071227641,1146.60870235756,                   161P   7386
7970.59919597437,8.80289140000574,1159.82563373468,                  161P   7387
7944.25296765667,13.0155063237296,1172.66660334836,                  161P   7388
7917.89184023378,17.1082914556344,1185.12960478183,                  161P   7389
7891.5157341927,21.0806072931709,1197.21208191307,                   161P   7390
7865.12454823617,24.9316391269895,1208.91094661319,                  161P   7391
7838.71815998368,28.6604026818659,1220.22258315847,                  161P   7392
7812.2964261467,32.2657455230099,1231.14291333861,                   161P   7393
7785.85918510844,35.7463678078832,1241.6673699335,                   161P   7394
7759.40625587324,39.1008138325071,1251.79102848147,                  161P   7395
7732.93744328797,42.3275140297775,1264.74763453702,                  161P   7396
7697.62422972837,46.4571558106918,1279.91385850384,                  161P   7397
7653.44191307262,51.2910661637214,1296.41709933518,                  161P   7398
7600.3559127434,56.5511221201479,1311.17220323453,                   161P   7399
7547.20063495378,61.2539967219717,1321.9673521485,                   161P   7400
7502.84509560991,64.6947201487069,1329.67745050502,                  161P   7401
7467.32396657044,67.1521495226889,1334.9910949451,                   161P   7402
7440.66453644515,68.8457603336213,1339.83009746371,                  161P   7403
7413.98629658806,70.3880891574773,1344.67367710401,                  161P   7404
7384.32268187597,71.9318768412267,1349.3107848422,                   161P   7405
7351.66532858179,73.4098560107814,1353.49914378141,                  161P   7406
7316.00463543918,74.7448060736787,1356.81101773108,                  161P   7407
7280.30920780122,75.8003952439512,1359.24365046826,                  161P   7408
7244.57893644063,76.5757450343167,1360.79814680522,                  161P   7409
7208.81386514041,77.0712075801334,1361.47910572638,                  161P   7410
7173.01417615511,77.2882487095639,1361.2940456035,                   161P   7411
7137.18016743261,77.2292647432247,1360.25294044691,                  161P   7412
7101.31223423604,76.8974346841426,1358.36760760883,                  161P   7413
7065.41084487896,76.2965250612275,1354.746033771,                    161P   7414
7017.49842451644,75.1422256583399,1348.83445291048,                  161P   7415
6963.52414026935,73.2580353689876,1339.97255825575,                  161P   7416
6903.46182463588,70.4334954958664,1331.8942796404,                   161P   7417
6858.35834438101,67.8587165186592,1324.59665008269,                  161P   7418
6822.24246943905,65.5327527752232,1318.71150503858,                  161P   7419
6795.13923901322,63.6569883384052,1312.41980004623,                  161P   7420
6768.0198968971,61.6516415911026,1305.72645822956,                   161P   7421
6740.88463819076,59.5182816740417,1298.63603993809,                  161P   7422
6713.73364361766,57.258362101348,1291.15264024659,                   161P   7423
6686.56707546281,54.873188090747,1283.2798888341,                    161P   7424
6659.38507756787,52.3639165250011,1275.02089406659,                  161P   7425
6632.18777311524,49.7315381294542,1266.37822922609,                  161P   7426
6604.97526408231,46.9768730828565,1257.35391769206,                  161P   7427
6577.74763065422,44.1005662942466,1247.94941770695,                  161P   7428
6550.5049306201,41.1030825473008,1241.42688421657,                   161P   7429
6532.33310965921,39.024164140443,1238.10244875464,                   161P   7430
6523.24469584609,37.9645712561126,1118.98993974555,                  161P   7431
8023.2446958461,-6.20803964131405D-13,1123.74750779493,              161P   7432
8014.47496869548,1.37063174324206,1133.1371280577,                   161P   7433
7996.93058243568,4.07573474031248,1146.84472601323,                  161P   7434
7970.59919597438,8.0248256805702,1160.17460627602,                   161P   7435
7944.25296765668,11.8650980281571,1173.12531189175,                  161P   7436
7917.89184023379,15.5961320417705,1185.69481929726,                  161P   7437
7891.51573419272,19.2173447429038,1197.88055052655,                  161P   7438
7865.1245482362,22.7279934323448,1209.67939106021,                   161P   7439
7838.7181599837,26.1271808325128,1221.08769427542,                   161P   7440
7812.29642614673,29.413856369468,1232.1013471104,                    161P   7441
7785.85918510845,32.5868350905277,1242.71574331461,                  161P   7442
7759.40625587325,35.6447899577739,1252.92591634308,                  161P   7443
7732.937443288,38.5862901342432,1265.99324660338,                    161P   7444
7697.62422972839,42.3509231291493,1281.28907766642,                  161P   7445
7653.44191307262,46.757576145287,1297.93335143562,                   161P   7446
7600.35591274342,51.5527088127573,1312.81454909273,                  161P   7447
7547.2006349538,55.839908002469,1323.70195089094,                    161P   7448
7502.84509560992,58.97651442642,1331.4779379922,                     161P   7449
7467.32396657046,61.2167377181111,1336.83699162759,                  161P   7450
7440.66453644517,62.7606544735139,1341.71734715975,                  161P   7451
7413.98629658808,64.1666606811513,1346.60231892863,                  161P   7452
7384.32268187599,65.5739968036767,1351.27905433354,                  161P   7453
7351.6653285818,66.9213410632216,1355.50320603442,                   161P   7454
7316.00463543919,68.1382982038049,1358.84338250467,                  161P   7455
7280.30920780122,69.1005864676051,1361.29680396722,                  161P   7456
7244.57893644066,69.8074050146503,1362.86458467589,                  161P   7457
7208.81386514044,70.2590748559286,1363.5513629169,                   161P   7458
7173.01417615512,70.4569322586899,1363.36472131235,                  161P   7459
7137.18016743261,70.403161738719,1362.3147191082,                    161P   7460
7101.31223423605,70.1006613148585,1360.41327464502,                  161P   7461
7065.41084487896,69.552864601875,1356.76075166191,                   161P   7462
7017.49842451646,68.5005908578924,1350.79865177761,                  161P   7463
6963.52414026937,66.782939471091,1341.86102538927,                   161P   7464
6903.4618246359,64.2080536660025,1333.71371164454,                   161P   7465
6858.35834438102,61.8608530112177,1326.3537182065,                   161P   7466
6822.24246943907,59.7404754293268,1320.41828005308,                  161P   7467
6795.13923901323,58.03050515487,1314.07280758267,                    161P   7468
6768.01989689712,56.2024060286909,1307.32226599111,                  161P   7469
6740.88463819079,54.2576084990611,1300.17125459961,                  161P   7470
6713.73364361767,52.197437607601,1292.62390347854,                   161P   7471
6686.56707546283,50.0230832070813,1284.68387332533,                  161P   7472
6659.38507756787,47.7355999262687,1276.35429906936,                  161P   7473
6632.18777311524,45.3358909227532,1267.63777598332,                  161P   7474
6604.97526408233,42.8247038817211,1258.53634473802,                  161P   7475
6577.74763065424,40.2026267103022,1249.05147603772,                  161P   7476
6550.50493062012,37.4700831110973,1242.47320246151,                  161P   7477
6532.33310965922,35.5749151417238,1239.12035713119,                  161P   7478
6523.2446958461,34.6089770422128,1118.98993974555,                   161P   7479
8023.24469584609,-6.23523417776712D-13,1123.7840773823,              161P   7480
8014.47496869548,1.2366606001101,1133.24587202808,                   161P   7481
7996.93058243567,3.67735578480214,1147.05883499279,                  161P   7482
7970.59919597437,7.24044645167734,1160.49117689478,                  161P   7483
7944.25296765668,10.7053548994562,1173.54142958071,                  161P   7484
7917.89184023378,14.0717024140648,1186.20755393307,                  161P   7485
7891.51573419271,17.3389629996963,1198.48695217001,                  161P   7486
7865.12454823618,20.5064665515919,1210.37648583204,                  161P   7487
7838.71815998369,23.5734034957453,1221.87248026613,                  161P   7488
7812.2964261467,26.5388259456037,1232.97079079502,                   161P   7489
7785.85918510844,29.4016647705974,1243.66677576169,                  161P   7490
7759.40625587324,32.1607226429139,1253.95543044523,                  161P   7491
7732.93744328797,34.8147085814361,1267.12320422431,                  161P   7492
7697.62422972837,38.2113709757149,1282.53660843076,                  161P   7493
7653.44191307262,42.1872997328612,1299.30882030145,                  161P   7494
7600.3559127434,46.5137365539843,1314.30440397517,                   161P   7495
7547.20063495379,50.3818873894518,1325.27549302435,                  161P   7496
7502.84509560991,53.2119090941714,1333.11125113399,                  161P   7497
7467.32396657044,55.2331638140793,1338.51149774404,                  161P   7498
7440.66453644515,56.6261718417062,1343.42936668352,                  161P   7499
7413.98629658807,57.8947492616211,1348.35188734293,                  161P   7500
7384.32268187597,59.1645266051127,1353.06457100592,                  161P   7501
7351.6653285818,60.3801759352691,1357.3211921288,                    161P   7502
7316.00463543919,61.478182715867,1360.68704324501,                   161P   7503
7280.30920780123,62.3464129955591,1363.1593232104,                   161P   7504
7244.57893644063,62.9841442117432,1364.73915484361,                  161P   7505
7208.81386514041,63.3916659984819,1365.43121208361,                  161P   7506
7173.01417615511,63.5701840108081,1365.24313583716,                  161P   7507
7137.18016743262,63.5216692410148,1364.18506267176,                  161P   7508
7101.31223423604,63.248736443748,1362.26900253967,                   161P   7509
7065.41084487896,62.7544836182488,1358.58840402365,                  161P   7510
7017.49842451643,61.8050634066345,1352.58047578115,                  161P   7511
6963.52414026935,60.2553022798738,1343.57414931208,                  161P   7512
6903.46182463589,57.9320963271173,1335.36421031453,                  161P   7513
6858.35834438101,55.8143206483942,1327.94764345068,                  161P   7514
6822.24246943905,53.9011974292571,1321.96658187749,                  161P   7515
6795.13923901322,52.3583666315569,1315.57233421196,                  161P   7516
6768.01989689712,50.708953378443,1308.76990381544,                   161P   7517
6740.88463819076,48.9542483003339,1301.56392536237,                  161P   7518
6713.73364361766,47.0954469238705,1293.95856066937,                  161P   7519
6686.56707546281,45.1336228007561,1285.95749857223,                  161P   7520
6659.38507756787,43.0697274760347,1277.56389809732,                  161P   7521
6632.18777311524,40.9045758289865,1268.78037446619,                  161P   7522
6604.9752640823,38.6388424629944,1259.60898403551,                   161P   7523
6577.74763065423,36.2730578207446,1250.05120881425,                  161P   7524
6550.5049306201,33.8076041904158,1243.42237059076,                   161P   7525
6532.33310965921,32.0976776766965,1240.04375323386,                  161P   7526
6523.2446958461,31.2261543111387,1118.98993974555,                   161P   7527
8023.2446958461,-6.26198241012591D-13,1123.81687519517,              161P   7528
8014.47496869549,1.10171651767594,1133.34340018321,                  161P   7529
7996.93058243568,3.27608367981253,1147.2508608467,                   161P   7530
7970.59919597438,6.45037082159107,1160.77509653008,                  161P   7531
7944.25296765668,9.53718936243665,1173.91462903602,                  161P   7532
7917.89184023379,12.5362019134565,1186.66740529694,                  161P   7533
7891.51573419271,15.4469398753689,1199.03080975897,                  161P   7534
7865.12454823619,18.2688062650722,1211.00168249166,                  161P   7535
7838.71815998369,21.0010798490641,1222.57632370285,                  161P   7536
7812.29642614672,23.642916173926,1233.75056036056,                   161P   7537
7785.85918510845,26.1933627723371,1244.5197190531,                   161P   7538
7759.40625587326,28.6513529685836,1254.87876082114,                  161P   7539
7732.93744328799,31.0157366530719,1268.13661840942,                  161P   7540
7697.62422972839,34.0417561319917,1283.65546930617,                  161P   7541
7653.44191307262,37.5838325792088,1300.54242378707,                  161P   7542
7600.35591274341,41.4381697417968,1315.64059574346,                  161P   7543
7547.2006349538,44.8842289660637,1326.68674056966,                   161P   7544
7502.84509560992,47.4054394398137,1334.57610492666,                  161P   7545
7467.32396657046,49.2061353713849,1340.01329588233,                  161P   7546
7440.66453644517,50.4471387260283,1344.96480910933,                  161P   7547
7413.98629658807,51.577289308449,1349.92100587978,                   161P   7548
7384.32268187598,52.7085088790981,1354.66593011001,                  161P   7549
7351.66532858179,53.7915068711232,1358.95167177001,                  161P   7550
7316.00463543919,54.7696994379411,1362.34054945812,                  161P   7551
7280.30920780122,55.5431886557576,1364.82974286692,                  161P   7552
7244.57893644066,56.1113308078119,1366.42038249652,                  161P   7553
7208.81386514043,56.4743839233741,1367.11717426139,                  161P   7554
7173.01417615512,56.6334220967136,1366.9278113415,                   161P   7555
7137.18016743261,56.590201245958,1365.86249965099,                   161P   7556
7101.31223423605,56.3470508044082,1363.933331305,                    161P   7557
7065.41084487896,55.9067307184347,1360.22755295675,                  161P   7558
7017.49842451646,55.0609109929112,1354.178523077,                    161P   7559
6963.52414026937,53.6802593964645,1345.11058222959,                  161P   7560
6903.4618246359,51.6105610718902,1336.84447712603,                   161P   7561
6858.35834438102,49.7238765233776,1329.37717179981,                  161P   7562
6822.24246943906,48.01951281139,1323.3551923905,                     161P   7563
6795.13923901323,46.6450353083026,1316.91720018649,                  161P   7564
6768.01989689711,45.1756055995635,1310.06823277831,                  161P   7565
6740.88463819079,43.6123734823352,1302.81295654727,                  161P   7566
6713.73364361766,41.9564040277037,1295.15556178195,                  161P   7567
6686.56707546282,40.2086536416898,1287.09976255434,                  161P   7568
6659.38507756787,38.3699700369908,1278.64873950244,                  161P   7569
6632.18777311525,36.4410791734717,1269.80512573913,                  161P   7570
6604.97526408233,34.4225820419701,1260.57099168909,                  161P   7571
6577.74763065423,32.3149512034048,1250.94782950009,                  161P   7572
6550.50493062013,30.1185272307678,1244.27364184944,                  161P   7573
6532.33310965922,28.5951874526516,1240.87191058381,                  161P   7574
6523.2446958461,27.8187644896413,1118.98993974555,                   161P   7575
8023.2446958461,-6.28826329429115D-13,1123.8458754299,               161P   7576
8014.47496869548,0.965905662817406,1133.42963579302,                 161P   7577
7996.93058243567,2.8722341250452,1147.42065249906,                   161P   7578
7970.59919597437,5.65522038009419,1161.0261418088,                   161P   7579
7944.25296765668,8.36152046805361,1174.24461664389,                  161P   7580
7917.89184023378,10.9908385906516,1187.07401160191,                  161P   7581
7891.51573419271,13.5427639138007,1199.51169541473,                  161P   7582
7865.12454823619,16.0167730457311,1211.55448916707,                  161P   7583
7838.71815998369,18.4122336608732,1223.19867083838,                  161P   7584
7812.29642614672,20.728405403314,1234.44004232509,                   161P   7585
7785.85918510845,22.9644532183321,1245.2739021377,                   161P   7586
7759.40625587325,25.1194419215176,1255.69518104274,                  161P   7587
7732.93744328798,27.1923631796448,1269.03269185742,                  161P   7588
7697.62422972838,29.8453590307469,1284.64478003145,                  161P   7589
7653.44191307262,32.9507964491822,1301.6331913578,                   161P   7590
7600.35591274341,36.3300015641291,1316.82207315182,                  161P   7591
7547.2006349538,39.3512579996276,1327.93458323114,                   161P   7592
7502.84509560991,41.5616736870381,1335.87134689992,                  161P   7593
7467.32396657044,43.1403941377271,1341.34120450622,                  161P   7594
7440.66453644515,44.2284164634286,1346.32246643142,                  161P   7595
7413.98629658807,45.2192510655088,1351.30844003881,                  161P   7596
7384.32268187598,46.2110228794461,1356.08187178025,                  161P   7597
7351.66532858181,47.1605174876626,1360.39336218197,                  161P   7598
7316.00463543919,48.0181262504042,1363.80260025183,                  161P   7599
7280.30920780123,48.6962658658407,1366.30674873801,                  161P   7600
7244.57893644065,49.1943719694984,1367.90694493267,                  161P   7601
7208.81386514041,49.5126707828489,1368.6079230234,                   161P   7602
7173.01417615512,49.6521039943586,1368.41742241084,                  161P   7603
7137.18016743262,49.6142110665257,1367.34571032625,                  161P   7604
7101.31223423604,49.4010342786301,1365.40495153421,                  161P   7605
7065.41084487897,49.0149933527926,1361.67690886461,                  161P   7606
7017.49842451644,48.2734395596904,1355.59153640512,                  161P   7607
6963.52414026936,47.0629837173846,1346.46911535679,                  161P   7608
6903.46182463589,45.2484213504271,1338.15334748253,                  161P   7609
6858.35834438101,43.5943122759778,1330.64117857577,                  161P   7610
6822.24246943906,42.1000489745777,1324.58301910599,                  161P   7611
6795.13923901322,40.8950061324788,1318.10634743607,                  161P   7612
6768.01989689712,39.6067160378751,1311.2162314224,                   161P   7613
6740.88463819077,38.236186750074,1303.91736548192,                   161P   7614
6713.73364361767,36.7843520466646,1296.21396507845,                  161P   7615
6686.56707546282,35.2520504355356,1288.10976659813,                  161P   7616
6659.38507756787,33.6400251301016,1279.60796978825,                  161P   7617
6632.18777311523,31.9489125996654,1270.71122358143,                  161P   7618
6604.9752640823,30.1792397496924,1261.42161084149,                   161P   7619
6577.74763065423,28.3314208875465,1251.74063268098,                  161P   7620
6550.5049306201,26.4057546030894,1245.02634650186,                   161P   7621
6532.3331096592,25.0702000439352,1241.60417763016,                   161P   7622
6523.2446958461,24.389488332092,1118.98993974555,                    161P   7623
8023.2446958461,-6.31405615385227D-13,1123.87105527068,              161P   7624
8014.47496869548,0.829334884350022,1133.50451101193,                 161P   7625
7996.93058243568,2.46612484802366,1147.56807636686,                  161P   7626
7970.59919597438,4.85562070960375,1161.2441152219,                   161P   7627
7944.25296765667,7.17927317056758,1174.53113278764,                  161P   7628
7917.89184023379,9.43682825598247,1187.42705295179,                  161P   7629
7891.51573419271,11.6279332201782,1199.9292308021,                   161P   7630
7865.12454823618,13.7521386744935,1212.03447093942,                  161P   7631
7838.71815998369,15.8089016987719,1223.73903204315,                  161P   7632
7812.29642614671,17.7975866170788,1235.03869424099,                  161P   7633
7785.85918510844,19.7174764442698,1245.92873166442,                  161P   7634
7759.40625587324,21.5677682229919,1256.40404879415,                  161P   7635
7732.93744328798,23.3475961896914,1269.81071958552,                  161P   7636
7697.62422972839,25.6254811758269,1285.50376226965,                  161P   7637
7653.44191307262,28.2918363711805,1302.58026485587,                  161P   7638
7600.35591274341,31.1932508582074,1317.8479066768,                   161P   7639
7547.20063495379,33.7873275397932,1329.0180392727,                   161P   7640
7502.84509560992,35.685209402435,1336.9959580264,                    161P   7641
7467.32396657045,37.0407123182937,1342.49417888803,                  161P   7642
7440.66453644516,37.9748976164977,1347.50127051739,                  161P   7643
7413.98629658806,38.8256367018546,1352.51309826076,                  161P   7644
7384.32268187598,39.6771804853479,1357.31128202922,                  161P   7645
7351.66532858178,40.4924246974999,1361.64512911951,                  161P   7646
7316.00463543919,41.2287749348419,1365.07204536251,                  161P   7647
7280.30920780122,41.8110314234321,1367.58917879419,                  161P   7648
7244.57893644065,42.2387095950933,1369.19767260397,                  161P   7649
7208.81386514042,42.5120036855213,1369.90228552801,                  161P   7650
7173.01417615512,42.6317222365074,1369.71079709858,                  161P   7651
7137.18016743262,42.5991870437535,1368.63352778643,                  161P   7652
7101.31223423604,42.4161516257605,1366.68270543495,                  161P   7653
7065.41084487896,42.08469357669,1362.93533147126,                    161P   7654
7017.49842451645,41.4479891314047,1356.81840408196,                  161P   7655
6963.52414026936,40.408681366026,1347.64867987222,                   161P   7656
6903.46182463589,38.8506825586087,1339.28979163463,                  161P   7657
6858.35834438102,37.4304503239625,1331.73866932542,                  161P   7658
6822.24246943906,36.1474630406693,1325.64909603536,                  161P   7659
6795.13923901322,35.1128029236828,1319.13884040305,                  161P   7660
6768.01989689711,34.006666001883,1312.21299656359,                   161P   7661
6740.88463819078,32.8299178036362,1304.87628327623,                  161P   7662
6713.73364361766,31.5833600783863,1297.13293786354,                  161P   7663
6686.56707546282,30.2677127761969,1288.98671608626,                  161P   7664
6659.38507756787,28.8836140264783,1280.4408342835,                   161P   7665
6632.18777311525,27.4316103072318,1271.49795512365,                  161P   7666
6604.97526408232,25.9121540240073,1262.16017227088,                  161P   7667
6577.74763065423,24.3256009046605,1252.42899462165,                  161P   7668
6550.50493062012,22.6722073210068,1245.67989236012,                  161P   7669
6532.33310965922,21.5254887246703,1242.23997826425,                  161P   7670
6523.2446958461,20.9410238120508,1118.98993974555,                   161P   7671
8023.24469584609,-6.33934069634408D-13,1123.89239490731,             161P   7672
8014.47496869548,0.692111628958984,1133.567966932,                   161P   7673
7996.93058243567,2.05807535410712,1147.69301646464,                  161P   7674
7970.59919597437,4.05220089296626,1161.4288452792,                   161P   7675
7944.25296765668,5.99137759979544,1174.77395205124,                  161P   7676
7917.89184023378,7.87539352281549,1187.72625159196,                  161P   7677
7891.51573419271,9.70395428229476,1200.28308742588,                  161P   7678
7865.12454823619,11.4766848462361,1212.44125018396,                  161P   7679
7838.71815998369,13.1931321270371,1224.196982189,                    161P   7680
7812.29642614672,14.8527656288578,1235.54604511993,                  161P   7681
7785.85918510845,16.4549870002167,1246.48369244736,                  161P   7682
7759.40625587326,17.9991261425423,1257.00480637495,                  161P   7683
7732.93744328798,19.4844605430901,1270.4700894818,                   161P   7684
7697.62422972838,21.3854425445541,1286.23174021807,                  161P   7685
7653.44191307261,23.6106177692595,1303.38289917294,                  161P   7686
7600.35591274341,26.0319589485536,1318.71728924577,                  161P   7687
7547.2006349538,28.1968149935808,1329.93625628728,                   161P   7688
7502.84509560992,29.7806698781543,1337.94905352037,                  161P   7689
7467.32396657045,30.9118888210171,1343.47131192725,                  161P   7690
7440.66453644516,31.6915021240271,1348.50029394526,                  161P   7691
7413.98629658807,32.4014763760411,1353.53403278301,                  161P   7692
7384.32268187598,33.1121221793772,1358.35319362065,                  161P   7693
7351.6653285818,33.7924746043378,1362.7059877573,                    161P   7694
7316.00463543919,34.4069869947707,1366.14788605655,                  161P   7695
7280.30920780123,34.8929022678343,1368.67602408594,                  161P   7696
7244.57893644065,35.2498160328818,1370.29155003279,                  161P   7697
7208.81386514043,35.4778903870183,1370.99924343785,                  161P   7698
7173.01417615511,35.5778000892427,1370.80691784458,                  161P   7699
7137.18016743261,35.5506482285403,1369.7249388435,                   161P   7700
7101.31223423605,35.3978981830583,1367.76558773669,                  161P   7701
7065.41084487896,35.1212837844565,1364.00183071501,                  161P   7702
7017.49842451645,34.5899296124478,1357.85816087164,                  161P   7703
6963.52414026936,33.7225875965022,1348.64834775567,                  161P   7704
6903.46182463589,32.4223780998732,1340.25291548696,                  161P   7705
6858.35834438102,31.2371400688071,1332.66878059992,                  161P   7706
6822.24246943906,30.1664381903138,1326.55258444454,                  161P   7707
6795.13923901323,29.3029748144206,1320.01386677546,                  161P   7708
6768.01989689712,28.3798613155854,1313.05774399872,                  161P   7709
6740.88463819077,27.3978200102789,1305.68895550339,                  161P   7710
6713.73364361767,26.3575199890271,1297.91175713711,                  161P   7711
6686.56707546281,25.259562077649,1289.72992108031,                   161P   7712
6659.38507756787,24.1044788195045,1281.14667773359,                  161P   7713
6632.18777311524,22.8927262713525,1272.16470140614,                  161P   7714
6604.97526408231,21.6246819829,1262.78609491544,                     161P   7715
6577.74763065423,20.3006428226252,1253.0123737546,                   161P   7716
6550.5049306201,18.9208227425984,1246.23376524823,                   161P   7717
6532.33310965921,17.9638422867597,1242.77881227108,                  161P   7718
6523.2446958461,17.4760839995153,1118.98993974555,                   161P   7719
8023.24469584611,-6.36409702923073D-13,1123.90987755092,             161P   7720
8014.47496869549,0.554343856652466,1133.61995362958,                 161P   7721
7996.93058243567,1.64840667508129,1147.79537449636,                  161P   7722
7970.59919597438,3.24559301845089,1161.58018664518,                  161P   7723
7944.25296765667,4.79876832921902,1174.97288339777,                  161P   7724
7917.89184023379,6.30776284551227,1187.97137212928,                  161P   7725
7891.51573419272,7.7723407851402,1200.57298689102,                   161P   7726
7865.12454823619,9.19220176782503,1212.77450686901,                  161P   7727
7838.71815998369,10.5669828949839,1224.57216098579,                  161P   7728
7812.29642614671,11.8962592682375,1235.96169580603,                  161P   7729
7785.85918510844,13.1795516405188,1246.9383478737,                   161P   7730
7759.40625587324,14.4163232992361,1257.49698114195,                  161P   7731
7732.93744328798,15.6059955508884,1271.01028279012,                  161P   7732
7697.62422972838,17.1285789753336,1286.8281411435,                   161P   7733
7653.44191307262,18.9108235789193,1304.04046284024,                  161P   7734
7600.35591274341,20.8501864669849,1319.42953687607,                  161P   7735
7547.20063495379,22.5841186809301,1330.68851187198,                  161P   7736
7502.84509560991,23.8527004939725,1338.72988353845,                  161P   7737
7467.32396657045,24.7587454804559,1344.27183486907,                  161P   7738
7440.66453644516,25.3831734296557,1349.31875073808,                  161P   7739
7413.98629658807,25.9518242780421,1354.37044039011,                  161P   7740
7384.32268187598,26.5210130025946,1359.20678683551,                  161P   7741
7351.66532858179,27.0659383749699,1363.57510346978,                  161P   7742
7316.00463543919,27.5581294525648,1367.02927592134,                  161P   7743
7280.30920780122,27.9473212176008,1369.56642954286,                  161P   7744
7244.57893644065,28.2331897751145,1371.18771661622,                  161P   7745
7208.81386514042,28.4158649560902,1371.89793372648,                  161P   7746
7173.01417615512,28.4958872058702,1371.70492228098,                  161P   7747
7137.18016743262,28.4741400388708,1370.61908483498,                  161P   7748
7101.31223423604,28.3517955415769,1368.65274648687,                  161P   7749
7065.41084487896,28.1302424190594,1364.8755675326,                   161P   7750
7017.49842451644,27.7046565617566,1358.70998875039,                  161P   7751
6963.52414026937,27.0099626741833,1349.46733252312,                  161P   7752
6903.4618246359,25.9685654245779,1341.04196130638,                   161P   7753
6858.35834438102,25.019254079845,1333.4307806386,                    161P   7754
6822.24246943906,24.1616799779013,1327.29277351828,                  161P   7755
6795.13923901322,23.4700926705319,1320.73073813044,                  161P   7756
6768.01989689712,22.7307288516606,1313.74980912672,                  161P   7757
6740.88463819078,21.9441670575832,1306.35474279735,                  161P   7758
6713.73364361767,21.1109431935022,1298.54981016673,                  161P   7759
6686.56707546283,20.2315384882944,1290.33879686727,                  161P   7760
6659.38507756786,19.3063794802919,1281.72494481948,                  161P   7761
6632.18777311524,18.3358314462102,1272.71093786945,                  161P   7762
6604.97526408232,17.3201967828766,1263.29888633345,                  161P   7763
6577.74763065424,16.2597132658321,1253.49031110905,                  161P   7764
6550.50493062012,15.1545522590748,1246.68752940928,                  161P   7765
6532.33310965921,14.3880628454685,1243.22025572555,                  161P   7766
6523.2446958461,13.9973949260869,1118.98993974555,                   161P   7767
8023.24469584609,-6.38830567552065D-13,1123.92348944703,             161P   7768
8014.47496869548,0.416139955861741,1133.66043020406,                 161P   7769
7996.93058243568,1.23744111669795,1147.87506993167,                  161P   7770
7970.59919597437,2.43643168267386,1161.6980202518,                   161P   7771
7944.25296765668,3.60238364103385,1175.12777031765,                  161P   7772
7917.89184023378,4.7351695533703,1188.16222171479,                   161P   7773
7891.51573419271,5.83461242053466,1200.79870111866,                  161P   7774
7865.12454823618,6.90048675029212,1213.03397880433,                  161P   7775
7838.71815998369,7.93252011858848,1224.86427326099,                  161P   7776
7812.29642614672,8.93039355879325,1236.28531928539,                  161P   7777
7785.85918510845,9.89374730529957,1247.29234024257,                  161P   7778
7759.40625587325,10.8221784537528,1257.88018587584,                  161P   7779
7732.93744328798,11.7152525851814,1271.43087451249,                  161P   7780
7697.62422972839,12.8582395443423,1287.2924958265,                   161P   7781
7653.44191307262,14.1961513508333,1304.55243851847,                  161P   7782
7600.35591274341,15.6520101593235,1319.98408920572,                  161P   7783
7547.2006349538,16.9536543758498,1331.27421418848,                   161P   7784
7502.84509560992,17.9059650641555,1339.33783376131,                  161P   7785
7467.32396657044,18.5861232658912,1344.89511790075,                  161P   7786
7440.66453644516,19.0548745943321,1349.9559969736,                   161P   7787
7413.98629658807,19.4817546546206,1355.021663037,                    161P   7788
7384.32268187597,19.9090384927472,1359.87139010792,                  161P   7789
7351.66532858179,20.3181080940188,1364.25179247875,                  161P   7790
7316.00463543919,20.6875906288177,1367.71552152196,                  161P   7791
7280.30920780123,20.9797526902894,1370.25969463699,                  161P   7792
7244.57893644064,21.1943511339782,1371.88546729372,                  161P   7793
7208.81386514042,21.3314834226038,1372.59764934783,                  161P   7794
7173.01417615512,21.3915552626571,1372.40410390132,                  161P   7795
7137.18016743262,21.3752298988841,1371.31526229,                     161P   7796
7101.31223423605,21.2833872039703,1369.34348371188,                  161P   7797
7065.41084487897,21.1170696638387,1365.55585451017,                  161P   7798
7017.49842451646,20.7975869497289,1359.37321754122,                  161P   7799
6963.52414026936,20.2760877390081,1350.10498983697,                  161P   7800
6903.46182463589,19.4943220528102,1341.65630830978,                  161P   7801
6858.35834438102,18.7816842624649,1334.02406993668,                  161P   7802
6822.24246943905,18.1379126311056,1327.8690809116,                   161P   7803
6795.13923901322,17.6187454966463,1321.28889046825,                  161P   7804
6768.01989689711,17.0637130501628,1314.28864746422,                  161P   7805
6740.88463819077,16.4732495926139,1306.87312134886,                  161P   7806
6713.73364361767,15.8477574222567,1299.04659496314,                  161P   7807
6686.56707546281,15.18759779242,1290.8128644131,                     161P   7808
6659.38507756788,14.4930909008307,1282.17518058862,                  161P   7809
6632.18777311525,13.7645109567802,1273.13623476111,                  161P   7810
6604.97526408231,13.0020849663062,1263.69814308544,                  161P   7811
6577.74763065423,12.2059914249433,1253.86243066698,                  161P   7812
6550.50493062011,11.3763589737976,1247.04082784358,                  161P   7813
6532.33310965922,10.8009636358337,1243.56396132128,                  161P   7814
6523.2446958461,10.5076934412114,1118.98993974555,                   161P   7815
8023.2446958461,-6.4119475891571D-13,1123.93321988665,               161P   7816
8014.47496869548,0.277608658089379,1133.68936481104,                 161P   7817
7996.93058243567,0.825502004872491,1147.93204007127,                 161P   7818
7970.59919597438,1.6253534908789,1161.78225339504,                   161P   7819
7944.25296765667,2.40316478729009,1175.23849095571,                  161P   7820
7917.89184023378,3.15885087942561,1188.29865020013,                  161P   7821
7891.51573419271,3.89229369043285,1200.96005253117,                  161P   7822
7865.12454823619,4.60334279352491,1213.21946185389,                  161P   7823
7838.71815998369,5.29181645350561,1225.07308919921,                  161P   7824
7812.2964261467,5.95750188643891,1236.51666095164,                   161P   7825
7785.85918510845,6.6001590912232,1247.54539105522,                   161P   7826
7759.40625587325,7.21951928872473,1258.15411909546,                  161P   7827
7732.93744328799,7.81529267627897,1271.73153375406,                  161P   7828
7697.62422972838,8.57778392826546,1287.62443894234,                  161P   7829
7653.44191307262,9.47031033917711,1304.91842341767,                  161P   7830
7600.35591274341,10.441519675123,1320.38050994815,                   161P   7831
7547.2006349538,11.3098518291735,1331.69290244336,                   161P   7832
7502.84509560991,11.9451421648915,1339.77242589234,                  161P   7833
7467.32396657045,12.3988784692592,1345.34067066277,                  161P   7834
7440.66453644516,12.711584388105,1350.41153130695,                   161P   7835
7413.98629658807,12.9963578135661,1355.48718838307,                  161P   7836
7384.32268187599,13.2814006008659,1360.34648057024,                  161P   7837
7351.6653285818,13.554292596635,1364.73552240826,                    161P   7838
7316.00463543919,13.8007758992551,1368.20608296394,                  161P   7839
7280.30920780122,13.9956783994535,1370.75527395137,                  161P   7840
7244.57893644065,14.1388378945739,1372.38425311936,                  161P   7841
7208.81386514042,14.2303194023932,1373.09783981007,                  161P   7842
7173.01417615511,14.2703935713628,1372.90391263389,                  161P   7843
7137.18016743261,14.2595028547516,1371.81292350037,                  161P   7844
7101.31223423604,14.1982342192091,1369.83725598354,                  161P   7845
7065.41084487895,14.0872831113372,1366.04215644111,                  161P   7846
7017.49842451644,13.874154892579,1359.84732545782,                   161P   7847
6963.52414026936,13.5262606468001,1350.56081802894,                  161P   7848
6903.46182463589,13.0047415760429,1342.09547316795,                  161P   7849
6858.35834438102,12.5293380059339,1334.44818173181,                  161P   7850
6822.24246943906,12.0998753307437,1328.28105322244,                  161P   7851
6795.13923901322,11.7535368225296,1321.68788467009,                  161P   7852
6768.01989689711,11.3832724187057,1314.67383508743,                  161P   7853
6740.88463819078,10.9893718432089,1307.2436833306,                   161P   7854
6713.73364361767,10.5721034708439,1299.40172068761,                  161P   7855
6686.56707546282,10.1317082951766,1291.15175075157,                  161P   7856
6659.38507756786,9.66839992141359,1282.49703082407,                  161P   7857
6632.18777311524,9.18236127568902,1273.44025748454,                  161P   7858
6604.97526408232,8.6737437946549,1263.98355106153,                   161P   7859
6577.74763065423,8.14266655340796,1254.12843966839,                  161P   7860
6550.50493062011,7.58921536895447,1247.29338259836,                  161P   7861
6532.33310965921,7.20536679735438,1243.80965865253,                  161P   7862
6523.24469584609,7.00972505702167,1118.98993974555,                  161P   7863
8023.2446958461,-6.43500416987516D-13,1123.93906121411,              161P   7864
8014.47496869548,0.138858952516091,1133.70673468547,                 161P   7865
7996.93058243567,0.412913431755215,1147.96624009243,                 161P   7866
7970.59919597438,0.812996556971401,1161.83281980231,                 161P   7867
7944.25296765668,1.20205525066759,1175.30495819961,                  161P   7868
7917.89184023378,1.58004698877606,1188.38055024669,                  161P   7869
7891.51573419272,1.94691270963628,1201.05691418115,                  161P   7870
7865.12454823618,2.30257717025762,1213.3308100841,                   161P   7871
7838.71815998369,2.64694946728105,1225.19844450912,                  161P   7872
7812.29642614672,2.97992316687255,1236.65553879072,                  161P   7873
7785.85918510845,3.30137822125555,1247.69730121742,                  161P   7874
7759.40625587325,3.61118018797859,1258.3185652768,                   161P   7875
7732.93744328798,3.90918410868561,1271.91202396341,                  161P   7876
7697.6242297284,4.29057976573192,1287.82370932616,                   161P   7877
7653.44191307262,4.73701858851664,1305.13812958979,                  161P   7878
7600.35591274341,5.22281435580933,1320.61848720911,                  161P   7879
7547.2006349538,5.65715128959775,1331.94424722287,                   161P   7880
7502.84509560992,5.97492145991137,1340.03331800496,                  161P   7881
7467.32396657045,6.20187889119874,1345.60814260501,                  161P   7882
7440.66453644516,6.35829337998084,1350.68499533475,                  161P   7883
7413.98629658807,6.50073612595363,1355.76665016422,                  161P   7884
7384.32268187597,6.64331360584611,1360.63168443278,                  161P   7885
7351.66532858179,6.77981329913172,1365.0259126713,                   161P   7886
7316.0046354392,6.90310344955501,1368.50057428541,                   161P   7887
7280.30920780123,7.00059304950684,1371.05277757619,                  161P   7888
7244.57893644064,7.07220096574424,1372.68368166053,                  161P   7889
7208.81386514042,7.11795971994806,1373.39811157545,                  161P   7890
7173.01417615512,7.13800468959852,1373.20395524129,                  161P   7891
7137.18016743263,7.13255718838859,1372.11167691827,                  161P   7892
7101.31223423605,7.10191081513761,1370.13367481377,                  161P   7893
7065.41084487898,7.04641342998523,1366.33409071481,                  161P   7894
7017.49842451645,6.93980738458258,1360.13193948358,                  161P   7895
6963.52414026936,6.76579180852754,1350.83445846442,                  161P   7896
6903.4618246359,6.50492965681703,1342.3591103566,                    161P   7897
6858.35834438102,6.26713432931477,1334.70278234309,                  161P   7898
6822.24246943906,6.05231848879945,1328.52836632096,                  161P   7899
6795.13923901323,5.87908108764036,1321.92740681697,                  161P   7900
6768.01989689712,5.69387603091448,1314.90506894004,                  161P   7901
6740.88463819077,5.49684823759744,1307.46613719335,                  161P   7902
6713.73364361767,5.28813194789809,1299.61490793581,                  161P   7903
6686.56707546281,5.06784770601851,1291.35518925509,                  161P   7904
6659.38507756788,4.83610235659199,1282.69024230187,                  161P   7905
6632.18777311525,4.59298739867858,1273.62276684202,                  161P   7906
6604.97526408231,4.33857858040207,1264.15488570964,                  161P   7907
6577.74763065424,4.07293546273993,1254.28812882379,                  161P   7908
6550.50493062011,3.79610097108174,1247.44499496964,                  161P   7909
6532.33310965922,3.60410115758845,1243.9571544106,                   161P   7910
6523.2446958461,3.50624179211308,1118.98993974555,                   161P   7911
8023.24469584609,-6.45745727807809D-13,1123.94100883429,             161P   7912
8014.47496869548,-3.59017442816375D-11,1133.71252616321,             161P   7913
7996.93058243568,-1.04822985553675D-10,1147.97764309148,             161P   7914
7970.59919597437,-2.06413050591683D-10,1161.8496796952,              161P   7915
7944.25296765667,-3.04830911495621D-10,1175.32711976248,             161P   7916
7917.89184023379,-4.00089302913318D-10,1188.40785742723,             161P   7917
7891.51573419271,-4.93502212016197D-10,1201.08920987177,             161P   7918
7865.12454823619,-5.82633456993874D-10,1213.36793590215,             161P   7919
7838.7181599837,-6.70892966606762D-10,1225.24024057915,              161P   7920
7812.2964261467,-7.54126356006634D-10,1236.7018435535,               161P   7921
7785.85918510845,-8.36104156171561D-10,1247.74795122803,             161P   7922
7759.40625587325,-9.14079984054352D-10,1258.37339505717,             161P   7923
7732.93744328799,-9.89675272809617D-10,1271.97220315674,             161P   7924
7697.62422972837,-1.0860328088177D-9,1287.89015022063,               161P   7925
7653.44191307262,-1.19945893939665D-9,1305.21138420151,              161P   7926
7600.35591274341,-1.32165564705926D-9,1320.69783378225,              161P   7927
7547.20063495379,-1.43202223649667D-9,1332.02805080496,              161P   7928
7502.84509560991,-1.51187996980311D-9,1340.12030486669,              161P   7929
7467.32396657045,-1.56964406354658D-9,1345.69732331891,              161P   7930
7440.66453644516,-1.60946164483409D-9,1350.77617393472,              161P   7931
7413.98629658807,-1.64512726052044D-9,1355.85982854002,              161P   7932
7384.32268187598,-1.68164015029554D-9,1360.72677733806,              161P   7933
7351.66532858179,-1.71580529518132D-9,1365.12273483049,              161P   7934
7316.00463543918,-1.74688025512921D-9,1368.59876382285,              161P   7935
7280.30920780122,-1.77175495361419D-9,1371.15197147828,              161P   7936
7244.57893644065,-1.78962673821589D-9,1372.7835173698,               161P   7937
7208.81386514042,-1.80139610645884D-9,1373.49822843324,              161P   7938
7173.01417615511,-1.80631309174799D-9,1373.30399569302,              161P   7939
7137.18016743261,-1.80520400136405D-9,1372.2112875274,               161P   7940
7101.31223423605,-1.79735220056063D-9,1370.23250702275,              161P   7941
7065.41084487895,-1.78321250778894D-9,1366.4314276793,               161P   7942
7017.49842451645,-1.75636907979064D-9,1360.226835725,                161P   7943
6963.52414026937,-1.71217749978102D-9,1350.92569588239,              161P   7944
6903.46182463589,-1.64642666500807D-9,1342.44701248382,              161P   7945
6858.35834438101,-1.58593957427252D-9,1334.78767148729,              161P   7946
6822.24246943906,-1.53191939978922D-9,1328.61082565669,              161P   7947
6795.13923901322,-1.48794770245873D-9,1322.00726848722,              161P   7948
6768.0198968971,-1.44079442641172D-9,1314.98216712044,               161P   7949
6740.88463819077,-1.39100847193032D-9,1307.54030794235,              161P   7950
6713.73364361766,-1.33840812667824D-9,1299.68598900259,              161P   7951
6686.56707546282,-1.28279770044715D-9,1291.42301988744,              161P   7952
6659.38507756786,-1.22401537248789D-9,1282.75466303093,              161P   7953
6632.18777311524,-1.16275627312832D-9,1273.68361926137,              161P   7954
6604.97526408232,-1.09789625889157D-9,1264.21201224824,              161P   7955
6577.74763065422,-1.03130030047172D-9,1254.34137251269,              161P   7956
6550.50493062012,-9.60587858741241D-10,1247.49554569056,             161P   7957
6532.33310965921,-9.12551557509737D-10,1244.00633256698,             161P   7958
6523.24469584609,-8.87670945309673D-10,1118.98993974555,             161P   7959
8023.24469584611,-6.4792892486462D-13,1123.93906121391,              161P   7960
8014.47496869548,-0.138858952431674,1133.70673468485,                161P   7961
7996.93058243567,-0.412913431502384,1147.96624009122,                161P   7962
7970.59919597438,-0.812996556472686,1161.83281980052,                161P   7963
7944.25296765668,-1.20205524992987,1175.30495819726,                 161P   7964
7917.89184023378,-1.58004698780498,1188.38055024379,                 161P   7965
7891.51573419272,-1.94691270844087,1201.05691417773,                 161P   7966
7865.12454823619,-2.30257716884169,1213.33081008017,                 161P   7967
7838.71815998368,-2.6469494656557,1225.19844450469,                  161P   7968
7812.29642614673,-2.97992316504031,1236.65553878581,                 161P   7969
7785.85918510845,-3.30137821922704,1247.69730121205,                 161P   7970
7759.40625587325,-3.61118018575864,1258.31856527098,                 161P   7971
7732.93744328798,-3.9091841062829,1271.91202395703,                  161P   7972
7697.62422972839,-4.29057976309427,1287.82370931911,                 161P   7973
7653.44191307262,-4.73701858560547,1305.13812958202,                 161P   7974
7600.35591274341,-5.22281435259801,1320.61848720069,                 161P   7975
7547.2006349538,-5.65715128612018,1331.94424721398,                  161P   7976
7502.84509560992,-5.97492145623743,1340.03331799573,                 161P   7977
7467.32396657045,-6.20187888738579,1345.60814259555,                 161P   7978
7440.66453644516,-6.35829337607229,1350.68499532508,                 161P   7979
7413.98629658807,-6.5007361219566,1355.76665015433,                  161P   7980
7384.32268187598,-6.6433136017624,1360.63168442269,                  161P   7981
7351.6653285818,-6.77981329496332,1365.02591266103,                  161P   7982
7316.0046354392,-6.90310344531044,1368.500574275,                    161P   7983
7280.30920780123,-7.00059304520289,1371.05277756567,                 161P   7984
7244.57893644065,-7.07220096139566,1372.68368164994,                 161P   7985
7208.81386514042,-7.11795971557176,1373.39811156483,                 161P   7986
7173.01417615512,-7.13800468520959,1373.20395523068,                 161P   7987
7137.18016743262,-7.13255718400355,1372.1116769077,                  161P   7988
7101.31223423605,-7.1019108107712,1370.13367480329,                  161P   7989
7065.41084487897,-7.04641342565274,1366.33409070449,                 161P   7990
7017.49842451644,-6.93980738031599,1360.13193947352,                 161P   7991
6963.52414026936,-6.76579180436751,1350.83445845474,                 161P   7992
6903.4618246359,-6.50492965281796,1342.35911034727,                  161P   7993
6858.35834438102,-6.2671343254613,1334.70278233409,                  161P   7994
6822.24246943906,-6.05231848507873,1328.52836631222,                 161P   7995
6795.13923901322,-5.87908108402591,1321.9274068085,                  161P   7996
6768.01989689712,-5.69387602741341,1314.90506893187,                 161P   7997
6740.88463819078,-5.49684823421754,1307.46613718548,                 161P   7998
6713.73364361767,-5.28813194464705,1299.61490792827,                 161P   7999
6686.56707546282,-5.06784770290311,1291.35518924789,                 161P   8000
6659.38507756787,-4.83610235361887,1282.69024229504,                 161P   8001
6632.18777311524,-4.59298739585535,1273.62276683556,                 161P   8002
6604.97526408231,-4.33857857773454,1264.15488570358,                 161P   8003
6577.74763065424,-4.07293546023662,1254.28812881814,                 161P   8004
6550.50493062012,-3.79610096874794,1247.44499496428,                 161P   8005
6532.33310965921,-3.60410115537286,1243.95715440538,                 161P   8006
6523.2446958461,-3.50624178995798,1118.98993974555,                  161P   8007
8023.24469584609,-6.50048290571619D-13,1123.93321988715,             161P   8008
8014.47496869549,-0.277608658228501,1133.68936481253,                161P   8009
7996.93058243567,-0.825502005281427,1147.93204007421,                161P   8010
7970.59919597437,-1.62535349168453,1161.78225339939,                 161P   8011
7944.25296765667,-2.40316478848036,1175.23849096142,                 161P   8012
7917.89184023379,-3.15885088098907,1188.29865020717,                 161P   8013
7891.51573419271,-3.8922936923603,1200.96005253949,                  161P   8014
7865.12454823619,-4.60334279580247,1213.21946186346,                 161P   8015
7838.71815998369,-5.291816456126,1225.07308920999,                   161P   8016
7812.29642614671,-5.95750188938666,1236.51666096358,                 161P   8017
7785.85918510844,-6.60015909449011,1247.54539106828,                 161P   8018
7759.40625587325,-7.2195192922973,1258.1541191096,                   161P   8019
7732.93744328799,-7.81529268014665,1271.73153376958,                 161P   8020
7697.62422972838,-8.57778393251014,1287.62443895947,                 161P   8021
7653.44191307262,-9.47031034386424,1304.91842343656,                 161P   8022
7600.3559127434,-10.4415196802892,1320.38050996861,                  161P   8023
7547.20063495379,-11.3098518347703,1331.69290246497,                 161P   8024
7502.84509560991,-11.9451421708014,1339.77242591477,                 161P   8025
7467.32396657045,-12.3988784753944,1345.34067068577,                 161P   8026
7440.66453644516,-12.7115843943953,1350.41153133046,                 161P   8027
7413.98629658807,-12.9963578199966,1355.4871884071,                  161P   8028
7384.32268187597,-13.2814006074382,1360.34648059476,                 161P   8029
7351.66532858178,-13.5542926033416,1364.73552243323,                 161P   8030
7316.00463543919,-13.8007759060835,1368.20608298926,                 161P   8031
7280.30920780123,-13.9956784063787,1370.75527397695,                 161P   8032
7244.57893644064,-14.1388379015695,1372.38425314511,                 161P   8033
7208.81386514042,-14.2303194094344,1373.09783983589,                 161P   8034
7173.01417615511,-14.2703935784236,1372.90391265969,                 161P   8035
7137.18016743261,-14.2595028618073,1371.81292352605,                 161P   8036
7101.31223423605,-14.1982342262345,1369.83725600903,                 161P   8037
7065.41084487896,-14.0872831183073,1366.04215646621,                 161P   8038
7017.49842451645,-13.874154899444,1359.8473254823,                   161P   8039
6963.52414026937,-13.5262606534927,1350.56081805247,                 161P   8040
6903.46182463588,-13.004741582478,1342.09547319061,                  161P   8041
6858.35834438102,-12.5293380121331,1334.4481817537,                  161P   8042
6822.24246943906,-12.0998753367311,1328.28105324371,                 161P   8043
6795.13923901322,-11.7535368283455,1321.68788469069,                 161P   8044
6768.0198968971,-11.3832724243377,1314.67383510731,                  161P   8045
6740.88463819077,-10.9893718486462,1307.24368334972,                 161P   8046
6713.73364361766,-10.5721034760752,1299.40172070594,                 161P   8047
6686.56707546282,-10.1317083001903,1291.15175076906,                 161P   8048
6659.38507756787,-9.66839992619772,1282.49703084069,                 161P   8049
6632.18777311525,-9.18236128023322,1273.44025750023,                 161P   8050
6604.97526408232,-8.67374379894642,1263.98355107626,                 161P   8051
6577.74763065422,-8.14266655743809,1254.12843968211,                 161P   8052
6550.50493062011,-7.58921537270922,1247.29338261139,                 161P   8053
6532.33310965922,-7.2053668009207,1243.80965866521,                  161P   8054
6523.2446958461,-7.00972506049071,1118.98993974555,                  161P   8055
8023.2446958461,-6.52102157451423D-13,1123.92348944602,              161P   8056
8014.47496869548,-0.416139955613679,1133.66043020105,                161P   8057
7996.93058243567,-1.23744111596066,1147.87506992574,                 161P   8058
7970.59919597437,-2.43643168122027,1161.69802024302,                 161P   8059
7944.25296765667,-3.60238363888471,1175.12777030611,                 161P   8060
7917.89184023377,-4.73516955054377,1188.16222170057,                 161P   8061
7891.51573419271,-5.83461241705309,1200.79870110184,                 161P   8062
7865.12454823618,-6.90048674617234,1213.033978785,                   161P   8063
7838.71815998369,-7.93252011385491,1224.86427323922,                 161P   8064
7812.29642614672,-8.93039355346179,1236.28531926128,                 161P   8065
7785.85918510846,-9.89374729939439,1247.29234021619,                 161P   8066
7759.40625587325,-10.8221784472924,1257.88018584728,                 161P   8067
7732.93744328798,-11.7152525781883,1271.43087448115,                 161P   8068
7697.62422972839,-12.8582395366664,1287.2924957919,                  161P   8069
7653.44191307262,-14.1961513423596,1304.55243848032,                 161P   8070
7600.35591274341,-15.6520101499792,1319.98408916439,                 161P   8071
7547.2006349538,-16.9536543657292,1331.27421414483,                  161P   8072
7502.84509560992,-17.9059650534655,1339.33783371601,                 161P   8073
7467.32396657045,-18.5861232547956,1344.8951178543,                  161P   8074
7440.66453644516,-19.0548745829573,1349.95599692611,                 161P   8075
7413.98629658806,-19.4817546429899,1355.02166298847,                 161P   8076
7384.32268187598,-19.9090384808625,1359.8713900584,                  161P   8077
7351.66532858181,-20.3181080818892,1364.25179242833,                 161P   8078
7316.00463543919,-20.687590616467,1367.71552147082,                  161P   8079
7280.30920780122,-20.979752677765,1370.25969458533,                  161P   8080
7244.57893644065,-21.194351121325,1371.88546724173,                  161P   8081
7208.81386514042,-21.3314834098692,1372.59764929569,                 161P   8082
7173.01417615512,-21.3915552498863,1372.40410384922,                 161P   8083
7137.18016743261,-21.3752298861236,1371.31526223812,                 161P   8084
7101.31223423605,-21.2833871912643,1369.34348366041,                 161P   8085
7065.41084487896,-21.117069651232,1365.55585445948,                  161P   8086
7017.49842451644,-20.7975869373131,1359.37321749179,                 161P   8087
6963.52414026935,-20.2760877269033,1350.10498978946,                 161P   8088
6903.4618246359,-19.4943220411726,1341.656308264,                    161P   8089
6858.35834438102,-18.7816842512521,1334.02406989247,                 161P   8090
6822.24246943906,-18.1379126202778,1327.86908086866,                 161P   8091
6795.13923901322,-17.6187454861283,1321.28889042666,                 161P   8092
6768.01989689712,-17.0637130399756,1314.28864742407,                 161P   8093
6740.88463819078,-16.4732495827793,1306.87312131023,                 161P   8094
6713.73364361767,-15.847757412796,1299.04659492613,                  161P   8095
6686.56707546281,-15.1875977833536,1290.81286437778,                 161P   8096
6659.38507756787,-14.4930908921787,1282.17518055507,                 161P   8097
6632.18777311524,-13.7645109485635,1273.13623472942,                 161P   8098
6604.97526408231,-13.0020849585441,1263.69814305569,                 161P   8099
6577.74763065423,-12.2059914176572,1253.86243063925,                 161P   8100
6550.50493062012,-11.3763589670065,1247.04082781726,                 161P   8101
6532.33310965921,-10.8009636293854,1243.56396129567,                 161P   8102
6523.24469584609,-10.5076934349391,1118.98993974555,                 161P   8103
8023.24469584611,-6.54088909767727D-13,1123.90987755289,             161P   8104
8014.47496869548,-0.554343857122053,1133.61995363542,                161P   8105
7996.93058243567,-1.64840667646861,1147.79537450786,                 161P   8106
7970.59919597438,-3.24559302118488,1161.58018666218,                 161P   8107
7944.25296765668,-4.79876833325966,1174.97288342011,                 161P   8108
7917.8918402338,-6.30776285082282,1187.97137215681,                  161P   8109
7891.51573419272,-7.77234079168456,1200.57298692358,                 161P   8110
7865.1245482362,-9.19220177556305,1212.77450690644,                  161P   8111
7838.7181599837,-10.5669829038812,1224.57216102792,                  161P   8112
7812.29642614671,-11.896259278252,1235.96169585271,                  161P   8113
7785.85918510844,-13.1795516516146,1246.93834792476,                 161P   8114
7759.40625587325,-14.4163233113724,1257.49698119723,                 161P   8115
7732.93744328798,-15.6059955640264,1271.01028285078,                 161P   8116
7697.62422972838,-17.1285789897532,1286.82814121048,                 161P   8117
7653.44191307262,-18.9108235948399,1304.04046291409,                 161P   8118
7600.35591274341,-20.8501864845367,1319.42953695606,                 161P   8119
7547.2006349538,-22.5841186999424,1330.68851195646,                  161P   8120
7502.84509560991,-23.8527005140515,1338.72988362613,                 161P   8121
7467.32396657045,-24.7587455012984,1344.27183495897,                 161P   8122
7440.66453644516,-25.3831734510241,1349.31875083,                    161P   8123
7413.98629658808,-25.9518242998887,1354.37044048404,                 161P   8124
7384.32268187598,-26.5210130249211,1359.20678693137,                 161P   8125
7351.66532858179,-27.0659383977543,1363.57510356738,                 161P   8126
7316.00463543919,-27.5581294757636,1367.02927602033,                 161P   8127
7280.30920780123,-27.9473212411273,1369.56642964285,                 161P   8128
7244.57893644065,-28.2331897988812,1371.18771671687,                 161P   8129
7208.81386514042,-28.4158649800112,1371.89793382741,                 161P   8130
7173.01417615511,-28.4958872298581,1371.70492238182,                 161P   8131
7137.18016743262,-28.474140062841,1370.61908493539,                  161P   8132
7101.31223423604,-28.3517955654438,1368.6527465865,                  161P   8133
7065.41084487897,-28.1302424427397,1364.87556763073,                 161P   8134
7017.49842451645,-27.7046565850789,1358.70998884605,                 161P   8135
6963.52414026937,-27.0099626969205,1349.46733261509,                 161P   8136
6903.46182463589,-25.968565446439,1341.04196139499,                  161P   8137
6858.35834438102,-25.0192541009063,1333.43078072417,                 161P   8138
6822.24246943906,-24.1616799982413,1327.29277360141,                 161P   8139
6795.13923901322,-23.4700926902896,1320.73073821095,                 161P   8140
6768.01989689711,-22.7307288707952,1313.74980920444,                 161P   8141
6740.88463819078,-21.9441670760559,1306.35474287212,                 161P   8142
6713.73364361767,-21.1109432112739,1298.54981023838,                 161P   8143
6686.56707546283,-20.2315385053261,1290.33879693565,                 161P   8144
6659.38507756787,-19.3063794965445,1281.72494488443,                 161P   8145
6632.18777311525,-18.3358314616465,1272.71093793079,                 161P   8146
6604.97526408232,-17.3201967974566,1263.29888639104,                 161P   8147
6577.74763065424,-16.2597132795213,1253.49031116272,                 161P   8148
6550.50493062011,-15.1545522718309,1246.68752946024,                 161P   8149
6532.33310965921,-14.3880628575829,1243.22025577512,                 161P   8150
6523.24469584611,-13.9973949378707,1118.98993974555,                 161P   8151
8023.24469584609,-6.56006984185991D-13,1123.89239490355,             161P   8152
8014.47496869548,-0.692111628071415,1133.56796692082,                161P   8153
7996.93058243568,-2.05807535147602,1147.69301644264,                 161P   8154
7970.59919597437,-4.0522008877803,1161.42884524666,                  161P   8155
7944.25296765667,-5.99137759212921,1174.77395200847,                 161P   8156
7917.89184023377,-7.87539351273632,1187.72625153927,                 161P   8157
7891.5157341927,-9.70395426987692,1200.28308736356,                  161P   8158
7865.12454823617,-11.4766848315473,1212.44125011232,                 161P   8159
7838.71815998368,-13.1931321101541,1224.19698210835,                 161P   8160
7812.29642614671,-14.8527656098483,1235.54604503059,                 161P   8161
7785.85918510845,-16.4549869791583,1246.48369234963,                 161P   8162
7759.40625587324,-17.9991261195064,1257.00480626915,                 161P   8163
7732.93744328798,-19.4844605181538,1270.47008936569,                 161P   8164
7697.62422972839,-21.3854425171842,1286.23174008987,                 161P   8165
7653.44191307262,-23.6106177390429,1303.38289903159,                 161P   8166
7600.35591274341,-26.0319589152366,1318.71728909267,                 161P   8167
7547.20063495379,-28.1968149574937,1329.93625612558,                 161P   8168
7502.84509560992,-29.7806698400395,1337.94905335253,                 161P   8169
7467.32396657044,-30.9118887814546,1343.47131175517,                 161P   8170
7440.66453644516,-31.6915020834678,1348.50029376933,                 161P   8171
7413.98629658806,-32.4014763345718,1353.53403260322,                 161P   8172
7384.32268187597,-33.1121221369998,1358.35319343717,                 161P   8173
7351.66532858178,-33.7924745610887,1362.70598757048,                 161P   8174
7316.00463543918,-34.4069869507345,1366.14788586709,                 161P   8175
7280.30920780121,-34.892902223177,1368.67602389455,                  161P   8176
7244.57893644065,-35.2498159877672,1370.29154984016,                 161P   8177
7208.81386514041,-35.477890341612,1370.99924324468,                  161P   8178
7173.01417615512,-35.5778000437083,1370.80691765155,                 161P   8179
7137.18016743261,-35.5506481830412,1369.72493865131,                 161P   8180
7101.31223423604,-35.3978981377546,1367.765587546,                   161P   8181
7065.41084487896,-35.1212837395066,1364.0018305272,                  161P   8182
7017.49842451645,-34.5899295681783,1357.85816068854,                 161P   8183
6963.52414026935,-33.7225875533423,1348.64834757962,                 161P   8184
6903.46182463589,-32.4223780583778,1340.25291531735,                 161P   8185
6858.35834438102,-31.2371400288282,1332.66878043613,                 161P   8186
6822.24246943905,-30.1664381517059,1326.55258428544,                 161P   8187
6795.13923901322,-29.3029747769173,1320.01386662136,                 161P   8188
6768.0198968971,-28.3798612792634,1313.05774384996,                  161P   8189
6740.88463819077,-27.3978199752135,1305.68895536027,                 161P   8190
6713.73364361766,-26.3575199552939,1297.91175699996,                 161P   8191
6686.56707546281,-25.259562045321,1289.72992094943,                  161P   8192
6659.38507756787,-24.1044787886548,1281.14667760929,                 161P   8193
6632.18777311524,-22.8927262420538,1272.16470128873,                 161P   8194
6604.97526408231,-21.6246819552241,1262.78609480521,                 161P   8195
6577.74763065422,-20.3006427966435,1253.01237365186,                 161P   8196
6550.50493062011,-18.9208227183846,1246.23376515069,                 161P   8197
6532.33310965921,-17.9638422637663,1242.77881217619,                 161P   8198
6523.24469584608,-17.4760839771493,1118.98993974555,                 161P   8199
8023.24469584611,-6.57854872167055D-13,1123.87105527784,             161P   8200
8014.47496869548,-0.829334886042095,1133.50451103324,                161P   8201
7996.93058243567,-2.46612485303527,1147.56807640882,                 161P   8202
7970.59919597438,-4.85562071947871,1161.24411528395,                 161P   8203
7944.25296765668,-7.17927318516454,1174.5311328692,                  161P   8204
7917.8918402338,-9.43682827516978,1187.42705305228,                  161P   8205
7891.51573419272,-11.6279332438208,1199.92923092095,                 161P   8206
7865.1245482362,-13.7521387024535,1212.03447107605,                  161P   8207
7838.7181599837,-15.8089017309154,1223.73903219696,                  161P   8208
7812.29642614672,-17.7975866532641,1235.03869441139,                 161P   8209
7785.85918510844,-19.7174764843591,1245.92873185082,                 161P   8210
7759.40625587326,-21.567768266843,1256.40404899593,                  161P   8211
7732.93744328799,-23.3475962371609,1269.81071980698,                 161P   8212
7697.62422972838,-25.6254812279278,1285.50376251415,                 161P   8213
7653.44191307262,-28.291836428703,1302.58026512546,                  161P   8214
7600.35591274341,-31.1932509216274,1317.84790696879,                 161P   8215
7547.2006349538,-33.7873276084887,1329.0180395811,                   161P   8216
7502.84509560992,-35.6852094749872,1336.99595834651,                 161P   8217
7467.32396657046,-37.0407123936033,1342.49417921621,                 161P   8218
7440.66453644516,-37.9748976937063,1347.50127085293,                 161P   8219
7413.98629658808,-38.825636780793,1352.51309860366,                  161P   8220
7384.32268187599,-39.6771805660178,1357.31128237916,                 161P   8221
7351.66532858181,-40.4924247798266,1361.64512947582,                 161P   8222
7316.00463543919,-41.2287750186661,1365.07204572386,                 161P   8223
7280.30920780123,-41.8110315084399,1367.58917915922,                 161P   8224
7244.57893644065,-42.2387096809704,1369.19767297137,                 161P   8225
7208.81386514043,-42.5120037719542,1369.90228589644,                 161P   8226
7173.01417615511,-42.6317223231837,1369.71079746674,                 161P   8227
7137.18016743262,-42.599187130364,1368.633528153,                    161P   8228
7101.31223423605,-42.4161517119986,1366.68270579866,                 161P   8229
7065.41084487896,-42.0846936622541,1362.93533182946,                 161P   8230
7017.49842451645,-41.4479892156744,1356.81840443119,                 161P   8231
6963.52414026936,-40.4086814481825,1347.64868020798,                 161P   8232
6903.46182463589,-38.8506826375982,1339.28979195811,                 161P   8233
6858.35834438102,-37.4304504000637,1331.73866963782,                 161P   8234
6822.24246943906,-36.1474631141626,1325.64909633881,                 161P   8235
6795.13923901323,-35.1128029950726,1319.13884069694,                 161P   8236
6768.01989689712,-34.0066660710229,1312.21299684731,                 161P   8237
6740.88463819079,-32.829917870384,1304.87628354918,                  161P   8238
6713.73364361768,-31.5833601425999,1297.13293812513,                 161P   8239
6686.56707546283,-30.2677128377362,1288.98671633588,                 161P   8240
6659.38507756787,-28.8836140852029,1280.44083452057,                 161P   8241
6632.18777311524,-27.4316103630053,1271.49795534758,                 161P   8242
6604.97526408232,-25.9121540766896,1262.16017248111,                 161P   8243
6577.74763065424,-24.3256009541204,1252.42899481759,                 161P   8244
6550.50493062011,-22.6722073670994,1245.67989254614,                 161P   8245
6532.33310965922,-21.52548876844,1242.23997844523,                   161P   8246
6523.2446958461,-20.9410238546275,1118.98993974555,                  161P   8247
8023.24469584608,-6.59631118936935D-13,1123.84587541629,             161P   8248
8014.47496869548,-0.965905659611644,1133.42963575249,                161P   8249
7996.93058243568,-2.87223411550617,1147.42065241929,                 161P   8250
7970.59919597438,-5.65522036131365,1161.02614169084,                 161P   8251
7944.25296765667,-8.36152044028453,1174.24461648885,                 161P   8252
7917.89184023377,-10.9908385541494,1187.07401141087,                 161P   8253
7891.51573419271,-13.5427638688241,1199.51169518879,                 161P   8254
7865.12454823618,-16.0167729925362,1211.55448890733,                 161P   8255
7838.71815998369,-18.4122335997246,1223.19867054597,                 161P   8256
7812.29642614671,-20.728405334471,1234.44004200114,                  161P   8257
7785.85918510845,-22.9644531420639,1245.27390178335,                 161P   8258
7759.40625587324,-25.1194418380915,1255.69518065915,                 161P   8259
7732.93744328798,-27.1923630893345,1269.03269143641,                 161P   8260
7697.62422972839,-29.8453589316251,1284.64477956663,                 161P   8261
7653.44191307261,-32.9507963397477,1301.63319084531,                 161P   8262
7600.35591274341,-36.3300014434698,1316.82207259671,                 161P   8263
7547.20063495379,-39.3512578689354,1327.93458264484,                 161P   8264
7502.84509560991,-41.5616735490031,1335.87134629136,                 161P   8265
7467.32396657044,-43.14039399445,1341.34120388232,                   161P   8266
7440.66453644516,-44.2284163165383,1346.32246579354,                 161P   8267
7413.98629658806,-45.2192509153268,1351.30843938693,                 161P   8268
7384.32268187598,-46.2110227259712,1356.08187111499,                 161P   8269
7351.66532858178,-47.1605173310336,1360.3933615046,                  161P   8270
7316.00463543919,-48.0181260909265,1363.8025995649,                  161P   8271
7280.30920780121,-48.6962657041113,1366.30674804405,                 161P   8272
7244.57893644064,-49.1943718061141,1367.90694423422,                 161P   8273
7208.81386514041,-49.5126706184079,1368.60792232299,                 161P   8274
7173.01417615513,-49.652103829454,1368.41742171096,                  161P   8275
7137.18016743261,-49.6142109017478,1367.34570962937,                 161P   8276
7101.31223423604,-49.4010341145598,1365.40495084278,                 161P   8277
7065.41084487896,-49.0149931900045,1361.67690818364,                 161P   8278
7017.49842451645,-48.2734393993653,1355.59153574123,                 161P   8279
6963.52414026936,-47.0629835610793,1346.46911471849,                 161P   8280
6903.4618246359,-45.2484212001487,1338.15334686757,                  161P   8281
6858.35834438101,-43.5943121311926,1330.64117798189,                 161P   8282
6822.24246943905,-42.1000488347557,1324.58301852911,                 161P   8283
6795.13923901322,-40.895005996659,1318.10634687736,                  161P   8284
6768.0198968971,-39.6067159063331,1311.21623088303,                  161P   8285
6740.88463819076,-38.2361866230842,1303.91736496301,                 161P   8286
6713.73364361765,-36.784351924497,1296.21396458117,                  161P   8287
6686.56707546281,-35.2520503184573,1288.10976612359,                 161P   8288
6659.38507756787,-33.6400250183767,1279.60796933757,                 161P   8289
6632.18777311524,-31.9489124935579,1270.71122315571,                 161P   8290
6604.9752640823,-30.179239649461,1261.42161044184,                   161P   8291
6577.74763065422,-28.3314207934537,1251.74063230848,                 161P   8292
6550.50493062011,-26.4057545153902,1245.02634614822,                 161P   8293
6532.33310965921,-25.0701999606739,1241.60417728611,                 161P   8294
6523.2446958461,-24.3894882510905,1118.98993974555,                  161P   8295
8023.2446958461,-6.61523574393532D-13,1123.8136529769,               161P   8296
8014.47496869548,-1.11680661969167,1133.33381853815,                 161P   8297
7996.93058243567,-3.3209558737928,1147.23199528349,                  161P   8298
7970.59919597437,-6.53872091229496,1160.74720287037,                 161P   8299
7944.25296765668,-9.66781930122738,1173.87796408821,                 161P   8300
7917.89184023379,-12.7079090303133,1186.62222723996,                 161P   8301
7891.51573419271,-15.6585150820206,1198.97737851775,                 161P   8302
7865.12454823619,-18.5190322963645,1210.94026010057,                 161P   8303
7838.7181599837,-21.2887295612258,1222.50717466603,                  161P   8304
7812.29642614672,-23.9667508567474,1233.67395196786,                 161P   8305
7785.85918510844,-26.5521306698059,1244.43592171411,                 161P   8306
7759.40625587325,-29.0437877144813,1254.78804830919,                 161P   8307
7732.93744328798,-31.4405561282985,1268.03705562152,                 161P   8308
7697.62422972838,-34.5080226965168,1283.54554691742,                 161P   8309
7653.44191307263,-38.0986146142685,1300.42122852062,                 161P   8310
7600.35591274341,-42.005744251498,1315.50932170016,                  161P   8311
7547.20063495379,-45.4990038078859,1326.54809267813,                 161P   8312
7502.84509560991,-48.0547470519778,1334.43219049404,                 161P   8313
7467.32396657046,-49.8801069374869,1339.86575185571,                 161P   8314
7440.66453644515,-51.1381081922688,1344.81395970263,                 161P   8315
7413.98629658808,-52.2837383353465,1349.7668479665,                  161P   8316
7384.32268187597,-53.4304521085071,1354.50860472502,                 161P   8317
7351.66532858181,-54.5282838168397,1358.79148544041,                 161P   8318
7316.00463543919,-55.519874590421,1362.17810088497,                  161P   8319
7280.30920780123,-56.3039582135111,1364.66563263401,                 161P   8320
7244.57893644065,-56.8798821523862,1366.25521043294,                 161P   8321
7208.81386514042,-57.24790797054,1366.95153705483,                   161P   8322
7173.0141761551,-57.4091244740012,1366.76230054406,                  161P   8323
7137.18016743261,-57.3653116315271,1365.69770000182,                 161P   8324
7101.31223423605,-57.1188307824499,1363.76981947115,                 161P   8325
7065.41084487896,-56.6724796758318,1360.06651491332,                 161P   8326
7017.49842451645,-55.8150748412494,1354.02152306032,                 161P   8327
6963.52414026936,-54.4155125965248,1344.95963551212,                 161P   8328
6903.46182463589,-52.3174658188469,1336.69904844272,                 161P   8329
6858.35834438102,-50.4049395388031,1329.2367279123,                  161P   8330
6822.24246943906,-48.6772313257424,1323.21876847222,                 161P   8331
6795.13923901322,-47.2839277403235,1316.78507394656,                 161P   8332
6768.01989689712,-45.7943713983038,1309.94067856302,                 161P   8333
6740.88463819078,-44.2097278454783,1302.69024558786,                 161P   8334
6713.73364361768,-42.531076741128,1295.03796251244,                  161P   8335
6686.56707546283,-40.7593875910518,1286.98754092942,                 161P   8336
6659.38507756787,-38.8955197190063,1278.54215935356,                 161P   8337
6632.18777311524,-36.9402090282251,1269.70444914004,                 161P   8338
6604.97526408232,-34.8940647413122,1260.47647933138,                 161P   8339
6577.74763065423,-32.7575658917062,1250.85974107931,                 161P   8340
6550.50493062011,-30.5310577173912,1244.19000877915,                 161P   8341
6532.33310965922,-28.9868529049548,1240.79054833746,                 161P   8342
6523.2446958461,-28.1997953535536,1118.98993974555,                  161P   8343
8023.2446958461,-6.63499214400719D-13,1123.77279305555,              161P   8344
8014.47496869549,-1.28156168093671,1133.21231675441,                 161P   8345
7996.93058243568,-3.81087443230108,1146.99276709628,                 161P   8346
7970.59919597438,-7.50333497053282,1160.39349227203,                 161P   8347
7944.25296765668,-11.0940484577359,1173.41302758431,                 161P   8348
7917.89184023378,-14.5826224286415,1186.04933871507,                 161P   8349
7891.51573419273,-17.9685117897907,1198.29983399716,                 161P   8350
7865.12454823619,-21.2510221058216,1210.16138235825,                 161P   8351
7838.71815998368,-24.4293144085972,1221.63031779471,                 161P   8352
7812.29642614671,-27.5024063952536,1232.7025053848,                  161P   8353
7785.85918510845,-30.4691901170267,1243.37331439703,                 161P   8354
7759.40625587324,-33.32842477295,1253.63775189042,                   161P   8355
7732.93744328798,-36.0787725087285,1266.77453167748,                 161P   8356
7697.62422972839,-39.5987620420072,1282.15165618051,                 161P   8357
7653.44191307261,-43.7190501324598,1298.88439001869,                 161P   8358
7600.35591274341,-48.2025726493187,1313.84467744504,                 161P   8359
7547.2006349538,-52.2111695816979,1324.78994300631,                  161P   8360
7502.84509560992,-55.1439446483721,1332.60725749531,                 161P   8361
7467.32396657044,-57.2385877515597,1337.99479313361,                 161P   8362
7440.66453644517,-58.68217357437,1342.90108651042,                   161P   8363
7413.98629658806,-59.9968109217947,1347.81202065803,                 161P   8364
7384.32268187598,-61.3126917601143,1352.51361171855,                 161P   8365
7351.66532858178,-62.5724792872852,1356.76021370811,                 161P   8366
7316.00463543919,-63.7103528603547,1360.11814236418,                 161P   8367
7280.30920780122,-64.6101071315808,1362.58460313592,                 161P   8368
7244.57893644065,-65.2709933031814,1364.1607161991,                  161P   8369
7208.81386514041,-65.6933115254264,1364.85114449126,                 161P   8370
7173.01417615513,-65.8783112286583,1364.6635109342,                  161P   8371
7137.18016743262,-65.8280349685817,1363.60792823619,                 161P   8372
7101.31223423605,-65.5451924372688,1361.69637808077,                 161P   8373
7065.41084487896,-65.0329941170657,1358.02444286979,                 161P   8374
7017.49842451645,-64.0491020431488,1352.03065594559,                 161P   8375
6963.52414026936,-62.4430716779805,1343.04552835307,                 161P   8376
6903.46182463591,-60.035513996897,1334.85491371423,                  161P   8377
6858.35834438102,-57.8408454200097,1327.45580378867,                 161P   8378
6822.24246943906,-55.8582598917564,1321.48882029565,                 161P   8379
6795.13923901323,-54.2594114843256,1315.10962325784,                 161P   8380
6768.01989689711,-52.5501107905711,1308.32320425985,                 161P   8381
6740.88463819077,-50.7316953014535,1301.13418706709,                 161P   8382
6713.73364361766,-48.805403951266,1293.54672370021,                  161P   8383
6686.56707546281,-46.7723492705121,1285.5644943123,                  161P   8384
6659.38507756787,-44.6335173533263,1277.19065049413,                 161P   8385
6632.18777311525,-42.3897526657795,1268.42780131151,                 161P   8386
6604.97526408231,-40.0417543051737,1259.27799828107,                 161P   8387
6577.74763065423,-37.5900719733193,1249.74271992317,                 161P   8388
6550.50493062011,-35.0351018393537,1243.12948450129,                 161P   8389
6532.3331096592,-33.2630907490033,1239.75881965326,                  161P   8390
6523.2446958461,-32.3599238258214,1118.98993974555,                  161P   8391
8023.24469584609,-6.6551920837294D-13,1123.72152929058,              161P   8392
8014.47496869548,-1.45950208550679,1133.05987791966,                 161P   8393
7996.93058243567,-4.3400011558387,1146.69262610174,                  161P   8394
7970.59919597438,-8.54514706010001,1159.94971910333,                 161P   8395
7944.25296765667,-12.634418685859,1172.82970792519,                  161P   8396
7917.89184023378,-16.6073690778401,1185.33058005405,                 161P   8397
7891.5157341927,-20.4633774569747,1197.44977160058,                  161P   8398
7865.12454823618,-24.2016529686792,1209.18418505224,                 161P   8399
7838.71815998369,-27.8212401565104,1220.53019369829,                 161P   8400
7812.29642614671,-31.3210203286768,1231.48370693632,                 161P   8401
7785.85918510844,-34.6997317010764,1242.04014366786,                 161P   8402
7759.40625587327,-37.955961192417,1252.19456446771,                  161P   8403
7732.93744328798,-41.0881851913316,1265.19054111012,                 161P   8404
7697.62422972838,-45.0969130876189,1280.40284991861,                 161P   8405
7653.44191307262,-49.7892889177264,1296.95623831747,                 161P   8406
7600.35591274341,-54.8953330171259,1311.75617780859,                 161P   8407
7547.20063495379,-59.4605097586289,1322.58412939844,                 161P   8408
7502.8450956099,-62.8004904918522,1330.31765604283,                  161P   8409
7467.32396657045,-65.1859675398959,1335.64744678695,                 161P   8410
7440.66453644516,-66.8299902573104,1340.50115333899,                 161P   8411
7413.98629658808,-68.3271604502299,1345.35945092106,                 161P   8412
7384.32268187598,-69.8257467881279,1350.01064920521,                 161P   8413
7351.6653285818,-71.2604514529265,1354.21173509994,                  161P   8414
7316.00463543919,-72.5563148331949,1357.53367267439,                 161P   8415
7280.30920780122,-73.5809968705037,1359.97369733024,                 161P   8416
7244.57893644065,-74.3336447995522,1361.53291723701,                 161P   8417
7208.81386514043,-74.8146004451786,1362.21594535378,                 161P   8418
7173.01417615511,-75.0252867168363,1362.030322898,                   161P   8419
7137.18016743261,-74.9680297721152,1360.98605418759,                 161P   8420
7101.31223423604,-74.6459155342734,1359.09499248345,                 161P   8421
7065.41084487897,-74.0626002502698,1355.46241395144,                 161P   8422
7017.49842451645,-72.9420981673583,1349.5328698676,                  161P   8423
6963.52414026936,-71.1130760450695,1340.64404701949,                 161P   8424
6903.46182463588,-68.3712373132522,1332.54122134539,                 161P   8425
6858.35834438101,-65.8718466009152,1325.22141684793,                 161P   8426
6822.24246943906,-63.6139859343843,1319.31838890969,                 161P   8427
6795.13923901322,-61.7931429597974,1313.00756562997,                 161P   8428
6768.01989689711,-59.8465117810687,1306.2938850923,                  161P   8429
6740.88463819079,-57.7756155954658,1299.18192150354,                 161P   8430
6713.73364361767,-55.5818653587603,1291.67578238192,                 161P   8431
6686.56707546283,-53.2665280726981,1283.77910843587,                 161P   8432
6659.38507756787,-50.8307267469026,1275.49501747649,                 161P   8433
6632.18777311524,-48.2754230990299,1266.82609060528,                 161P   8434
6604.97526408232,-45.6014132929475,1257.77435734973,                 161P   8435
6577.74763065423,-42.809323355905,1248.34128038399,                  161P   8436
6550.50493062012,-39.8996044613208,1241.79892719884,                 161P   8437
6532.33310965923,-37.8815557663799,1238.46438994241,                 161P   8438
6523.2446958461,-36.8529872409912,1118.98993974555,                  161P   8439
8023.24469584611,-6.67401129016263D-13,1123.66364799602,             161P   8440
8014.47496869548,-1.63540124725401,1132.88776107892,                 161P   8441
7996.93058243567,-4.863058012076,1146.35374054407,                   161P   8442
7970.59919597437,-9.57500801796409,1159.4486601988,                  161P   8443
7944.25296765668,-14.1571185815971,1172.17108877048,                 161P   8444
7917.89184023378,-18.6088888775695,1184.51903836423,                 161P   8445
7891.51573419272,-22.9296233121398,1196.48997645501,                 161P   8446
7865.12454823619,-27.118435716028,1208.08084342173,                  161P   8447
7838.71815998369,-31.1742554818113,1219.28805691925,                 161P   8448
7812.29642614672,-35.095829092448,1230.10757638505,                  161P   8449
7785.85918510845,-38.8817426942563,1240.53487676128,                 161P   8450
7759.40625587323,-42.5304129006626,1250.56507904619,                 161P   8451
7732.93744328799,-46.0401324754905,1263.40207656522,                 161P   8452
7697.62422972838,-50.5319921801023,1278.4282939712,                  161P   8453
7653.44191307263,-55.7898930545306,1294.77918560894,                 161P   8454
7600.35591274341,-61.5113174899979,1309.39807819058,                 161P   8455
7547.2006349538,-66.6266892439111,1320.09357199746,                  161P   8456
7502.84509560993,-70.3692043907,1327.73249480255,                    161P   8457
7467.32396657044,-73.0421790861436,1332.99708648661,                 161P   8458
7440.66453644516,-74.8843393898731,1337.79141789254,                 161P   8459
7413.98629658806,-76.561948505234,1342.59028416652,                  161P   8460
7384.32268187598,-78.2411444397477,1347.18458457785,                 161P   8461
7351.66532858179,-79.8487596829726,1351.33427880186,                 161P   8462
7316.00463543918,-81.3008004925968,1354.6155792823,                  161P   8463
7280.30920780123,-82.4489771893886,1357.02575524026,                 161P   8464
7244.57893644064,-83.2923342322043,1358.56590128895,                 161P   8465
7208.81386514041,-83.8312546429325,1359.24057395738,                 161P   8466
7173.01417615512,-84.0673328200041,1359.05722221172,                 161P   8467
7137.18016743262,-84.0031752693564,1358.02572798747,                 161P   8468
7101.31223423605,-83.6422398298856,1356.15779954533,                 161P   8469
7065.41084487895,-82.9886233990446,1352.56965816231,                 161P   8470
7017.49842451645,-81.7330784269079,1346.71264989069,                 161P   8471
6963.52414026936,-79.6836225937134,1337.93256356185,                 161P   8472
6903.46182463591,-76.6113375110542,1329.92885934345,                 161P   8473
6858.35834438102,-73.8107202784352,1322.69859764332,                 161P   8474
6822.24246943906,-71.2807422881242,1316.86778114663,                 161P   8475
6795.13923901322,-69.2404513533647,1310.63415784814,                 161P   8476
6768.01989689711,-67.0592122227541,1304.00260542416,                 161P   8477
6740.88463819076,-64.7387316688626,1296.97764212542,                 161P   8478
6713.73364361766,-62.2805906961548,1289.56332522319,                 161P   8479
6686.56707546281,-59.6862090051065,1281.76325088916,                 161P   8480
6659.38507756786,-56.9568449507804,1273.5804987946,                  161P   8481
6632.18777311525,-54.0935761565249,1265.01761846621,                 161P   8482
6604.97526408231,-51.0972947407185,1256.07661460494,                 161P   8483
6577.74763065423,-47.968702177823,1246.75893199103,                  161P   8484
6550.50493062011,-44.7083040197523,1240.29661108154,                 161P   8485
6532.3331096592,-42.4470401328615,1237.00286504985,                  161P   8486
6523.2446958461,-41.2945085500582,1118.98993974555,                  161P   8487
8023.24469584609,-6.69142343534807D-13,1123.59923008257,             161P   8488
8014.47496869548,-1.80901315187713,1132.69620683598,                 161P   8489
7996.93058243567,-5.37931343235176,1145.9765841518,                  161P   8490
7970.59919597437,-10.5914774459982,1158.89101599038,                 161P   8491
7944.25296765667,-15.6600184428197,1171.43809080556,                 161P   8492
7917.89184023378,-20.5843824326057,1183.61584810213,                 161P   8493
7891.5157341927,-25.3637999772551,1195.42179026067,                  161P   8494
7865.12454823618,-29.997290833629,1206.85289983118,                  161P   8495
7838.71815998369,-34.483670739701,1217.90564384396,                  161P   8496
7812.2964261467,-38.8215531071862,1228.5760374279,                   161P   8497
7785.85918510844,-43.0093739892558,1238.85961789402,                 161P   8498
7759.40625587326,-47.0453819097524,1248.75157348824,                 161P   8499
7732.93744328798,-50.9276883941502,1261.4116381423,                  161P   8500
7697.62422972839,-55.8963976278525,1276.23074857562,                 161P   8501
7653.44191307261,-61.7124698878591,1292.35627520125,                 161P   8502
7600.35591274341,-68.0412727203613,1306.77367498498,                 161P   8503
7547.2006349538,-73.699685168381,1317.32175236077,                   161P   8504
7502.8450956099,-77.83950047626,1324.85538757851,                    161P   8505
7467.32396657045,-80.7962344182384,1330.04741717886,                 161P   8506
7440.66453644515,-82.8339558770818,1334.77566811772,                 161P   8507
7413.98629658808,-84.6896576244051,1339.50839142046,                 161P   8508
7384.32268187598,-86.5471146450983,1344.03936840022,                 161P   8509
7351.66532858179,-88.3253920687914,1348.13186721798,                 161P   8510
7316.0046354392,-89.9315794952177,1351.36794139895,                  161P   8511
7280.30920780122,-91.2016450203596,1353.7448978025,                  161P   8512
7244.57893644065,-92.1345316645683,1355.26381595485,                 161P   8513
7208.81386514042,-92.730663110573,1355.92918958214,                  161P   8514
7173.01417615511,-92.9918030159371,1355.74836498111,                 161P   8515
7137.18016743261,-92.9208345896959,1354.73108788422,                 161P   8516
7101.31223423603,-92.5215827499197,1352.88890517661,                 161P   8517
7065.41084487897,-91.7985793151704,1349.35021929392,                 161P   8518
7017.49842451645,-90.4097474488892,1343.57393840823,                 161P   8519
6963.52414026936,-88.1427242577153,1334.9148683705,                  161P   8520
6903.46182463588,-84.7442896977613,1327.02147953661,                 161P   8521
6858.35834438101,-81.6463628659893,1319.89087283096,                 161P   8522
6822.24246943905,-78.8478059590325,1314.14042271789,                 161P   8523
6795.13923901322,-76.5909205990556,1307.9927177058,                  161P   8524
6768.01989689711,-74.1781241802039,1301.45256824168,                 161P   8525
6740.88463819078,-71.6113046639083,1294.52443030112,                 161P   8526
6713.73364361767,-68.8922108916228,1287.21230523375,                 161P   8527
6686.56707546283,-66.0224132774394,1279.5197396452,                  161P   8528
6659.38507756787,-63.0033037613953,1271.44977075934,                 161P   8529
6632.18777311524,-59.8360743661677,1263.00491296289,                 161P   8530
6604.97526408232,-56.521711915582,1254.18714332549,                  161P   8531
6577.74763065423,-53.06099235273,1244.99788671475,                   161P   8532
6550.50493062012,-49.4544748960932,1238.6246362396,                  161P   8533
6532.33310965922,-46.9531584066666,1235.37628804533,                 161P   8534
6523.24469584609,-45.6782756858655,1118.98993974555,                 161P   8535
8023.24469584611,-6.70740417116567D-13,1123.52836566896,             161P   8536
8014.47496869548,-1.9800949880183,1132.48548316373,                  161P   8537
7996.93058243567,-5.88804540221578,1145.56168454674,                 161P   8538
7970.59919597438,-11.5931337439072,1158.27756659177,                 161P   8539
7944.25296765669,-17.1410163662866,1170.63173945493,                 161P   8540
7917.89184023378,-22.5310868854765,1182.62227278175,                 161P   8541
7891.51573419273,-27.762503097054,1194.24670735212,                  161P   8542
7865.12454823619,-32.8341920538895,1205.50207210689,                 161P   8543
7838.71815998369,-37.7448574963768,1216.38488839332,                 161P   8544
7812.29642614673,-42.492981703619,1226.89123260453,                  161P   8545
7785.85918510845,-47.0768528236893,1237.01671066231,                 161P   8546
7759.40625587324,-51.4945537395526,1246.75658478949,                 161P   8547
7732.93744328799,-55.7440173804857,1259.22201035667,                 161P   8548
7697.62422972838,-61.1826269583201,1273.81328797847,                 161P   8549
7653.44191307263,-67.548736306167,1289.69089661439,                  161P   8550
7600.35591274341,-74.4760661382757,1303.88663958941,                 161P   8551
7547.20063495379,-80.6696054837743,1314.27254811328,                 161P   8552
7502.84509560993,-85.2009310506253,1321.69035928752,                 161P   8553
7467.32396657044,-88.4372889816543,1326.80256529068,                 161P   8554
7440.66453644516,-90.6677216599592,1331.45812288477,                 161P   8555
7413.98629658806,-92.6989206739094,1336.11808408336,                 161P   8556
7384.32268187598,-94.732040961023,1340.57940065881,                  161P   8557
7351.6653285818,-96.6784934849656,1344.60898034825,                  161P   8558
7316.00463543918,-98.4365811310707,1347.79530229323,                 161P   8559
7280.30920780123,-99.8267591844118,1350.13571475829,                 161P   8560
7244.57893644064,-100.847870704418,1351.63128067269,                 161P   8561
7208.81386514041,-101.500379442492,1352.28642467487,                 161P   8562
7173.01417615512,-101.786215848645,1352.10838011774,                 161P   8563
7137.18016743262,-101.708535802441,1351.10674290029,                 161P   8564
7101.31223423606,-101.271525951905,1349.292882383,                   161P   8565
7065.41084487895,-100.480146698173,1345.80860116628,                 161P   8566
7017.49842451645,-98.959970343618,1340.12112630715,                  161P   8567
6963.52414026936,-96.4785504292434,1331.59518303705,                 161P   8568
6903.4618246359,-92.7587194070974,1323.82314919127,                  161P   8569
6858.35834438103,-89.3678157042387,1316.80217026526,                 161P   8570
6822.24246943907,-86.3045939131264,1311.14012904982,                 161P   8571
6795.13923901323,-83.834270584059,1305.08694043417,                  161P   8572
6768.01989689711,-81.1932913889321,1298.6473409084,                  161P   8573
6740.88463819077,-78.3837228370724,1291.82571794065,                 161P   8574
6713.73364361766,-75.407479161408,1284.62601136291,                  161P   8575
6686.56707546282,-72.2662792929284,1277.05171325424,                 161P   8576
6659.38507756787,-68.9616468103001,1269.10581414363,                 161P   8577
6632.18777311525,-65.4948864677798,1260.7907897607,                  161P   8578
6604.97526408231,-61.8670784155012,1252.10858677957,                 161P   8579
6577.74763065424,-58.0790719780806,1243.06060816072,                 161P   8580
6550.50493062011,-54.1314792621124,1236.78534167657,                 161P   8581
6532.33310965921,-51.3936084825154,1233.58693442172,                 161P   8582
6523.24469584611,-49.9981576629717,1118.98993974555,                 161P   8583
8023.24469584608,-6.72193114468658D-13,1123.45115385108,             161P   8584
8014.47496869549,-2.14840748324387,1132.25588474159,                 161P   8585
7996.93058243568,-6.38854240425229,1145.10962192846,                 161P   8586
7970.59919597437,-12.5785759913994,1157.60916985753,                 161P   8587
7944.25296765666,-18.5980410204125,1169.75316232889,                 161P   8588
7917.89184023378,-24.4462795660777,1181.53970182972,                 161P   8589
7891.51573419269,-30.1223778333377,1192.96637097795,                 161P   8590
7865.12454823618,-35.6251716729487,1204.03024926109,                 161P   8591
7838.71815998368,-40.9532546398186,1214.72791720813,                 161P   8592
7812.2964261467,-46.1049800038467,1225.05551796446,                  161P   8593
7785.85918510844,-51.0784904013443,1235.00873220754,                 161P   8594
7759.40625587325,-55.871705756691,1244.58290276393,                  161P   8595
7732.93744328797,-60.4823832928519,1256.83625520751,                 161P   8596
7697.62422972837,-66.3832868253208,1271.17929278293,                 161P   8597
7653.4419130726,-73.2905296784655,1286.78677714276,                  161P   8598
7600.3559127434,-80.8066980098769,1300.74100926539,                  161P   8599
7547.2006349538,-87.5267020254359,1310.95022329551,                  161P   8600
7502.8450956099,-92.4432003803598,1318.2418359394,                   161P   8601
7467.32396657046,-95.954655960142,1323.26706845832,                  161P   8602
7440.66453644515,-98.3746803948107,1327.84342148481,                 161P   8603
7413.98629658807,-100.57853585931,1332.42410319787,                  161P   8604
7384.32268187598,-102.78447590913,1336.80951981017,                  161P   8605
7351.66532858178,-104.896381242602,1340.77054463579,                 161P   8606
7316.00463543919,-106.803910263267,1343.90265798253,                 161P   8607
7280.30920780121,-108.312256554228,1346.20325322841,                 161P   8608
7244.57893644065,-109.420164832885,1347.67337521927,                 161P   8609
7208.81386514042,-110.128138270265,1348.3173733176,                  161P   8610
7173.01417615512,-110.438271408974,1348.1423578159,                  161P   8611
7137.18016743261,-110.35398838549,1347.15776135913,                  161P   8612
7101.31223423603,-109.879831722069,1345.37475988174,                 161P   8613
7065.41084487897,-109.021183465291,1341.94975641672,                 161P   8614
7017.49842451644,-107.371788727066,1336.3590420373,                  161P   8615
6963.52414026936,-104.679442580905,1327.97814984555,                 161P   8616
6903.46182463588,-100.643417618202,1320.33834088731,                 161P   8617
6858.35834438101,-96.9642795312278,1313.43680922152,                 161P   8618
6822.24246943904,-93.6406770499189,1307.87109578557,                 161P   8619
6795.13923901321,-90.9603707235774,1301.9208895038,                  161P   8620
6768.01989689711,-88.094902401424,1295.59084628461,                  161P   8621
6740.88463819078,-85.046514251038,1288.88527895275,                  161P   8622
6713.73364361767,-81.817283219135,1281.80806031204,                  161P   8623
6686.56707546282,-78.4090743499299,1274.3626230313,                  161P   8624
6659.38507756787,-74.8235407293839,1266.55190676169,                 161P   8625
6632.18777311523,-71.0620980192087,1258.37834511387,                 161P   8626
6604.97526408231,-67.1259181839742,1249.84385164268,                 161P   8627
6577.74763065422,-63.0159227441399,1240.94980544148,                 161P   8628
6550.50493062011,-58.7327758340848,1234.78129948025,                 161P   8629
6532.33310965921,-55.762179928548,1231.63730643055,                  161P   8630
6523.24469584609,-54.2481126731702,1118.98993974555,                 161P   8631
8023.24469584611,-6.73498404012673D-13,1123.3677026263,              161P   8632
8014.47496869547,-2.31371523506516,1132.00773270457,                 161P   8633
7996.93058243567,-6.88010445670266,1144.62102859204,                 161P   8634
7970.59919597437,-13.5464259682391,1156.88676066552,                 161P   8635
7944.25296765669,-20.0290546417789,1168.8035882826,                  161P   8636
7917.89184023378,-26.327281925682,1180.36964942445,                  161P   8637
7891.51573419273,-32.4401237150192,1191.58257192887,                 161P   8638
7865.12454823618,-38.366326285037,1202.43948991402,                  161P   8639
7838.71815998369,-44.1043749732416,1212.93704787359,                 161P   8640
7812.29642614672,-49.6524963425142,1223.07146109876,                 161P   8641
7785.85918510845,-55.0086901161407,1232.83849106439,                 161P   8642
7759.40625587324,-60.170716167813,1242.23356771347,                  161P   8643
7732.93744328799,-65.1361591522723,1254.25770962105,                 161P   8644
7697.62422972839,-71.4911036947697,1268.33244712534,                 161P   8645
7653.44191307263,-78.9298196529637,1283.64797874216,                 161P   8646
7600.35591274341,-87.0243144462738,1297.34118376715,                 161P   8647
7547.20063495379,-94.2613846016363,1307.35942480169,                 161P   8648
7502.84509560992,-99.5561795798749,1314.51464094109,                 161P   8649
7467.32396657044,-103.337821721497,1319.44587173712,                 161P   8650
7440.66453644516,-105.944053291079,1323.93661975601,                 161P   8651
7413.98629658806,-108.317482915638,1328.43161548909,                 161P   8652
7384.32268187597,-110.69315752289,1332.73499873974,                  161P   8653
7351.6653285818,-112.967561976313,1336.62192885316,                  161P   8654
7316.00463543918,-115.021864520366,1339.69545306002,                 161P   8655
7280.30920780123,-116.646269491293,1341.95301349794,                 161P   8656
7244.57893644064,-117.839425019095,1343.3956354678,                  161P   8657
7208.81386514041,-118.601872991248,1344.02758697315,                 161P   8658
7173.01417615511,-118.935869113479,1343.85584530181,                 161P   8659
7137.18016743262,-118.845100990006,1342.88966665211,                 161P   8660
7101.31223423605,-118.334460664581,1341.14001790222,                 161P   8661
7065.41084487895,-117.409744301406,1337.77908236336,                 161P   8662
7017.49842451644,-115.633438006615,1332.29294757932,                 161P   8663
6963.52414026936,-112.733931116701,1324.06882789539,                 161P   8664
6903.46182463591,-108.387356957463,1316.57192878284,                 161P   8665
6858.35834438103,-104.4251300919,1309.79949678833,                   161P   8666
6822.24246943907,-100.845795277497,1304.33789528149,                 161P   8667
6795.13923901323,-97.9592546031613,1298.49899323073,                 161P   8668
6768.01989689711,-94.8733047693423,1292.28735945147,                 161P   8669
6740.88463819076,-91.5903604653113,1285.70722609284,                 161P   8670
6713.73364361766,-88.1126584473372,1278.76239351435,                 161P   8671
6686.56707546281,-84.4422072639256,1271.45623017334,                 161P   8672
6659.38507756787,-80.5807871969231,1263.79162073227,                 161P   8673
6632.18777311525,-76.5299228347129,1255.77095327839,                 161P   8674
6604.97526408231,-72.2908763186635,1247.39610557243,                 161P   8675
6577.74763065423,-67.8646400735586,1238.66843090909,                 161P   8676
6550.50493062011,-63.251929337958,1232.61531268175,                  161P   8677
6532.33310965921,-60.0527629481443,1229.53013099229,                 161P   8678
6523.2446958461,-58.4221968184847,1118.98993974555,                  161P   8679
8023.24469584609,-6.74654459997737D-13,1123.27812869833,             161P   8680
8014.47496869549,-2.47578704631114,1131.74137409285,                 161P   8681
7996.93058243568,-7.36204405253613,1144.09658783079,                 161P   8682
7970.59919597438,-14.4953300299212,1156.11134929983,                 161P   8683
7944.25296765667,-21.4320557979438,1167.78434528783,                 161P   8684
7917.89184023379,-28.1714631736389,1179.11375187538,                 161P   8685
7891.5157341927,-34.7124991164164,1190.09724543712,                  161P   8686
7865.12454823619,-41.0538220806893,1200.73201873053,                 161P   8687
7838.71815998369,-47.1938113041362,1211.01478490655,                 161P   8688
7812.29642614671,-53.130569123652,1220.94183669593,                  161P   8689
7785.85918510845,-58.8619551462463,1230.50902229827,                 161P   8690
7759.40625587326,-64.3855723289448,1239.71186516528,                 161P   8691
7732.93744328798,-69.6988361352781,1251.48997967336,                 161P   8692
7697.62422972839,-76.4989337168068,1265.27673229753,                 161P   8693
7653.44191307262,-84.4587190552779,1280.27889099809,                 161P   8694
7600.35591274341,-93.1202194191134,1293.69191772441,                 161P   8695
7547.2006349538,-100.864234009891,1303.50517433618,                  161P   8696
7502.84509560991,-106.529920356059,1310.51398674602,                 161P   8697
7467.32396657046,-110.576460087448,1315.34431904156,                 161P   8698
7440.66453644516,-113.365253738408,1319.74318133039,                 161P   8699
7413.98629658808,-115.90493806492,1324.14620442055,                  161P   8700
7384.32268187599,-118.44702463114,1328.36153563403,                  161P   8701
7351.66532858179,-120.880747241868,1332.16893480749,                 161P   8702
7316.0046354392,-123.07895017951,1335.17957126959,                   161P   8703
7280.30920780122,-124.817141951237,1337.39093949454,                 161P   8704
7244.57893644066,-126.093875991146,1338.80404380447,                 161P   8705
7208.81386514043,-126.909732144847,1339.42306487483,                 161P   8706
7173.01417615512,-127.267124126431,1339.25483723026,                 161P   8707
7137.18016743262,-127.169997850569,1338.30842767698,                 161P   8708
7101.31223423604,-126.623588040232,1336.5945786985,                  161P   8709
7065.41084487897,-125.634096871206,1333.30241166197,                 161P   8710
7017.49842451645,-123.73336334651,1327.92852933502,                  161P   8711
6963.52414026937,-120.630750938601,1319.87268434333,                 161P   8712
6903.46182463588,-115.979706664279,1312.52918017627,                 161P   8713
6858.35834438101,-111.73993255681,1305.8953197193,                   161P   8714
6822.24246943906,-107.909871436365,1300.54546869126,                 161P   8715
6795.13923901322,-104.821133505342,1294.8260371107,                  161P   8716
6768.01989689712,-101.519018142819,1288.74150030989,                 161P   8717
6740.88463819078,-98.0061091831321,1282.29600384352,                 161P   8718
6713.73364361767,-94.2848000633579,1275.49327031142,                 161P   8719
6686.56707546283,-90.357240027545,1268.33659924861,                  161P   8720
6659.38507756787,-86.2253340630857,1260.82881629399,                 161P   8721
6632.18777311524,-81.8907135534256,1252.97226067211,                 161P   8722
6604.97526408232,-77.3547290503677,1244.7687717222,                  161P   8723
6577.74763065423,-72.6184424971333,1236.21967504982,                 161P   8724
6550.50493062012,-67.6826192320175,1230.29041039478,                 161P   8725
6532.33310965921,-64.259356687798,1227.26835497561,                  161P   8726
6523.2446958461,-62.514572177914,1118.98993974555,                   161P   8727
8023.2446958461,-6.75659665892116D-13,1123.18255735848,              161P   8728
8014.47496869547,-2.63439624952445,1131.45718146953,                 161P   8729
7996.93058243567,-7.83368717913515,1143.53703319678,                 161P   8730
7970.59919597437,-15.423961090088,1155.28402035219,                  161P   8731
7944.25296765668,-22.8050823284437,1166.69685899162,                 161P   8732
7917.89184023377,-29.9762441383517,1177.77376584538,                 161P   8733
7891.51573419272,-36.9363260173459,1188.51246907513,                 161P   8734
7865.12454823618,-43.6839004746966,1198.91022400358,                 161P   8735
7838.71815998369,-50.2172429154208,1208.96381703611,                 161P   8736
7812.29642614671,-56.5343341041389,1218.66962352771,                 161P   8737
7785.85918510844,-62.6328965254996,1228.02358420972,                 161P   8738
7759.40625587324,-68.5103795718683,1237.02132230305,                 161P   8739
7732.93744328797,-74.1640331307697,1248.5369366745,                  161P   8740
7697.62422972837,-81.3997732132616,1262.01642242283,                 161P   8741
7653.44191307261,-89.869495468183,1276.68422635836,                  161P   8742
7600.3559127434,-99.0858875281466,1289.79831547914,                  161P   8743
7547.20063495378,-107.326015864856,1299.39286295882,                 161P   8744
7502.84509560992,-113.354669615587,1306.24546919373,                 161P   8745
7467.32396657044,-117.660447492824,1310.9681473408,                  161P   8746
7440.66453644516,-120.6279028507,1315.26897170083,                   161P   8747
7413.98629658805,-123.330289905841,1319.57386412989,                 161P   8748
7384.32268187597,-126.035233098214,1323.69524779185,                 161P   8749
7351.6653285818,-128.624870089895,1327.41779104016,                  161P   8750
7316.00463543918,-130.963899039776,1330.36132911547,                 161P   8751
7280.30920780122,-132.813446597472,1332.52341233297,                 161P   8752
7244.57893644063,-134.17197352395,1333.90502263136,                  161P   8753
7208.8138651404,-135.040096812201,1334.51024751085,                  161P   8754
7173.01417615512,-135.420384808859,1334.34576917437,                 161P   8755
7137.18016743261,-135.317036220259,1333.42045235513,                 161P   8756
7101.31223423605,-134.735621127514,1331.74480011781,                 161P   8757
7065.41084487895,-133.682739043501,1328.52600597099,                 161P   8758
7017.49842451644,-131.660236632941,1323.27189195199,                 161P   8759
6963.52414026936,-128.358857984854,1315.39558846582,                 161P   8760
6903.4618246359,-123.40984849231,1308.21574978581,                   161P   8761
6858.35834438102,-118.898456842054,1301.72973890827,                 161P   8762
6822.24246943906,-114.823026094866,1296.49912059995,                 161P   8763
6795.13923901323,-111.536410780295,1290.90715862163,                 161P   8764
6768.0198968971,-108.022748189557,1284.95822856336,                  161P   8765
6740.88463819077,-104.284787688082,1278.6563835874,                  161P   8766
6713.73364361767,-100.325076046524,1272.00526332757,                 161P   8767
6686.56707546281,-96.1459001983845,1265.0080937818,                  161P   8768
6659.38507756786,-91.7492871725199,1257.66763761369,                 161P   8769
6632.18777311525,-87.1369728654908,1249.98618191316,                 161P   8770
6604.9752640823,-82.3103943512076,1241.96552502603,                  161P   8771
6577.74763065423,-77.2706816051118,1233.60696301364,                 161P   8772
6550.50493062011,-72.0186489967837,1227.80984453395,                 161P   8773
6532.33310965921,-68.376078032189,1224.85514199696,                  161P   8774
6523.2446958461,-66.5195153784092,1118.98993974555,                  161P   8775
8023.24469584609,-6.76512615289203D-13,1123.08112225151,             161P   8776
8014.47496869549,-2.78932100271113,1131.15555224581,                 161P   8777
7996.93058243568,-8.29437415864404,1142.94314716259,                 161P   8778
7970.59919597438,-16.3310202930602,1154.40593074712,                 161P   8779
7944.25296765668,-24.1462138106806,1165.5426501184,                  161P   8780
7917.89184023379,-31.7391005120097,1176.35156515087,                 161P   8781
7891.51573419271,-39.1084939993553,1186.83045897034,                 161P   8782
7865.12454823619,-46.252882833598,1196.97665330362,                  161P   8783
7838.7181599837,-53.1704409989189,1206.78701230491,                  161P   8784
7812.29642614671,-59.8590305119134,1216.25799902298,                 161P   8785
7785.85918510845,-66.3162399200057,1225.38565239798,                 161P   8786
7759.40625587326,-72.5393686183875,1234.1657015416,                  161P   8787
7732.93744328799,-78.5255047646321,1245.40271011541,                 161P   8788
7697.6242297284,-86.1867674864564,1258.55607666968,                  161P   8789
7653.44191307263,-95.1545809562348,1272.86901154803,                 161P   8790
7600.35591274342,-104.912974722943,1285.66582178629,                 161P   8791
7547.20063495381,-113.637692212698,1295.0282412642,                  161P   8792
7502.84509560992,-120.020881729783,1301.71505731508,                 161P   8793
7467.32396657046,-124.579875718431,1306.32347620777,                 161P   8794
7440.66453644516,-127.721842518303,1310.52024753486,                 161P   8795
7413.98629658808,-130.583152760188,1314.72098850922,                 161P   8796
7384.32268187599,-133.447169461716,1318.74266048014,                 161P   8797
7351.66532858179,-136.189098983947,1322.37514147926,                 161P   8798
7316.0046354392,-138.665682594581,1325.24746435522,                  161P   8799
7280.30920780123,-140.623999172325,1327.3572386902,                  161P   8800
7244.57893644066,-142.062418957974,1328.70542266613,                 161P   8801
7208.81386514043,-142.981595228873,1329.29600489134,                 161P   8802
7173.01417615512,-143.384247372135,1329.1355059012,                  161P   8803
7137.18016743262,-143.274821013518,1328.23257595793,                 161P   8804
7101.31223423605,-142.659213801921,1326.59746401771,                 161P   8805
7065.41084487896,-141.544413357371,1323.45654454452,                 161P   8806
7017.49842451646,-139.402970720371,1318.32954720202,                 161P   8807
6963.52414026936,-135.907443120058,1310.64380096658,                 161P   8808
6903.46182463589,-130.667390063582,1303.63766944779,                 161P   8809
6858.35834438101,-125.890690475215,1297.30857944095,                 161P   8810
6822.24246943906,-121.575589973704,1292.20450936,                    161P   8811
6795.13923901322,-118.095693915627,1286.7478378644,                  161P   8812
6768.01989689712,-114.375398283581,1280.94283468231,                 161P   8813
6740.88463819078,-110.417614128958,1274.79345491482,                 161P   8814
6713.73364361766,-106.225037993998,1268.30325013942,                 161P   8815
6686.56707546283,-101.800091303249,1261.47536830506,                 161P   8816
6659.38507756788,-97.1449202919423,1254.31250523614,                 161P   8817
6632.18777311525,-92.2613629420863,1246.81689268939,                 161P   8818
6604.97526408232,-87.1509408395624,1238.9902855018,                  161P   8819
6577.74763065423,-81.8148504121249,1230.83394837838,                 161P   8820
6550.50493062012,-76.2539539207517,1225.17708388457,                 161P   8821
6532.33310965921,-72.3971690138583,1222.29386665717,                 161P   8822
6523.2446958461,-70.4314247929141,1118.98993974555,                  161P   8823
8023.2446958461,-6.77212116216267D-13,1122.97396527772,              161P   8824
8014.47496869548,-2.9403446550687,1130.8369083768,                   161P   8825
7996.93058243568,-8.74346075740902,1142.31576052809,                 161P   8826
7970.59919597437,-17.2152391881892,1153.47830886259,                 161P   8827
7944.25296765667,-25.4535747787486,1164.32333331539,                 161P   8828
7917.89184023377,-33.4575670796637,1174.84913933836,                 161P   8829
7891.51573419271,-41.22596545779,1185.05356812222,                   161P   8830
7865.12454823618,-48.757176639209,1194.93401154349,                  161P   8831
7838.71815998369,-56.0492757412931,1204.48741589106,                 161P   8832
7812.29642614672,-63.1000090225962,1213.7103368541,                  161P   8833
7785.85918510845,-69.9068344661282,1222.5989171216,                  161P   8834
7759.40625587323,-76.4669052466985,1231.14899766902,                 161P   8835
7732.93744328797,-82.7771518646317,1242.09168453184,                 161P   8836
7697.62422972837,-90.8532223043937,1254.90053578875,                 161P   8837
7653.44191307261,-100.306584746413,1268.83858375165,                 161P   8838
7600.35591274341,-110.593332284084,1281.30021767851,                 161P   8839
7547.20063495379,-119.790436674412,1290.4174150137,                  161P   8840
7502.84509560991,-126.519234529624,1296.92908879889,                 161P   8841
7467.32396657044,-131.325068492431,1301.41680317089,                 161P   8842
7440.66453644516,-134.637152429101,1305.503651923,                   161P   8843
7413.98629658806,-137.653384074234,1309.59436634863,                 161P   8844
7384.32268187598,-140.672468716327,1313.51070197777,                 161P   8845
7351.6653285818,-143.562855949673,1317.04804039374,                  161P   8846
7316.00463543918,-146.173530510188,1319.84513088216,                 161P   8847
7280.30920780122,-148.237877237323,1321.89964563556,                 161P   8848
7244.57893644064,-149.754178130868,1323.21251773894,                 161P   8849
7208.81386514041,-150.72312183896,1323.78763133031,                  161P   8850
7173.01417615512,-151.147574985894,1323.63133615805,                 161P   8851
7137.18016743261,-151.032223899222,1322.75205591514,                 161P   8852
7101.31223423604,-150.383285547346,1321.15977111534,                 161P   8853
7065.41084487896,-149.208125884569,1318.1011191591,                  161P   8854
7017.49842451644,-146.950738009101,1313.10840903553,                 161P   8855
6963.52414026936,-143.265950246361,1305.62396922142,                 161P   8856
6903.46182463589,-137.742182281622,1298.80134353541,                 161P   8857
6858.35834438103,-132.706855371938,1292.63802617062,                 161P   8858
6822.24246943905,-128.158120147699,1287.66764279371,                 161P   8859
6795.13923901322,-124.489810273888,1282.3538934006,                  161P   8860
6768.0198968971,-120.568084747427,1276.700935886,                    161P   8861
6740.88463819077,-116.396012234202,1270.71262175826,                 161P   8862
6713.73364361768,-111.976435276794,1264.39240957136,                 161P   8863
6686.56707546281,-107.311906404143,1257.74336482258,                 161P   8864
6659.38507756786,-102.404688056269,1250.76811272688,                 161P   8865
6632.18777311524,-97.2567177299018,1243.46882658631,                 161P   8866
6604.97526408231,-91.8695993950909,1235.84721527505,                 161P   8867
6577.74763065423,-86.244594258111,1227.90451037234,                  161P   8868
6550.50493062011,-80.3826112663444,1222.39581147166,                 161P   8869
6532.33310965922,-76.3170064550579,1219.58811197837,                 161P   8870
6523.2446958461,-74.2448299262674,1118.98993974555,                  161P   8871
8023.2446958461,-6.77711765812734D-13,1122.87063032712,              161P   8872
8014.47496869548,-3.0750133287358,1130.52962974528,                  161P   8873
7996.93058243567,-9.14391390048764,1141.71075121991,                 161P   8874
7970.59919597438,-18.0037023424617,1152.58377295198,                 161P   8875
7944.25296765668,-26.6193561909805,1163.14750652102,                 161P   8876
7917.89184023379,-34.9899337567419,1173.40030133135,                 161P   8877
7891.51573419271,-43.1141271267168,1183.34005456719,                 161P   8878
7865.12454823619,-50.9902700548512,1192.96422575294,                 161P   8879
7838.7181599837,-58.6163494981163,1202.26984038248,                  161P   8880
7812.29642614671,-65.9900084931989,1211.25354348127,                 161P   8881
7785.85918510844,-73.1085885977667,1219.91157778649,                 161P   8882
7759.40625587327,-79.9691126014141,1228.23989214771,                 161P   8883
7732.93744328799,-86.5683704201995,1238.89875502552,                 161P   8884
7697.6242297284,-95.0143273252701,1251.375378992,                    161P   8885
7653.44191307263,-104.900656622193,1264.95191132669,                 161P   8886
7600.35591274341,-115.658540303864,1277.09032385052,                 161P   8887
7547.2006349538,-125.276874853,1285.97104550918,                     161P   8888
7502.84509560992,-132.313853682125,1292.31382391918,                 161P   8889
7467.32396657046,-137.339796291961,1296.6851390017,                  161P   8890
7440.66453644516,-140.803574673167,1300.6659858446,                  161P   8891
7413.98629658807,-143.957950638676,1304.65059809589,                 161P   8892
7384.32268187597,-147.115310269141,1308.46535446953,                 161P   8893
7351.66532858179,-150.138078110725,1311.91094380243,                 161P   8894
7316.0046354392,-152.868322354633,1314.63548525622,                  161P   8895
7280.30920780123,-155.027216785284,1316.63671140033,                 161P   8896
7244.57893644066,-156.612964717728,1317.91553111816,                 161P   8897
7208.81386514043,-157.626286340289,1318.47572780353,                 161P   8898
7173.01417615511,-158.070179569536,1318.32348650935,                 161P   8899
7137.18016743262,-157.949545368274,1317.46701244063,                 161P   8900
7101.31223423605,-157.270885443865,1315.91602724325,                 161P   8901
7065.41084487896,-156.041903113644,1312.93670852556,                 161P   8902
7017.49842451645,-153.681126191671,1308.07349592856,                 161P   8903
6963.52414026935,-149.827574036563,1300.78318243463,                 161P   8904
6903.46182463589,-144.050815830743,1294.13751738309,                 161P   8905
6858.35834438101,-138.784869427837,1288.13405996104,                 161P   8906
6822.24246943905,-134.027800756512,1283.2925950147,                  161P   8907
6795.13923901322,-130.191481182621,1278.11667004689,                 161P   8908
6768.01989689712,-126.090139442582,1272.61033510759,                 161P   8909
6740.88463819078,-121.726984748234,1266.7773418074,                  161P   8910
6713.73364361766,-117.104989831364,1260.62105899462,                 161P   8911
6686.56707546283,-112.226824127599,1254.14447265581,                 161P   8912
6659.38507756788,-107.094853697288,1247.35013991477,                 161P   8913
6632.18777311525,-101.711104775254,1240.24017770413,                 161P   8914
6604.97526408232,-96.0772547935891,1232.81625057405,                 161P   8915
6577.74763065423,-90.1946227226967,1225.07955816069,                 161P   8916
6550.50493062011,-84.0641591390469,1219.71374015274,                 161P   8917
6532.33310965921,-79.8123484002422,1216.97886486363,                 161P   8918
6523.24469584609,-77.6452655601686,1118.98993974555,                 161P   8919
8023.2446958461,-6.78052835708061D-13,1122.7727415687,               161P   8920
8014.47496869548,-3.1942910558529,1130.23854600463,                  161P   8921
7996.93058243568,-9.49860025620145,1141.13762847667,                 161P   8922
7970.59919597438,-18.702054015146,1151.73638288981,                  161P   8923
7944.25296765667,-27.6519033622626,1162.03365080167,                 161P   8924
7917.89184023377,-36.3471700798662,1172.02782325178,                 161P   8925
7891.51573419272,-44.7864955223064,1181.7168504672,                  161P   8926
7865.12454823618,-52.9681488106886,1191.09825605459,                 161P   8927
7838.71815998369,-60.8900388175551,1200.16914053858,                 161P   8928
7812.29642614672,-68.5497171543956,1208.92623357232,                 161P   8929
7785.85918510845,-75.9444222598383,1217.36587266848,                 161P   8930
7759.40625587324,-83.071061439247,1225.48410886501,                  161P   8931
7732.93744328797,-89.9263000918812,1235.87410648949,                 161P   8932
7697.62422972838,-98.6998700634293,1248.03601295727,                 161P   8933
7653.44191307262,-108.969683516642,1261.27008307552,                 161P   8934
7600.35591274341,-120.144858371109,1273.10230933956,                 161P   8935
7547.20063495379,-130.136281737957,1281.7590185959,                  161P   8936
7502.84509560991,-137.446220308617,1287.94180313573,                 161P   8937
7467.32396657044,-142.66711589873,1292.20285366647,                  161P   8938
7440.66453644516,-146.265251946038,1296.08328535189,                 161P   8939
7413.98629658807,-149.541984063027,1299.9673874648,                  161P   8940
7384.32268187599,-152.82181557947,1303.68591824189,                  161P   8941
7351.6653285818,-155.96183458076,1307.04459405887,                   161P   8942
7316.00463543918,-158.797983187994,1309.70041012073,                 161P   8943
7280.30920780122,-161.040619701763,1311.65115619205,                 161P   8944
7244.57893644064,-162.687877744729,1312.89771822991,                 161P   8945
7208.81386514041,-163.740505440938,1313.4437841937,                  161P   8946
7173.01417615512,-164.201616994141,1313.295383121,                   161P   8947
7137.18016743262,-164.076303472208,1312.46051324402,                 161P   8948
7101.31223423604,-163.371318779479,1310.94865098434,                 161P   8949
7065.41084487896,-162.09466503977,1308.04448430591,                  161P   8950
7017.49842451644,-159.642315146826,1303.3039441649,                  161P   8951
6963.52414026937,-155.639286259476,1296.19752570807,                 161P   8952
6903.4618246359,-149.638451434334,1289.71949471265,                  161P   8953
6858.35834438102,-144.168242463126,1283.86747193416,                 161P   8954
6822.24246943906,-139.226650253206,1279.14813086863,                 161P   8955
6795.13923901323,-135.241522387472,1274.10276639245,                 161P   8956
6768.01989689712,-130.981092321604,1268.73532639491,                 161P   8957
6740.88463819078,-126.448693750527,1263.04946785378,                 161P   8958
6713.73364361767,-121.647414716413,1257.04847463964,                 161P   8959
6686.56707546281,-116.580028200447,1250.73525741877,                 161P   8960
6659.38507756786,-111.248992040983,1244.11230881272,                 161P   8961
6632.18777311524,-105.656411069009,1237.18169235519,                 161P   8962
6604.97526408231,-99.8040277833386,1229.94503060916,                 161P   8963
6577.74763065423,-93.693212315911,1222.40349294978,                  161P   8964
6550.50493062011,-87.3249521163071,1217.17302540463,                 161P   8965
6532.33310965921,-82.9082164583279,1214.50713617367,                 161P   8966
6523.24469584611,-80.6570739126044,1118.98993974555,                 161P   8967
8023.24469584609,-6.78272268706044D-13,1122.68166562494,             161P   8968
8014.47496869548,-3.29912794895964,1129.96772097142,                 161P   8969
7996.93058243567,-9.81034509111984,1140.60439365626,                 161P   8970
7970.59919597437,-19.3158569531404,1150.94796907656,                 161P   8971
7944.25296765668,-28.5594410856173,1160.99731668067,                 161P   8972
7917.89184023379,-37.5400871660396,1170.75086624613,                 161P   8973
7891.51573419271,-46.2563919577096,1180.2066173509,                  161P   8974
7865.12454823619,-54.7065677742523,1189.36215322413,                 161P   8975
7838.71815998369,-62.8884548571656,1198.2146441991,                  161P   8976
7812.29642614671,-70.7995244616903,1206.76089866693,                 161P   8977
7785.85918510845,-78.4369243917146,1214.99734231942,                 161P   8978
7759.40625587325,-85.7974604501984,1222.92012127108,                 161P   8979
7732.93744328798,-92.8776885944411,1233.0599659977,                  161P   8980
7697.62422972839,-101.939207847963,1244.92905852496,                 161P   8981
7653.44191307262,-112.546077416212,1257.84450094856,                 161P   8982
7600.35591274341,-124.088022420742,1269.39185075784,                 161P   8983
7547.20063495379,-134.407365117313,1277.84013832013,                 161P   8984
7502.84509560991,-141.957216467965,1283.87406416666,                 161P   8985
7467.32396657045,-147.349462277143,1288.0325242853,                  161P   8986
7440.66453644516,-151.065689442929,1291.81952945934,                 161P   8987
7413.98629658806,-154.449964175243,1295.61011669053,                 161P   8988
7384.32268187597,-157.837440029509,1299.23911893419,                 161P   8989
7351.66532858178,-161.080514710493,1302.51693020056,                 161P   8990
7316.00463543919,-164.009745946325,1305.10880398757,                 161P   8991
7280.30920780123,-166.325985973344,1307.01258327405,                 161P   8992
7244.57893644065,-168.027307159623,1308.22913268657,                 161P   8993
7208.81386514042,-169.114482182664,1308.76205139198,                 161P   8994
7173.01417615511,-169.590727454645,1308.61722327086,                 161P   8995
7137.18016743262,-169.461301132708,1307.80245398741,                 161P   8996
7101.31223423605,-168.733178784863,1306.32699180586,                 161P   8997
7065.41084487896,-167.414625165316,1303.492746771,                   161P   8998
7017.49842451645,-164.88178894888,1298.86634138695,                  161P   8999
6963.52414026935,-160.747380327011,1291.93101932827,                 161P   9000
6903.46182463589,-154.549597613531,1285.60895547399,                 161P   9001
6858.35834438101,-148.899855937787,1279.89782786307,                 161P   9002
6822.24246943905,-143.796080268543,1275.29211115879,                 161P   9003
6795.13923901322,-139.680160181277,1270.36822048753,                 161P   9004
6768.01989689711,-135.279902453195,1265.13000868791,                 161P   9005
6740.88463819076,-130.598750191403,1259.58104469116,                 161P   9006
6713.73364361767,-125.639892787834,1253.72453330433,                 161P   9007
6686.56707546283,-120.406194233174,1247.56331511558,                 161P   9008
6659.38507756787,-114.900193032194,1241.09982273328,                 161P   9009
6632.18777311525,-109.124063096664,1234.33607000891,                 161P   9010
6604.97526408231,-103.07960411425,1227.27364043996,                  161P   9011
6577.74763065423,-96.7682311849185,1219.9136752476,                  161P   9012
6550.50493062011,-90.1909641660677,1214.80913810771,                 161P   9013
6532.33310965921,-85.6292708838716,1212.20743367658,                 161P   9014
6523.24469584609,-83.3042456560574,1118.98993974555,                 161P   9015
8023.2446958461,-6.78403997064551D-13,1122.5876852009,               161P   9016
8014.47496869548,-3.40136924205254,1129.68825912371,                 161P   9017
7996.93058243567,-10.1143716048765,1140.0541535757,                  161P   9018
7970.59919597437,-19.9144630769654,1150.1344121527,                  161P   9019
7944.25296765668,-29.4445095746494,1159.9279330837,                  161P   9020
7917.89184023378,-38.7034694649386,1169.43318611939,                 161P   9021
7891.51573419272,-47.6898960243633,1178.64822176259,                 161P   9022
7865.12454823619,-56.4019461653802,1187.57068476627,                 161P   9023
7838.7181599837,-64.8373931977439,1196.19781749868,                  161P   9024
7812.29642614671,-72.9936300098537,1204.52650959983,                 161P   9025
7785.85918510844,-80.8677160149365,1212.55327775289,                 161P   9026
7759.40625587325,-88.4563580264666,1220.27436618084,                 161P   9027
7732.93744328798,-95.7560052695293,1230.1560804452,                  161P   9028
7697.62422972839,-105.098344624876,1241.72302097475,                 161P   9029
7653.44191307262,-116.033925318596,1254.30967442643,                 161P   9030
7600.35591274342,-127.933559809938,1265.56306285619,                 161P   9031
7547.2006349538,-138.572703059347,1273.79628199951,                  161P   9032
7502.84509560991,-146.356527319608,1279.67660193689,                 161P   9033
7467.32396657045,-151.915880980652,1283.72919995786,                 161P   9034
7440.66453644516,-155.747275510988,1287.41979917872,                 161P   9035
7413.98629658808,-159.236430269294,1291.11388926811,                 161P   9036
7384.32268187599,-162.728885353623,1294.65050784596,                 161P   9037
7351.66532858181,-166.072464214611,1297.84487573029,                 161P   9038
7316.00463543918,-169.092473496688,1300.37076807509,                 161P   9039
7280.30920780122,-171.480494727515,1302.2260827706,                  161P   9040
7244.57893644065,-173.234540537048,1303.41166243252,                 161P   9041
7208.81386514042,-174.35540754839,1303.93101460359,                  161P   9042
7173.01417615512,-174.846411851615,1303.78987337816,                 161P   9043
7137.18016743261,-174.712974556251,1302.99584571132,                 161P   9044
7101.31223423605,-173.962287405959,1301.55794443384,                 161P   9045
7065.41084487896,-172.602871282962,1298.79585089642,                 161P   9046
7017.49842451645,-169.991541460293,1294.28722011273,                 161P   9047
6963.52414026936,-165.729005863489,1287.52845084526,                 161P   9048
6903.4618246359,-159.339151387645,1281.36732804177,                  161P   9049
6858.35834438102,-153.514321960245,1275.80158885147,                 161P   9050
6822.24246943906,-148.252378244003,1271.31312007495,                 161P   9051
6795.13923901323,-144.008904148878,1266.51457709977,                 161P   9052
6768.01989689712,-139.472280675862,1261.40971468268,                 161P   9053
6740.88463819078,-134.646057635307,1256.00201090047,                 161P   9054
6713.73364361766,-129.533523259694,1250.29458897529,                 161P   9055
6686.56707546281,-124.137630295906,1244.29021718232,                 161P   9056
6659.38507756787,-118.460995918013,1237.99126620292,                 161P   9057
6632.18777311524,-112.505861408149,1231.39969862184,                 161P   9058
6604.97526408231,-106.274082227071,1224.51705762547,                 161P   9059
6577.74763065422,-99.7671173291651,1217.34445538274,                 161P   9060
6550.50493062011,-92.9860181777984,1212.36986466393,                 161P   9061
6532.33310965922,-88.2829561982121,1209.83439193407,                 161P   9062
6523.2446958461,-85.8858775097972,1118.98993974555,                  161P   9063
8023.2446958461,-6.78447918249432D-13,1122.49087427379,              161P   9064
8014.47496869548,-3.50093452792717,1129.40038044247,                 161P   9065
7996.93058243568,-10.4104406959119,1139.48734136109,                 161P   9066
7970.59919597438,-20.4974016136028,1149.29635251658,                 161P   9067
7944.25296765668,-30.3064127681514,1158.82634178519,                 161P   9068
7917.89184023378,-39.8364020358566,1168.07582009475,                 161P   9069
7891.51573419271,-49.085880344538,1177.04289040666,                  161P   9070
7865.12454823619,-58.052950655602,1185.72526085072,                  161P   9071
7838.71815998369,-66.7353210988419,1194.12024799967,                 161P   9072
7812.29642614673,-75.1303082469929,1202.22482518951,                 161P   9073
7785.85918510845,-83.2348854360557,1210.03560283517,                 161P   9074
7759.40625587325,-91.045663080979,1217.54892622302,                  161P   9075
7732.93744328798,-98.5589864681184,1227.16473565033,                 161P   9076
7697.62422972838,-108.174795894512,1238.42042396649,                 161P   9077
7653.44191307262,-119.430484209616,1250.66838597805,                 161P   9078
7600.35591274341,-131.678446220003,1261.61895949768,                 161P   9079
7547.20063495379,-142.629019738601,1269.63063279014,                 161P   9080
7502.84509560992,-150.640693030289,1275.35272051466,                 161P   9081
7467.32396657045,-156.36278075428,1279.2962680827,                   161P   9082
7440.66453644516,-160.306328321931,1282.88755779527,                 161P   9083
7413.98629658807,-163.897618034172,1286.48224444141,                 161P   9084
7384.32268187597,-167.492304679961,1289.92369694163,                 161P   9085
7351.66532858179,-170.933757179859,1293.03210829563,                 161P   9086
7316.0046354392,-174.042168533577,1295.49003196878,                  161P   9087
7280.30920780123,-176.500092206474,1297.29542241646,                 161P   9088
7244.57893644065,-178.305482653995,1298.44909958066,                 161P   9089
7208.81386514042,-179.45915981808,1298.95447662041,                  161P   9090
7173.01417615511,-179.964536857787,1298.81713333263,                 161P   9091
7137.18016743262,-179.827193570012,1298.04447197852,                 161P   9092
7101.31223423604,-179.054532215986,1296.64526286463,                 161P   9093
7065.41084487896,-177.655323102222,1293.95749388391,                 161P   9094
7017.49842451645,-174.967554121758,1289.57018483668,                 161P   9095
6963.52414026936,-170.580245074953,1282.99328577845,                 161P   9096
6903.46182463589,-164.003346017339,1276.99795124927,                 161P   9097
6858.35834438102,-158.008011488727,1271.58197928893,                 161P   9098
6822.24246943906,-152.592039528897,1267.21428971393,                 161P   9099
6795.13923901322,-148.224349954318,1262.54486965749,                 161P   9100
6768.01989689711,-143.554929898316,1257.57737284042,                 161P   9101
6740.88463819078,-138.587433081724,1252.31518374875,                 161P   9102
6713.73364361767,-133.325243990546,1246.76134156251,                 161P   9103
6686.56707546283,-127.771401804835,1240.918540066,                   161P   9104
6659.38507756787,-121.92860030888,1234.78908614844,                  161P   9105
6632.18777311525,-115.799146391906,1228.37488958385,                 161P   9106
6604.97526408232,-109.384949827916,1221.67745203332,                 161P   9107
6577.74763065425,-102.68751227803,1214.69785573873,                  161P   9108
6550.50493062011,-95.707915984081,1209.85712516793,                  161P   9109
6532.33310965921,-90.8671854137799,1207.38987890621,                 161P   9110
6523.2446958461,-88.3999391522692,1118.98993974555,                  161P   9111
8023.24469584609,-6.78403997126706D-13,1122.39130898918,             161P   9112
8014.47496869548,-3.59774545767109,1129.104311355,                   161P   9113
7996.93058243567,-10.6983193851736,1138.90440283157,                 161P   9114
7970.59919597437,-21.0642138439185,1148.43444933357,                 161P   9115
7944.25296765668,-31.1444724275218,1157.69340922808,                 161P   9116
7917.89184023378,-40.937993364923,1166.67983579157,                  161P   9117
7891.51573419271,-50.4432464068299,1175.39188593656,                 161P   9118
7865.12454823618,-59.6582820560494,1183.82733297274,                 161P   9119
7838.71815998369,-68.5807450655687,1191.98356978857,                 161P   9120
7812.2964261467,-77.2078778036155,1199.85765579721,                  161P   9121
7785.85918510844,-85.5365699102184,1207.4462978122,                  161P   9122
7759.40625587325,-93.5633380685179,1214.74594505858,                 161P   9123
7732.93744328798,-101.284426501518,1224.08828441817,                 161P   9124
7697.62422972838,-111.166140772341,1235.02386511686,                 161P   9125
7653.44191307262,-122.733081309458,1246.9234996136,                  161P   9126
7600.35591274341,-135.319734769372,1257.56264286785,                 161P   9127
7547.2006349538,-146.573123206482,1265.34646713164,                  161P   9128
7502.84509560991,-154.80634235519,1270.90582079522,                  161P   9129
7467.32396657044,-160.686662296413,1274.73721532728,                 161P   9130
7440.66453644516,-164.739260320041,1278.22637008718,                 161P   9131
7413.98629658807,-168.429859543303,1281.71882517309,                 161P   9132
7384.32268187598,-172.123949635122,1285.0624040356,                  161P   9133
7351.6653285818,-175.660568215278,1288.08241331906,                  161P   9134
7316.00463543919,-178.854936101696,1290.47043455096,                 161P   9135
7280.30920780122,-181.380828448153,1292.22448036129,                 161P   9136
7244.57893644064,-183.236143144875,1293.34534737315,                 161P   9137
7208.81386514042,-184.421722807569,1293.8363516766,                  161P   9138
7173.01417615512,-184.941074978974,1293.70291438117,                 161P   9139
7137.18016743262,-184.799933753453,1292.95222723054,                 161P   9140
7101.31223423605,-184.005906086096,1291.59281110692,                 161P   9141
7065.41084487896,-182.568004807665,1288.98148128306,                 161P   9142
7017.49842451645,-179.805911268455,1284.71894568433,                 161P   9143
6963.52414026936,-175.29728048181,1278.32909120558,                  161P   9144
6903.46182463589,-168.538511209925,1272.50426177554,                 161P   9145
6858.35834438102,-162.377388402402,1267.2423180569,                  161P   9146
6822.24246943905,-156.811649208472,1262.99884395985,                 161P   9147
6795.13923901322,-152.323180429005,1258.46222048476,                 161P   9148
6768.01989689711,-147.524637450687,1253.63599744203,                 161P   9149
6740.88463819077,-142.419775030258,1248.52346306408,                 161P   9150
6713.73364361766,-137.012071244517,1243.12757009785,                 161P   9151
6686.56707546281,-131.304649315602,1237.45093571737,                 161P   9152
6659.38507756787,-125.300277518705,1231.49580120481,                 161P   9153
6632.18777311524,-119.001326535182,1225.26402202089,                 161P   9154
6604.97526408231,-112.409758949802,1218.75705712005,                 161P   9155
6577.74763065422,-105.527117948918,1211.97595796557,                 161P   9156
6550.50493062011,-98.3545157015195,1207.2728959839,                  161P   9157
6532.33310965922,-93.3799249794094,1204.87581729436,                 161P   9158
6523.24469584609,-90.8444522479214,1118.98993974555,                 161P   9159
8023.2446958461,-6.78272268555045D-13,1122.28906769037,              161P   9160
8014.47496869547,-3.69172587405245,1128.80028482456,                 161P   9161
7996.93058243568,-10.9777812098303,1138.30579667475,                 161P   9162
7970.59919597438,-21.6144538792031,1147.54938079581,                 161P   9163
7944.25296765667,-31.9580292843913,1156.5300268651,                  161P   9164
7917.89184023378,-42.0073768738627,1165.24633164598,                 161P   9165
7891.51573419271,-51.7609264250934,1173.69650745206,                 161P   9166
7865.1245482362,-61.216677516073,1181.87839452484,                   161P   9167
7838.71815998369,-70.372213375949,1189.78946411956,                  161P   9168
7812.29642614672,-79.224704338013,1197.42686404014,                  161P   9169
7785.85918510844,-87.7709587933704,1204.7874000895,                  161P   9170
7759.40625587325,-96.007402433859,1211.86762822498,                  161P   9171
7732.93744328799,-103.930181373954,1220.92914746728,                 161P   9172
7697.62422972838,-114.070026085787,1231.53601702239,                 161P   9173
7653.44191307262,-125.939118595741,1243.07796201264,                 161P   9174
7600.35591274341,-138.854561000505,1253.39730469642,                 161P   9175
7547.20063495379,-150.401910792954,1260.94715603774,                 161P   9176
7502.84509560992,-158.850198342903,1266.33940184022,                 161P   9177
7467.32396657045,-164.884124180646,1270.05562900142,                 161P   9178
7440.66453644516,-169.042584293217,1273.43990372954,                 161P   9179
7413.98629658807,-172.829589461742,1276.82737957961,                 161P   9180
7384.32268187598,-176.620176687397,1280.07045425658,                 161P   9181
7351.66532858179,-180.249178925766,1282.99968548877,                 161P   9182
7316.00463543919,-183.526990187362,1285.31592551294,                 161P   9183
7280.30920780122,-186.118863970583,1287.0172466971,                  161P   9184
7244.57893644065,-188.022643254296,1288.1044217188,                  161P   9185
7208.81386514042,-189.239192665029,1288.58066699019,                 161P   9186
7173.01417615511,-189.772111369668,1288.45124066841,                 161P   9187
7137.18016743261,-189.627283248757,1287.72311832147,                 161P   9188
7101.31223423605,-188.812513966501,1286.40456470356,                 161P   9189
7065.41084487895,-187.337051787102,1283.87172849026,                 161P   9190
7017.49842451645,-184.502806756375,1279.73731987351,                 161P   9191
6963.52414026936,-179.876401379065,1273.5395371677,                  161P   9192
6903.46182463589,-172.941079330508,1267.88979549895,                 161P   9193
6858.35834438102,-166.619015485444,1262.78601983603,                 161P   9194
6822.24246943906,-160.907887882855,1258.67009975386,                 161P   9195
6795.13923901323,-156.30217118529,1254.26984203123,                  161P   9196
6768.01989689711,-151.378280521212,1249.58868977523,                 161P   9197
6740.88463819078,-146.140068729231,1244.62983237781,                 161P   9198
6713.73364361767,-140.591104740574,1239.39613382962,                 161P   9199
6686.56707546283,-134.734593362283,1233.89013263547,                 161P   9200
6659.38507756786,-128.573375182518,1228.11400270708,                 161P   9201
6632.18777311524,-122.109882809649,1222.06954373216,                 161P   9202
6604.97526408232,-115.346130095136,1215.75817081062,                 161P   9203
6577.74763065424,-108.283700536506,1209.18090379997,                 161P   9204
6550.50493062012,-100.923735354837,1204.61921052333,                 161P   9205
6532.33310965921,-95.8191982224631,1202.29418529845,                 161P   9206
6523.2446958461,-93.2174937950856,1118.98993974555,                  161P   9207
8023.2446958461,-6.78052836012147D-13,1122.18423080987,              161P   9208
8014.47496869549,-3.78280183378,1128.48854002654,                    161P   9209
7996.93058243567,-11.2486062909859,1137.69199380968,                 161P   9210
7970.59919597437,-22.1476887937974,1146.64184318016,                 161P   9211
7944.25296765668,-32.7464432369891,1155.33710992055,                 161P   9212
7917.89184023378,-43.0437111779782,1163.77643538506,                 161P   9213
7891.51573419272,-53.0378836563964,1171.95808869487,                 161P   9214
7865.12454823618,-62.7269108992334,1179.87997872246,                 161P   9215
7838.71815998369,-72.1083165131921,1187.53965707936,                 161P   9216
7812.29642614671,-81.1792010228559,1194.93436220413,                 161P   9217
7785.85918510845,-89.9362940814044,1202.06100140221,                 161P   9218
7759.40625587325,-98.3759332014429,1208.91624007278,                 161P   9219
7732.93744328798,-106.494169420964,1217.68981006729,                 161P   9220
7697.62422972839,-116.884167074857,1227.95962354738,                 161P   9221
7653.44191307262,-129.046073577073,1239.13479843109,                 161P   9222
7600.3559127434,-142.280143732791,1249.12622182409,                  161P   9223
7547.20063495381,-154.112370030324,1256.43616041387,                 161P   9224
7502.84509560991,-162.769079311183,1261.65705601767,                 161P   9225
7467.32396657045,-168.951863868501,1265.25519207438,                 161P   9226
7440.66453644516,-173.212914411317,1268.53192419995,                 161P   9227
7413.98629658807,-177.093346107707,1271.81175572497,                 161P   9228
7384.32268187598,-180.977448231624,1274.95177473447,                 161P   9229
7351.6653285818,-184.695979019246,1277.78792334915,                  161P   9230
7316.00463543919,-188.054654845722,1280.03055986877,                 161P   9231
7280.30920780123,-190.710470915122,1281.67781791606,                 161P   9232
7244.57893644064,-192.661216991952,1282.73044561502,                 161P   9233
7208.81386514042,-193.907779033344,1283.19155716943,                 161P   9234
7173.01417615512,-194.453844998678,1283.06624364717,                 161P   9235
7137.18016743262,-194.30544392556,1282.36125895259,                  161P   9236
7101.31223423604,-193.470574046221,1281.08460520955,                 161P   9237
7065.41084487897,-191.958711782245,1278.63225531017,                 161P   9238
7017.49842451644,-189.054545095606,1274.62922641236,                 161P   9239
6963.52414026936,-184.314004941168,1268.6283915715,                  161P   9240
6903.4618246359,-177.207586464223,1263.15818258599,                  161P   9241
6858.35834438102,-170.729555450462,1258.21659036313,                 161P   9242
6822.24246943905,-164.877532655403,1254.23146248697,                 161P   9243
6795.13923901322,-160.158191576506,1249.97103240994,                 161P   9244
6768.01989689712,-155.112827086051,1245.43863382701,                 161P   9245
6740.88463819077,-149.745387073309,1240.63735478033,                 161P   9246
6713.73364361766,-144.059528516086,1235.5699682511,                  161P   9247
6686.56707546281,-138.058535284953,1230.23893207768,                 161P   9248
6659.38507756788,-131.745318046213,1224.64635109108,                 161P   9249
6632.18777311525,-125.122369421397,1218.79396779007,                 161P   9250
6604.9752640823,-118.191752944274,1212.6831523067,                   161P   9251
6577.74763065423,-110.955091177714,1206.31489209033,                 161P   9252
6550.50493062011,-103.413553497064,1201.89815642096,                 161P   9253
6532.33310965922,-98.183085936965,1199.64701386925,                  161P   9254
6523.2446958461,-95.5171966985455,1118.98993974555,                  161P   9255
8023.24469584609,-6.77745872219563D-13,1122.07688083071,             161P   9256
8014.47496869548,-3.87090168543319,1128.16932223403,                 161P   9257
7996.93058243567,-11.5105815646174,1137.06347716119,                 161P   9258
7970.59919597437,-22.6634990801587,1145.71255051471,                 161P   9259
7944.25296765667,-33.5090940228388,1154.11559695188,                 161P   9260
7917.89184023379,-44.0461809704444,1162.27130348672,                 161P   9261
7891.5157341927,-54.2731134905997,1170.17799740973,                  161P   9262
7865.1245482362,-64.1877940719501,1177.83365786955,                  161P   9263
7838.7181599837,-73.7876886470483,1185.23591876029,                  161P   9264
7812.29642614671,-83.0698302129242,1192.3821113278,                  161P   9265
7785.85918510844,-92.0308722577647,1199.26924681317,                 161P   9266
7759.40625587325,-100.667066996397,1205.89410268091,                 161P   9267
7732.93744328798,-108.974373497161,1214.37282084851,                 161P   9268
7697.62422972838,-119.606349793388,1224.29749850945,                 161P   9269
7653.44191307262,-132.051501944121,1235.09711125223,                 161P   9270
7600.35591274341,-145.593787985494,1244.7527546329,                  161P   9271
7547.20063495378,-157.701581819287,1251.81702939947,                 161P   9272
7502.84509560992,-166.559902190798,1256.86246728105,                 161P   9273
7467.32396657045,-172.886681180342,1260.33968141081,                 161P   9274
7440.66453644516,-177.246969784572,1263.50629297497,                 161P   9275
7413.98629658807,-181.217775090738,1266.67589977757,                 161P   9276
7384.32268187598,-185.192336307136,1269.71039271934,                 161P   9277
7351.66532858179,-188.997470100978,1272.45122738529,                 161P   9278
7316.00463543919,-192.43436806413,1274.61849601302,                  161P   9279
7280.30920780122,-195.152036964314,1276.21039494822,                 161P   9280
7244.57893644065,-197.148215090598,1277.22764717285,                 161P   9281
7208.81386514042,-198.42380903367,1277.67326223219,                  161P   9282
7173.01417615512,-198.982592643927,1277.55216009947,                 161P   9283
7137.18016743261,-198.830735372706,1276.87086770179,                 161P   9284
7101.31223423605,-197.976421727672,1275.63711823702,                 161P   9285
7065.41084487895,-196.429348832262,1273.2671840303,                  161P   9286
7017.49842451646,-193.457545334203,1269.39868422207,                 161P   9287
6963.52414026937,-188.606600008494,1263.59951838449,                 161P   9288
6903.46182463589,-181.334676056746,1258.31314575225,                 161P   9289
6858.35834438102,-174.705774445906,1253.53762475191,                 161P   9290
6822.24246943906,-168.717460519894,1249.68642436885,                 161P   9291
6795.13923901322,-163.88820798721,1245.56917381766,                  161P   9292
6768.01989689711,-158.725339095875,1241.18909475841,                 161P   9293
6740.88463819078,-153.232893679824,1236.54917145396,                 161P   9294
6713.73364361767,-147.414613886331,1231.65208369443,                 161P   9295
6686.56707546282,-141.273860065919,1226.50020671802,                 161P   9296
6659.38507756787,-134.813610673076,1221.09557461907,                 161P   9297
6632.18777311525,-128.036416381431,1215.43987133649,                 161P   9298
6604.97526408233,-120.94438878358,1209.53442095654,                  161P   9299
6577.74763065423,-113.539188231197,1203.38017774355,                 161P   9300
6550.50493062013,-105.822011333881,1199.11187453462,                 161P   9301
6532.33310965921,-100.469728400856,1196.93638573554,                 161P   9302
6523.24469584609,-97.7417517318094,1118.98993974555,                 161P   9303
8023.24469584611,-6.77351618636357D-13,1121.96710220866,             161P   9304
8014.47496869548,-3.95595611547055,1127.84288258615,                 161P   9305
7996.93058243568,-11.7635009188041,1136.42074120405,                 161P   9306
7970.59919597438,-23.1614789188625,1144.76223390456,                 161P   9307
7944.25296765668,-34.2453816180421,1152.86644896355,                 161P   9308
7917.89184023378,-45.013997547118,1160.73212008775,                  161P   9309
7891.51573419272,-55.465644097036,1168.35763405304,                  161P   9310
7865.12454823619,-65.5981776683085,1175.7410418741,                  161P   9311
7838.71815998369,-75.4090085130082,1182.88006158912,                 161P   9312
7812.29642614672,-84.8951044348929,1189.77211935092,                 161P   9313
7785.85918510846,-94.053045390018,1196.4143326876,                   161P   9314
7759.40625587325,-102.87900124399,1202.80359366436,                  161P   9315
7732.93744328799,-111.368842274691,1210.9807893955,                  161P   9316
7697.62422972839,-122.234432534162,1220.55252302291,                 161P   9317
7653.44191307263,-134.953039143043,1230.96807705746,                 161P   9318
7600.35591274341,-148.792886712523,1240.28034387341,                 161P   9319
7547.20063495381,-161.166722307966,1247.09339701694,                 161P   9320
7502.84509560991,-170.219684510122,1251.95940769113,                 161P   9321
7467.32396657045,-176.685480355342,1255.31296420477,                 161P   9322
7440.66453644516,-181.141576575517,1258.36696388405,                 161P   9323
7413.98629658807,-185.199631470942,1261.42385228432,                 161P   9324
7384.32268187598,-189.261524804345,1264.35043177891,                 161P   9325
7351.6653285818,-193.150267925513,1266.99379615159,                  161P   9326
7316.00463543919,-196.662684055001,1269.08399179444,                 161P   9327
7280.30920780123,-199.44006766719,1270.6192791952,                   161P   9328
7244.57893644065,-201.480107355089,1271.60035562496,                 161P   9329
7208.81386514042,-202.783729629701,1272.03012360272,                 161P   9330
7173.01417615512,-203.354791263361,1271.91332813635,                 161P   9331
7137.18016743262,-203.199597267339,1271.25626404059,                 161P   9332
7101.31223423605,-202.326511985603,1270.06638950328,                 161P   9333
7065.41084487897,-200.745445614241,1267.7807355288,                  161P   9334
7017.49842451644,-197.708343363269,1264.04980834234,                 161P   9335
6963.52414026936,-192.750809334626,1258.4568739867,                  161P   9336
6903.4618246359,-185.319101074916,1253.3584967477,                   161P   9337
6858.35834438102,-178.544544137716,1248.75280409864,                 161P   9338
6822.24246943906,-172.424650370814,1245.03856113058,                 161P   9339
6795.13923901322,-167.489285785936,1241.06772934141,                 161P   9340
6768.01989689712,-162.212974367096,1236.84341582168,                 161P   9341
6740.88463819077,-156.599844714569,1232.36849870708,                 161P   9342
6713.73364361767,-150.653721200967,1227.64556248834,                 161P   9343
6686.56707546282,-144.378038013019,1222.67689793479,                 161P   9344
6659.38507756788,-137.775839050109,1217.46446680376,                 161P   9345
6632.18777311524,-130.849731031229,1212.00989314949,                 161P   9346
6604.97526408231,-123.601871946512,1206.31445397072,                 161P   9347
6577.74763065424,-116.033958630155,1200.37906959598,                 161P   9348
6550.50493062011,-108.147213984586,1196.26255692399,                 161P   9349
6532.33310965921,-102.677326572998,1194.1644334377,                  161P   9350
6523.2446958461,-99.8894087017212,1118.98993974555,                  161P   9351
8023.24469584609,-6.76870385463445D-13,1121.85498131256,             161P   9352
8014.47496869548,-4.03789820819809,1127.50947791082,                 161P   9353
7996.93058243567,-12.0071653718317,1135.7642916137,                  161P   9354
7970.59919597437,-23.6412365293769,1143.79164101568,                 161P   9355
7944.25296765667,-34.9547267558795,1151.59064872845,                 161P   9356
7917.89184023378,-45.9463994882266,1159.16009614776,                 161P   9357
7891.51573419271,-56.6145372644733,1166.49843080402,                 161P   9358
7865.12454823618,-66.956952083469,1173.60377711132,                  161P   9359
7838.7181599837,-76.971000554284,1180.47393904728,                   161P   9360
7812.29642614671,-86.6535876729762,1187.10643969661,                 161P   9361
7785.85918510844,-96.0012225541776,1193.49850514226,                 161P   9362
7759.40625587324,-105.009995727625,1199.64714449523,                 161P   9363
7732.93744328798,-113.675691929784,1207.51638440457,                 161P   9364
7697.62422972839,-124.766347680021,1216.72764346437,                 161P   9365
7653.44191307262,-137.748402419183,1226.75094438335,                 161P   9366
7600.35591274341,-151.874923055746,1235.71250823527,                 161P   9367
7547.20063495379,-164.505065332594,1242.26897960569,                 161P   9368
7502.84509560991,-173.745546972927,1246.95173475251,                 161P   9369
7467.32396657044,-180.345272727184,1250.17899524902,                 161P   9370
7440.66453644516,-184.893670742174,1253.11798031792,                 161P   9371
7413.98629658807,-189.035782563618,1256.05974531765,                 161P   9372
7384.32268187597,-193.18181233091,1258.876108887,                    161P   9373
7351.66532858178,-197.151105321722,1261.41992330704,                 161P   9374
7316.00463543919,-200.73627623407,1263.43140150957,                  161P   9375
7280.30920780122,-203.57118945954,1264.90886949293,                  161P   9376
7244.57893644065,-205.653485713589,1265.85299826874,                 161P   9377
7208.81386514042,-206.98411069859,1266.26658104619,                  161P   9378
7173.01417615512,-207.567001074525,1266.15418413466,                 161P   9379
7137.18016743262,-207.408592452143,1265.52186528412,                 161P   9380
7101.31223423604,-206.517422431084,1264.37680180467,                 161P   9381
7065.41084487896,-204.903606483281,1262.17722629415,                 161P   9382
7017.49842451645,-201.803594911019,1258.58680702576,                 161P   9383
6963.52414026937,-196.743372505356,1253.20450437718,                 161P   9384
6903.46182463589,-189.157726813185,1248.29813366513,                 161P   9385
6858.35834438102,-182.242844413183,1243.86589288286,                 161P   9386
6822.24246943906,-175.996185614544,1240.29152949984,                 161P   9387
6795.13923901322,-170.958591861635,1236.47024051325,                 161P   9388
6768.0198968971,-165.572989038412,1232.40501599962,                  161P   9389
6740.88463819077,-159.843591263325,1228.09862570313,                 161P   9390
6713.73364361767,-153.774302125511,1223.55355678173,                 161P   9391
6686.56707546282,-147.368626946071,1218.77201373367,                 161P   9392
6659.38507756787,-140.6296726745,1213.75588443586,                   161P   9393
6632.18777311525,-133.560100024326,1208.50673178011,                 161P   9394
6604.97526408231,-126.162111685428,1203.02578467303,                 161P   9395
6577.74763065423,-118.437439639546,1197.31392878323,                 161P   9396
6550.50493062012,-110.387332119821,1193.35244530273,                 161P   9397
6532.33310965921,-104.804143648161,1191.33333782189,                 161P   9398
6523.24469584609,-101.958477961171,1118.98993974555,                 161P   9399
8023.24469584611,-6.76302551297629D-13,1121.74060635278,             161P   9400
8014.47496869547,-4.11666349556344,1127.16937051197,                 161P   9401
7996.93058243567,-12.2413832203753,1135.09464484756,                 161P   9402
7970.59919597438,-24.102394461773,1142.80153545567,                  161P   9403
7944.25296765668,-35.6365713581358,1150.28919997408,                 161P   9404
7917.89184023378,-46.8426532253236,1157.55646844629,                 161P   9405
7891.51573419271,-57.7188890997088,1164.60185037865,                 161P   9406
7865.12454823619,-68.2630482998834,1171.42354506029,                 161P   9407
7838.71815998369,-78.4724358715942,1178.01944413592,                 161P   9408
7812.29642614671,-88.3438964381852,1184.38716957093,                 161P   9409
7785.85918510845,-97.8738710193116,1190.52405818541,                 161P   9410
7759.40625587325,-107.058373884601,1196.42723848928,                 161P   9411
7732.93744328799,-115.893107545458,1203.98233147367,                 161P   9412
7697.62422972838,-127.200103243409,1212.82586903283,                 161P   9413
7653.44191307262,-140.435392516829,1222.44903103143,                 161P   9414
7600.35591274341,-154.837472219034,1231.05284143332,                 161P   9415
7547.2006349538,-167.713984447433,1237.34757274457,                  161P   9416
7502.84509560991,-177.134715602305,1241.84338821913,                 161P   9417
7467.32396657046,-183.863178949432,1244.94181366007,                 161P   9418
7440.66453644516,-188.500300319552,1247.76347188007,                 161P   9419
7413.98629658807,-192.723210271878,1250.58779905362,                 161P   9420
7384.32268187598,-196.950114595489,1253.29173093135,                 161P   9421
7351.66532858181,-200.996834625553,1255.73399405967,                 161P   9422
7316.00463543918,-204.651939697358,1257.66517229687,                 161P   9423
7280.30920780122,-207.542152175893,1259.08365846889,                 161P   9424
7244.57893644064,-209.665066755211,1259.99009679999,                 161P   9425
7208.81386514042,-211.021647585041,1260.38716899203,                 161P   9426
7173.01417615512,-211.615908115842,1260.2792590633,                  161P   9427
7137.18016743261,-211.454409494648,1259.67218293311,                 161P   9428
7101.31223423605,-210.545855859844,1258.5728313871,                  161P   9429
7065.41084487896,-208.900560000875,1256.4610648506,                  161P   9430
7017.49842451645,-205.740078032944,1253.0139782529,                  161P   9431
6963.52414026935,-200.581148366381,1247.84654182337,                 161P   9432
6903.46182463589,-192.847533227733,1243.1360377121,                  161P   9433
6858.35834438102,-185.797765629726,1238.88073585004,                 161P   9434
6822.24246943906,-179.42925634106,1235.44906417273,                  161P   9435
6795.13923901322,-174.293396733213,1231.78032437747,                 161P   9436
6768.01989689711,-168.802739613884,1227.87738717428,                 161P   9437
6740.88463819078,-162.961581304252,1223.74291173676,                 161P   9438
6713.73364361767,-156.77390153884,1219.37928593334,                  161P   9439
6686.56707546281,-150.243274015317,1214.78862625678,                 161P   9440
6659.38507756787,-143.37286628891,1209.97274521828,                  161P   9441
6632.18777311524,-136.165390974372,1204.93314331768,                 161P   9442
6604.97526408231,-128.623093728364,1199.67100040252,                 161P   9443
6577.74763065423,-120.747740317543,1194.18716678478,                 161P   9444
6550.50493062011,-112.540603323713,1190.38382918214,                 161P   9445
6532.33310965921,-106.848506350225,1188.44532623409,                 161P   9446
6523.2446958461,-103.947331667212,1118.98993974555,                  161P   9447
8023.24469584609,-6.75648562887202D-13,1121.62406731374,             161P   9448
8014.47496869549,-4.1921900093717,1126.82282796881,                  161P   9449
7996.93058243567,-12.4659701947099,1134.41232774969,                 161P   9450
7970.59919597438,-24.5445899023492,1141.79269618926,                 161P   9451
7944.25296765667,-36.290378986972,1148.96312661418,                  161P   9452
7917.89184023379,-47.7020536352527,1155.92249863612,                 161P   9453
7891.51573419272,-58.7778307594466,1162.66938491003,                 161P   9454
7865.12454823619,-69.5154387528693,1169.20206101676,                 161P   9455
7838.7181599837,-79.9121332181937,1175.51850792692,                  161P   9456
7812.29642614672,-89.9647008885336,1181.61644835739,                 161P   9457
7785.85918510844,-99.6695174885825,1187.49333196073,                 161P   9458
7759.40625587324,-109.022524163626,1193.14640890489,                 161P   9459
7732.93744328797,-118.019344581038,1200.38141101605,                 161P   9460
7697.62422972838,-129.533784479282,1208.85026944608,                 161P   9461
7653.44191307262,-143.011895459925,1218.06572152849,                 161P   9462
7600.35591274341,-157.678203431619,1226.30500945655,                 161P   9463
7547.2006349538,-170.790955051373,1232.33304834637,                  161P   9464
7502.84509560992,-180.384523986751,1236.6383870784,                  161P   9465
7467.32396657045,-187.236431326916,1239.60553978622,                 161P   9466
7440.66453644516,-191.958627809823,1242.30765122558,                 161P   9467
7413.98629658808,-196.25901353037,1245.01231854146,                  161P   9468
7384.32268187598,-200.563466905077,1247.6016914167,                  161P   9469
7351.66532858179,-204.684430228662,1249.94048180961,                 161P   9470
7316.0046354392,-208.406593816174,1251.78984073239,                  161P   9471
7280.30920780123,-211.349831681141,1253.14822910305,                 161P   9472
7244.57893644065,-213.511694388589,1254.01626385162,                 161P   9473
7208.81386514042,-214.89316377705,1254.3965130628,                   161P   9474
7173.01417615511,-215.498326929898,1254.2931750147,                  161P   9475
7137.18016743262,-215.333865368484,1253.71181922034,                 161P   9476
7101.31223423605,-214.408642921978,1252.65904451951,                 161P   9477
7065.41084487896,-212.733161583787,1250.63674838346,                 161P   9478
7017.49842451644,-209.514695720585,1247.33570644218,                 161P   9479
6963.52414026937,-204.261117566694,1242.38720169788,                 161P   9480
6903.4618246359,-196.385617381774,1237.87627016335,                  161P   9481
6858.35834438102,-189.206510970817,1233.80125506833,                 161P   9482
6822.24246943906,-182.721161599096,1230.51497495486,                 161P   9483
6795.13923901322,-177.491076759577,1227.00167072169,                 161P   9484
6768.01989689712,-171.899685103362,1223.26409145389,                 161P   9485
6740.88463819078,-165.951361774242,1219.30478366234,                 161P   9486
6713.73364361766,-159.650159521081,1215.12603404732,                 161P   9487
6686.56707546283,-152.999717606519,1210.72986943092,                 161P   9488
6659.38507756787,-146.003261699451,1206.1180255327,                  161P   9489
6632.18777311525,-138.663554181708,1201.29193927995,                 161P   9490
6604.97526408232,-130.982881909977,1196.25274053296,                 161P   9491
6577.74763065423,-122.963043046612,1191.00124357805,                 161P   9492
6550.50493062012,-114.605333520887,1187.35904411851,                 161P   9493
6532.33310965921,-108.808806287037,1185.50267081501,                 161P   9494
6523.2446958461,-105.854405099114,1118.98993974555,                  161P   9495
8023.2446958461,-6.74908934752408D-13,1121.50545588207,              161P   9496
8014.47496869548,-4.26441832925419,1126.47012292239,                 161P   9497
7996.93058243568,-12.6807496013824,1133.71787713046,                 161P   9498
7970.59919597437,-24.9674749545274,1140.76591691695,                 161P   9499
7944.25296765668,-36.9156352602499,1147.61347193195,                 161P   9500
7917.89184023378,-48.5239245860738,1154.25947223684,                 161P   9501
7891.51573419271,-59.7905291229772,1160.70255475808,                 161P   9502
7865.12454823619,-70.7131381261799,1166.94107272495,                 161P   9503
7838.71815998368,-81.2889599144274,1172.9730980224,                  161P   9504
7812.2964261467,-91.5147258586312,1178.79645591048,                  161P   9505
7785.85918510845,-101.386749239915,1184.40871088067,                 161P   9506
7759.40625587325,-110.900901272511,1189.80723692238,                 161P   9507
7732.93744328799,-120.052730222834,1196.71645604229,                 161P   9508
7697.62422972839,-131.765555367543,1204.80397249214,                 161P   9509
7653.44191307262,-145.475884188778,1213.60446442678,                 161P   9510
7600.35591274341,-160.39488175262,1221.47274764391,                  161P   9511
7547.20063495379,-173.733556342568,1227.22935156925,                 161P   9512
7502.84509560991,-183.492415344552,1231.34082634536,                 161P   9513
7467.32396657045,-190.462375958559,1234.17437192083,                 161P   9514
7440.66453644515,-195.265932379197,1236.75481070083,                 161P   9515
7413.98629658806,-199.640410551362,1239.33769026945,                 161P   9516
7384.32268187597,-204.019026460345,1241.81046696023,                 161P   9517
7351.66532858179,-208.210990920925,1244.04394458081,                 161P   9518
7316.00463543918,-211.997284622208,1245.81002921113,                 161P   9519
7280.30920780122,-214.99123228934,1247.10725107211,                  161P   9520
7244.57893644064,-217.190342285393,1247.93619931421,                 161P   9521
7208.81386514042,-218.595613365256,1248.2993263845,                  161P   9522
7173.01417615513,-219.211203029708,1248.20064151796,                 161P   9523
7137.18016743262,-219.043907917755,1247.64546343947,                 161P   9524
7101.31223423604,-218.102744575755,1246.64009385145,                 161P   9525
7065.41084487896,-216.398395938663,1244.70885915177,                 161P   9526
7017.49842451645,-213.12447829933,1241.55645895258,                  161P   9527
6963.52414026935,-207.780384896231,1236.83077911601,                 161P   9528
6903.46182463589,-199.769195693083,1232.52296912118,                 161P   9529
6858.35834438102,-192.466398611339,1228.63144680014,                 161P   9530
6822.24246943906,-185.869311487293,1225.49314372232,                 161P   9531
6795.13923901322,-180.54911617092,1222.1380391337,                   161P   9532
6768.0198968971,-174.861388989782,1218.56875833149,                  161P   9533
6740.88463819077,-168.810580468144,1214.78773316042,                 161P   9534
6713.73364361767,-162.400813180725,1210.79714735356,                 161P   9535
6686.56707546281,-155.635789091955,1206.59893646775,                 161P   9536
6659.38507756788,-148.518789446608,1202.19475806531,                 161P   9537
6632.18777311524,-141.052624220306,1197.58598437048,                 161P   9538
6604.97526408231,-133.239619670573,1192.7736943674,                  161P   9539
6577.74763065423,-125.081604940767,1187.75866567612,                 161P   9540
6550.50493062011,-116.579898288061,1184.28046985008,                 161P   9541
6532.33310965922,-110.683501195659,1182.50768668774,                 161P   9542
6523.2446958461,-107.678197869812,1118.98993974555,                  161P   9543
8023.24469584609,-6.74084248795387D-13,1121.38486537507,             161P   9544
8014.47496869548,-4.33329162982869,1126.1115328626,                  161P   9545
7996.93058243567,-12.8855524634313,1133.01183934737,                 161P   9546
7970.59919597438,-25.3707169149448,1139.72200545501,                 161P   9547
7944.25296765667,-37.5118482597426,1146.24129776519,                 161P   9548
7917.89184023379,-49.3076194736371,1152.56869763072,                 161P   9549
7891.51573419271,-60.7561874533392,1158.702907322,                   161P   9550
7865.12454823619,-71.8552041339437,1164.64235901231,                 161P   9551
7838.71815998369,-82.6018327466172,1170.38521701788,                 161P   9552
7812.29642614672,-92.9927518716546,1175.92941085291,                 161P   9553
7785.85918510845,-103.024215247123,1181.27262176393,                 161P   9554
7759.40625587324,-112.692027404514,1186.4123496278,                  161P   9555
7732.93744328798,-121.991664711671,1192.99034994749,                 161P   9556
7697.62422972838,-133.893660070107,1200.69016158601,                 161P   9557
7653.44191307262,-147.825420168711,1209.0687696103,                  161P   9558
7600.35591274341,-162.985369844692,1216.55985776647,                 161P   9559
7547.20063495379,-176.539473239549,1222.04049773521,                 161P   9560
7502.84509560992,-186.455944552853,1225.954873864,                   161P   9561
7467.32396657045,-193.538474843495,1228.652583023,                   161P   9562
7440.66453644516,-198.419612017155,1231.10931899058,                 161P   9563
7413.98629658807,-202.864741032352,1233.56837873861,                 161P   9564
7384.32268187599,-207.314074611676,1235.92261379473,                 161P   9565
7351.6653285818,-211.573742192822,1238.04902146066,                  161P   9566
7316.00463543919,-215.421187151796,1239.73044233635,                 161P   9567
7280.30920780122,-218.463489141054,1240.96547710194,                 161P   9568
7244.57893644065,-220.698116282019,1241.75468666483,                 161P   9569
7208.81386514043,-222.126083460151,1242.10040590502,                 161P   9570
7173.01417615511,-222.751615322749,1242.0064518601,                  161P   9571
7137.1801674326,-222.581618279218,1241.4778882823,                   161P   9572
7101.31223423605,-221.625254499379,1240.5207147788,                  161P   9573
7065.41084487895,-219.893379454954,1238.68206090904,                 161P   9574
7017.49842451644,-216.566585785124,1235.68078259405,                 161P   9575
6963.52414026937,-211.136181583497,1231.1816455807,                  161P   9576
6903.46182463589,-202.995606143039,1227.08034628315,                 161P   9577
6858.35834438102,-195.574863845884,1223.37537838045,                 161P   9578
6822.24246943906,-188.871229209532,1220.38752138955,                 161P   9579
6795.13923901322,-183.465109065235,1217.19325606469,                 161P   9580
6768.01989689712,-177.685521162778,1213.79508184985,                 161P   9581
6740.88463819078,-171.536987905466,1210.19531401033,                 161P   9582
6713.73364361766,-165.023698450446,1206.39603159393,                 161P   9583
6686.56707546282,-158.149414551432,1202.39907736949,                 161P   9584
6659.38507756786,-150.917470447565,1198.20602943794,                 161P   9585
6632.18777311524,-143.330721497511,1193.81819424097,                 161P   9586
6604.97526408232,-135.391531529465,1189.23659903763,                 161P   9587
6577.74763065423,-127.101759228709,1184.46198416986,                 161P   9588
6550.50493062011,-118.46274414318,1181.15052843824,                  161P   9589
6532.33310965921,-112.471116166308,1179.46273014928,                 161P   9590
6523.24469584609,-109.417275116603,1118.98993974555,                 161P   9591
8023.24469584611,-6.73175153834615D-13,1121.26239066694,             161P   9592
8014.47496869548,-4.39875572519106,1125.74733990911,                 161P   9593
7996.93058243568,-13.0802176526969,1132.29476987349,                 161P   9594
7970.59919597438,-25.753998533957,1138.66178309764,                  161P   9595
7944.25296765669,-38.0785489163039,1144.84768366777,                 161P   9596
7917.89184023378,-50.052521727872,1150.85150502957,                  161P   9597
7891.51573419271,-61.6740460211592,1156.67201581835,                 161P   9598
7865.12454823619,-72.9407382584719,1162.30772838489,                 161P   9599
7838.71815998369,-83.8497188152149,1167.75690092089,                 161P   9600
7812.29642614671,-94.3976160941855,1173.01756882368,                 161P   9601
7785.85918510845,-104.580627237756,1178.0875319191,                  161P   9602
7759.40625587325,-114.394493395451,1182.96441793844,                 161P   9603
7732.93744328799,-123.834622595496,1189.20602423432,                 161P   9604
7697.62422972839,-135.91642430571,1196.51207325598,                  161P   9605
7653.44191307262,-150.058654907933,1204.46220552316,                 161P   9606
7600.35591274341,-165.447629647552,1211.57020502548,                 161P   9607
7547.2006349538,-179.206498193934,1216.77056915923,                  161P   9608
7502.84509560991,-189.272780062163,1220.48476701611,                 161P   9609
7467.32396657045,-196.46230786831,1223.04451734341,                  161P   9610
7440.66453644516,-201.417185573813,1225.37561766833,                 161P   9611
7413.98629658807,-205.929468239078,1227.70892293731,                 161P   9612
7384.32268187597,-210.446018987847,1229.94276417083,                 161P   9613
7351.6653285818,-214.770038407863,1231.96042893677,                  161P   9614
7316.00463543919,-218.675607657842,1233.55586320457,                 161P   9615
7280.30920780123,-221.763870446547,1234.7277392146,                  161P   9616
7244.57893644065,-224.032256645695,1235.47658918983,                 161P   9617
7208.81386514042,-225.481796472869,1235.80462860627,                 161P   9618
7173.01417615513,-226.116778398143,1235.71547930103,                 161P   9619
7137.18016743263,-225.944213167745,1235.21394606987,                 161P   9620
7101.31223423604,-224.973401366622,1234.30572170451,                 161P   9621
7065.41084487897,-223.21536246277,1232.56109522051,                  161P   9622
7017.49842451645,-219.838310108166,1229.71330003715,                 161P   9623
6963.52414026936,-214.32586746351,1225.44424553065,                  161P   9624
6903.4618246359,-206.062310360963,1221.55268361626,                  161P   9625
6858.35834438102,-198.52946109689,1218.03718500519,                  161P   9626
6822.24246943906,-191.724553014253,1215.20212478942,                 161P   9627
6795.13923901322,-186.236761292112,1212.17121180776,                 161P   9628
6768.01989689712,-180.369859743142,1208.94681768445,                 161P   9629
6740.88463819078,-174.128439091702,1205.53113928389,                 161P   9630
6713.73364361767,-167.516751781557,1201.92614933292,                 161P   9631
6686.56707546282,-160.538616396154,1198.13359636252,                 161P   9632
6659.38507756788,-153.197417545798,1194.15497777078,                 161P   9633
6632.18777311525,-145.496053725762,1189.99153318888,                 161P   9634
6604.97526408231,-137.436924475163,1185.64423734263,                 161P   9635
6577.74763065424,-129.021916558901,1181.11379271345,                 161P   9636
6550.50493062011,-120.25238976179,1177.97168235491,                  161P   9637
6532.33310965922,-114.170244797195,1176.37019680997,                 161P   9638
6523.24469584611,-111.070268624638,1118.98993974555,                 161P   9639
8023.24469584608,-6.72182365098519D-13,1121.13812811434,             161P   9640
8014.47496869548,-4.46075911165851,1125.37783058973,                 161P   9641
7996.93058243567,-13.2645920169186,1131.56723286134,                 161P   9642
7970.59919597437,-26.1170182658867,1137.58608397195,                 161P   9643
7944.25296765666,-38.615291379873,1143.43372606191,                  161P   9644
7917.89184023378,-50.758045299138,1149.10924543014,                  161P   9645
7891.51573419271,-62.5433827039311,1154.61147804567,                 161P   9646
7865.12454823618,-73.9688864590095,1159.93901760718,                 161P   9647
7838.71815998369,-85.031636349556,1165.09021755222,                  161P   9648
7812.29642614672,-95.7282132534625,1170.06322070687,                 161P   9649
7785.85918510844,-106.054760709296,1174.85594720724,                 161P   9650
7759.40625587324,-116.00695983525,1179.46615450547,                  161P   9651
7732.93744328798,-125.580153932657,1185.36645621108,                 161P   9652
7697.62422972838,-137.832256670585,1192.27299460203,                 161P   9653
7653.44191307262,-152.173831415634,1199.78839636756,                 161P   9654
7600.35591274341,-167.779723985596,1206.5077150171,                  161P   9655
7547.20063495379,-181.73253293175,1211.42371194379,                  161P   9656
7502.84509560992,-191.940705735497,1214.93480939387,                 161P   9657
7467.32396657045,-199.231574716043,1217.35458701298,                 161P   9658
7440.66453644515,-204.256294717064,1219.55821770852,                 161P   9659
7413.98629658807,-208.832181006496,1221.76393277699,                 161P   9660
7384.32268187598,-213.412395540906,1223.8756227195,                  161P   9661
7351.66532858178,-217.797364889479,1225.78295719327,                 161P   9662
7316.00463543918,-221.757985734661,1227.29114964971,                 161P   9663
7280.30920780122,-224.88977964061,1228.39894493396,                  161P   9664
7244.57893644064,-227.190140251376,1229.10684616589,                 161P   9665
7208.81386514042,-228.660112306143,1229.41694767448,                 161P   9666
7173.01417615511,-229.304044723823,1229.33267324689,                 161P   9667
7137.1801674326,-229.129047071771,1228.85856494224,                  161P   9668
7101.31223423605,-228.144551032867,1228.00000425802,                 161P   9669
7065.41084487895,-226.361731401829,1226.35077773985,                 161P   9670
7017.49842451645,-222.937077249048,1223.6587061831,                  161P   9671
6963.52414026936,-217.346933060356,1219.62309285025,                 161P   9672
6903.46182463589,-208.966895626411,1215.9443299946,                  161P   9673
6858.35834438101,-201.327865843729,1212.62106648394,                 161P   9674
6822.24246943905,-194.427038057413,1209.94103351909,                 161P   9675
6795.13923901322,-188.86189226238,1207.07585744301,                  161P   9676
6768.0198968971,-182.912292835456,1204.02778019441,                  161P   9677
6740.88463819077,-176.582895210314,1200.79887850832,                 161P   9678
6713.73364361766,-169.87801177174,1197.39101723862,                  161P   9679
6686.56707546282,-162.801514928653,1193.80584930284,                 161P   9680
6659.38507756786,-155.356836999694,1190.04479021804,                 161P   9681
6632.18777311525,-147.546917336347,1186.10901182972,                 161P   9682
6604.97526408232,-139.374189300835,1181.99943556354,                 161P   9683
6577.74763065423,-130.840566253259,1177.71672548772,                 161P   9684
6550.50493062012,-121.947427145506,1174.74643254887,                 161P   9685
6532.33310965921,-115.77955030391,1173.23251971228,                  161P   9686
6523.24469584608,-112.635877906175,1118.98993974555,                 161P   9687
8023.24469584612,-6.71106663660642D-13,1121.01217548048,             161P   9688
8014.47496869548,-4.51925300823167,1125.00329561491,                 161P   9689
7996.93058243567,-13.4385305000559,1130.8298006986,                  161P   9690
7970.59919597438,-26.4594905059257,1136.49575438123,                 161P   9691
7944.25296765669,-39.1216533697445,1142.00053737473,                 161P   9692
7917.89184023378,-51.423635118643,1147.34328955023,                  161P   9693
7891.51573419272,-63.3635135533325,1152.52291512623,                 161P   9694
7865.12454823619,-74.9388398426968,1157.53809025567,                 161P   9695
7838.71815998369,-86.1466554791654,1162.38726491744,                 161P   9696
7812.29642614671,-96.9834965057117,1167.06869082745,                 161P   9697
7785.85918510846,-107.445455891155,1171.58041006847,                 161P   9698
7759.40625587325,-117.528158120232,1175.92031157775,                 161P   9699
7732.93744328799,-127.226885431021,1181.47466664703,                 161P   9700
7697.62422972839,-139.639649888717,1187.97626070728,                 161P   9701
7653.44191307262,-154.169285582327,1195.05101924961,                 161P   9702
7600.35591274341,-169.979818089812,1201.37637064099,                 161P   9703
7547.2006349538,-184.115590101886,1206.00413271361,                  161P   9704
7502.84509560991,-194.457622589431,1209.3093674107,                  161P   9705
7467.32396657045,-201.844096673369,1211.58726856826,                 161P   9706
7440.66453644517,-206.934705785345,1213.66169593406,                 161P   9707
7413.98629658807,-211.57059563306,1215.73808546178,                  161P   9708
7384.32268187598,-216.210870481993,1217.72596274709,                 161P   9709
7351.66532858181,-220.653339896617,1219.52146633854,                 161P   9710
7316.00463543919,-224.665896329504,1220.94123041738,                 161P   9711
7280.30920780123,-227.838757422505,1221.98407342097,                 161P   9712
7244.57893644066,-230.169282642539,1222.65046897027,                 161P   9713
7208.81386514042,-231.658530428452,1222.94238859949,                 161P   9714
7173.01417615513,-232.310906726487,1222.86305535224,                 161P   9715
7137.18016743263,-232.133614331703,1222.4167449775,                  161P   9716
7101.31223423604,-231.13620860455,1221.60852344466,                  161P   9717
7065.41084487897,-229.330010874742,1220.05599441672,                 161P   9718
7017.49842451644,-225.860449260966,1217.52176446643,                 161P   9719
6963.52414026936,-220.197001558721,1213.72276731487,                 161P   9720
6903.4618246359,-211.707076764647,1210.25969777446,                  161P   9721
6858.35834438102,-203.967876448916,1207.1312839326,                  161P   9722
6822.24246943906,-196.976558166095,1204.60838672719,                 161P   9723
6795.13923901323,-191.338436661232,1201.91120172606,                 161P   9724
6768.01989689713,-185.310820187251,1199.04183941849,                 161P   9725
6740.88463819078,-178.898425224483,1196.00225477636,                 161P   9726
6713.73364361767,-172.105620705982,1192.79420331337,                 161P   9727
6686.56707546282,-164.936329819532,1189.41924103315,                 161P   9728
6659.38507756787,-157.394029891738,1185.87870045815,                 161P   9729
6632.18777311524,-149.481698817778,1182.17368472617,                 161P   9730
6604.97526408231,-141.20180186853,1178.30506123782,                  161P   9731
6577.74763065424,-132.556277493974,1174.27345512567,                 161P   9732
6550.50493062011,-123.546522728178,1171.47731647628,                 161P   9733
6532.33310965921,-117.297766569627,1170.05216741477,                 161P   9734
6523.24469584611,-114.11287122228,1118.98993974555,                  161P   9735
8023.24469584608,-6.69948895826237D-13,1120.88463185825,             161P   9736
8014.47496869549,-4.57419139500207,1124.62402964898,                 161P   9737
7996.93058243568,-13.6018962564969,1130.08305355802,                 161P   9738
7970.59919597438,-26.7811458150033,1135.39165213926,                 161P   9739
7944.25296765667,-39.5972365070484,1140.54924516355,                 161P   9740
7917.89184023379,-52.04876753547,1145.55502675082,                   161P   9741
7891.51573419271,-64.1337933337264,1150.40797023117,                 161P   9742
7865.12454823619,-75.8498353014382,1155.10683525341,                 161P   9743
7838.71815998369,-87.193898965881,1159.65016955715,                  161P   9744
7812.29642614672,-98.1624782603674,1164.03633512365,                 161P   9745
7785.85918510844,-108.751618657816,1168.26349752269,                 161P   9746
7759.40625587324,-118.956891451927,1172.3296788375,                  161P   9747
7732.93744328797,-128.773521529214,1177.53371739696,                 161P   9748
7697.62422972838,-141.337181998581,1183.62525201539,                 161P   9749
7653.44191307263,-156.04344749006,1190.2538012878,                   161P   9750
7600.35591274341,-172.046181042356,1196.18020896832,                 161P   9751
7547.20063495379,-186.353794840823,1200.51609530789,                 161P   9752
7502.84509560991,-196.821550446715,1203.6128668677,                  161P   9753
7467.32396657045,-204.297818345992,1205.7470994313,                  161P   9754
7440.66453644515,-209.450311546285,1207.69069141737,                 161P   9755
7413.98629658807,-214.14255767877,1209.63612181063,                  161P   9756
7384.32268187598,-218.839242118825,1211.49862248175,                 161P   9757
7351.66532858178,-223.335716498975,1213.18088258343,                 161P   9758
7316.00463543919,-227.397051651898,1214.51110128919,                 161P   9759
7280.30920780122,-230.608483692258,1215.48817155828,                 161P   9760
7244.57893644064,-232.967339987293,1216.11253714009,                 161P   9761
7208.81386514042,-234.474691842773,1216.38604522299,                 161P   9762
7173.01417615511,-235.134998765919,1216.31171557128,                 161P   9763
7137.18016743261,-234.9555511127,1215.8935542599,                    161P   9764
7101.31223423605,-233.946020403499,1215.13630774452,                 161P   9765
7065.41084487895,-232.117865595986,1213.68169765471,                 161P   9766
7017.49842451645,-228.606126189219,1211.30730310929,                 161P   9767
6963.52414026936,-222.873830675232,1207.74791098951,                 161P   9768
6903.46182463589,-214.28069794588,1204.50325932472,                  161P   9769
6858.35834438102,-206.447415891536,1201.57215642259,                 161P   9770
6822.24246943905,-199.371107512529,1199.20837985902,                 161P   9771
6795.13923901322,-193.664446074335,1196.68130793567,                 161P   9772
6768.0198968971,-187.563554763882,1193.992918032,                    161P   9773
6740.88463819077,-181.073207397488,1191.14504181863,                 161P   9774
6713.73364361767,-174.197826019224,1188.13932408796,                 161P   9775
6686.56707546282,-166.941381509184,1184.97722270555,                 161P   9776
6659.38507756787,-159.30739346616,1181.65998615083,                  161P   9777
6632.18777311524,-151.298875986171,1178.18864798607,                 161P   9778
6604.97526408232,-142.918324309209,1174.56402090438,                 161P   9779
6577.74763065423,-134.167700450056,1170.78669061085,                 161P   9780
6550.50493062011,-125.048418425855,1168.16690610526,                 161P   9781
6532.33310965921,-118.723699141973,1166.83164205092,                 161P   9782
6523.24469584609,-115.500086552617,1118.98993974555,                 161P   9783
8023.24469584611,-6.68709972465898D-13,1120.75559759224,             161P   9784
8014.47496869548,-4.62553104934547,1124.24033107841,                 161P   9785
7996.93058243567,-13.7545607586833,1129.32757894083,                 161P   9786
7970.59919597437,-27.0817311316923,1134.27464589544,                 161P   9787
7944.25296765667,-40.0416666280634,1139.08099122845,                 161P   9788
7917.89184023378,-52.6329507284144,1143.74586394267,                 161P   9789
7891.51573419271,-64.8536160296203,1148.26830728754,                 161P   9790
7865.12454823619,-76.7011561120709,1152.6471653835,                  161P   9791
7838.7181599837,-88.1725428937793,1156.88108487352,                  161P   9792
7812.29642614671,-99.2642309567862,1160.96853929287,                 161P   9793
7785.85918510846,-109.972221389324,1164.9078191416,                  161P   9794
7759.40625587325,-120.292035778327,1168.69708120505,                 161P   9795
7732.93744328799,-130.218845415556,1173.54670899175,                 161P   9796
7697.62422972839,-142.923517471471,1179.22339167034,                 161P   9797
7653.44191307261,-157.794842647125,1185.40051668002,                 161P   9798
7600.35591274341,-173.977187137875,1190.92331806483,                 161P   9799
7547.20063495379,-188.445386247157,1194.96391742475,                 161P   9800
7502.84509560991,-199.030629493628,1197.84978947084,                 161P   9801
7467.32396657045,-206.590809275156,1199.8386743389,                  161P   9802
7440.66453644517,-211.801132853993,1201.64990182962,                 161P   9803
7413.98629658807,-216.546043659583,1203.46284252643,                 161P   9804
7384.32268187598,-221.295442587269,1205.19850126612,                 161P   9805
7351.66532858181,-225.842384344167,1206.76619436454,                 161P   9806
7316.00463543919,-229.949302972922,1208.00582115135,                 161P   9807
7280.30920780122,-233.196779375374,1208.9163499786,                  161P   9808
7244.57893644065,-235.582110921739,1209.49819437503,                 161P   9809
7208.81386514042,-237.106380941888,1209.75307572986,                 161P   9810
7173.01417615512,-237.774098995496,1209.68380815237,                 161P   9811
7137.18016743262,-237.59263726379,1209.29412489159,                  161P   9812
7101.31223423604,-236.571775818031,1208.58844915525,                 161P   9813
7065.41084487897,-234.723102228553,1207.23290241405,                 161P   9814
7017.49842451645,-231.171947880057,1205.02021132184,                 161P   9815
6963.52414026936,-225.375314421969,1201.70322457576,                 161P   9816
6903.4618246359,-216.68573438074,1198.6795435073,                    161P   9817
6858.35834438102,-208.764533400773,1195.94805758201,                 161P   9818
6822.24246943906,-201.608802191624,1193.74526135495,                 161P   9819
6795.13923901323,-195.838090520199,1191.39029067622,                 161P   9820
6768.01989689711,-189.668724232637,1188.88498825977,                 161P   9821
6740.88463819078,-183.105530725453,1186.2310610339,                  161P   9822
6713.73364361766,-176.152981674707,1183.43004177567,                 161P   9823
6686.56707546281,-168.815092528722,1180.48328906557,                 161P   9824
6659.38507756787,-161.095422389444,1177.39196635784,                 161P   9825
6632.18777311524,-152.997019182401,1174.15703682599,                 161P   9826
6604.97526408231,-144.522406153574,1170.77925781629,                 161P   9827
6577.74763065423,-135.673567338941,1167.25917514555,                 161P   9828
6550.50493062011,-126.451932626242,1164.81780589198,                 161P   9829
6532.33310965922,-120.056226172429,1163.57347736009,                 161P   9830
6523.2446958461,-116.796432509353,1118.98993974555,                  161P   9831
8023.24469584609,-6.67390868299143D-13,1120.62517419981,             161P   9832
8014.47496869548,-4.673231579929,1123.85250177698,                   161P   9833
7996.93058243568,-13.8964038982349,1128.56397121459,                 161P   9834
7970.59919597438,-27.3610099713154,1133.14561445134,                 161P   9835
7944.25296765668,-40.4545940786049,1137.59693071418,                 161P   9836
7917.89184023378,-53.1757250929444,1141.91722447965,                 161P   9837
7891.51573419272,-65.5224153224738,1146.10560966922,                 161P   9838
7865.12454823619,-77.4921325002699,1150.16101578442,                 161P   9839
7838.71815998369,-89.0818173174215,1154.08218943627,                 161P   9840
7812.29642614671,-100.287887794043,1157.86771691502,                 161P   9841
7785.85918510844,-111.106303779813,1161.51601499592,                 161P   9842
7759.40625587325,-121.53254067828,1165.02537661655,                  161P   9843
7732.93744328798,-131.561719985423,1169.51677819926,                 161P   9844
7697.62422972838,-144.397408262284,1174.7741428236,                  161P   9845
7653.44191307262,-159.422093148163,1180.49498373455,                 161P   9846
7600.35591274341,-175.771317162595,1185.60983377493,                 161P   9847
7547.2006349538,-190.388718767058,1189.35196722483,                  161P   9848
7502.84509560992,-201.083121743261,1192.02466930536,                 161P   9849
7467.32396657045,-208.721265456506,1193.86664172821,                 161P   9850
7440.66453644515,-213.985320206224,1195.54407974536,                 161P   9851
7413.98629658807,-218.779162639464,1197.22310441965,                 161P   9852
7384.32268187598,-223.577539478311,1198.8305557032,                  161P   9853
7351.66532858178,-228.171371318102,1200.28244842016,                 161P   9854
7316.00463543919,-232.320642315824,1201.43050801505,                 161P   9855
7280.30920780122,-235.601608137283,1202.27377904443,                 161P   9856
7244.57893644065,-238.011538281988,1202.812644491,                   161P   9857
7208.81386514043,-239.551527251579,1203.0486985906,                  161P   9858
7173.01417615511,-240.22613111032,1202.98454758336,                  161P   9859
7137.18016743261,-240.04279806464,1202.62364895544,                  161P   9860
7101.31223423605,-239.011409042243,1201.97009918657,                 161P   9861
7065.41084487896,-237.143671109632,1200.71468226663,                 161P   9862
7017.49842451644,-233.55589568027,1198.66543545621,                  161P   9863
6963.52414026936,-227.699484763422,1195.59346371398,                 161P   9864
6903.46182463589,-218.920293913381,1192.79313211457,                 161P   9865
6858.35834438102,-210.917405990754,1190.26341215511,                 161P   9866
6822.24246943905,-203.687881703199,1188.22332930841,                 161P   9867
6795.13923901322,-197.857659889991,1186.04231264097,                 161P   9868
6768.01989689712,-191.624672357183,1183.72206875148,                 161P   9869
6740.88463819077,-184.993796283549,1181.26417848301,                 161P   9870
6713.73364361767,-177.969549459058,1178.67006139137,                 161P   9871
6686.56707546283,-170.555988741118,1175.94097570314,                 161P   9872
6659.38507756787,-162.756709934718,1173.07799893196,                 161P   9873
6632.18777311524,-154.574792396945,1170.08202310489,                 161P   9874
6604.97526408232,-146.012785394615,1166.95374962548,                 161P   9875
6577.74763065423,-137.072693423965,1163.69368399282,                 161P   9876
6550.50493062011,-127.755961118373,1161.43265073177,                 161P   9877
6532.33310965921,-121.294299298992,1160.28023669438,                 161P   9878
6523.24469584609,-118.000889195845,1118.98993974555,                 161P   9879
8023.2446958461,-6.65992621127594D-13,1120.49346429119,              161P   9880
8014.47496869548,-4.71725545849702,1123.46084686833,                 161P   9881
7996.93058243567,-14.0273140804686,1127.79283114558,                 161P   9882
7970.59919597437,-27.6187626120469,1132.00544606931,                 161P   9883
7944.25296765668,-40.8356939891863,1136.09823120123,                 161P   9884
7917.89184023379,-53.6766636028856,1140.07054703878,                 161P   9885
7891.51573419271,-66.1396650363611,1143.9215788726,                  161P   9886
7865.12454823619,-78.2221421676327,1147.65034242749,                 161P   9887
7838.71815998369,-89.921006867763,1151.25568526864,                  161P   9888
7812.29642614672,-101.232643413057,1154.73630755353,                 161P   9889
7785.85918510845,-112.152973593214,1158.09075357816,                 161P   9890
7759.40625587325,-122.677430188115,1161.31745377544,                 161P   9891
7732.93744328798,-132.8010887361,1165.44709555636,                   161P   9892
7697.62422972839,-145.757694791671,1170.2810059094,                  161P   9893
7653.44191307263,-160.923918758509,1175.54106186584,                 161P   9894
7600.35591274341,-177.427159589867,1180.24393646768,                 161P   9895
7547.20063495379,-192.182263489244,1183.68465989442,                 161P   9896
7502.84509560991,-202.977412403225,1186.14208926841,                 161P   9897
7467.32396657045,-210.687510759755,1187.83570007935,                 161P   9898
7440.66453644517,-216.001155199842,1189.37802890321,                 161P   9899
7413.98629658807,-220.840157718465,1190.92181658696,                 161P   9900
7384.32268187597,-225.683737358768,1192.39979575652,                 161P   9901
7351.6653285818,-230.320845096966,1193.73474581941,                  161P   9902
7316.00463543919,-234.509204036173,1194.7903349897,                  161P   9903
7280.30920780123,-237.821077985861,1195.56568478006,                 161P   9904
7244.57893644065,-240.253710723029,1196.06114732588,                 161P   9905
7208.81386514041,-241.808207060001,1196.27818845531,                 161P   9906
7173.01417615512,-242.489165981156,1196.21920448897,                 161P   9907
7137.18016743262,-242.30410585827,1195.88737442989,                  161P   9908
7101.31223423605,-241.263000701695,1195.28646480697,                 161P   9909
7065.41084487897,-239.377667863602,1194.13216540408,                 161P   9910
7017.49842451645,-235.756094025766,1192.24797511472,                 161P   9911
6963.52414026936,-229.844513165242,1189.4234352416,                  161P   9912
6903.46182463589,-220.982618510502,1186.84865626438,                 161P   9913
6858.35834438102,-212.904339895143,1184.52269252094,                 161P   9914
6822.24246943906,-205.606710337414,1182.64692808411,                 161P   9915
6795.13923901323,-199.721565293302,1180.64158133681,                 161P   9916
6768.01989689711,-193.429860300945,1178.50822141974,                 161P   9917
6740.88463819077,-186.736518484265,1176.24830184704,                 161P   9918
6713.73364361767,-179.646100192782,1173.86312783644,                 161P   9919
6686.56707546281,-172.162700501272,1171.35385627068,                 161P   9920
6659.38507756788,-164.28994908877,1168.72147787513,                  161P   9921
6632.18777311525,-156.030954321253,1165.96681282852,                 161P   9922
6604.97526408231,-147.388289480739,1163.09050603991,                 161P   9923
6577.74763065423,-138.363977946694,1160.09302229295,                 161P   9924
6550.50493062012,-128.959477961574,1158.01410388609,                 161P   9925
6532.33310965922,-122.436944471183,1156.95451100176,                 161P   9926
6523.2446958461,-119.11250900925,1118.98993974555,                   161P   9927
8023.2446958461,-6.64516331018191D-13,1120.36057148879,              161P   9928
8014.47496869548,-4.75756804937485,1123.06567448585,                 161P   9929
7996.93058243568,-14.1471883121305,1127.01476542611,                 161P   9930
7970.59919597438,-27.8547862676505,1130.85503777369,                 161P   9931
7944.25296765667,-41.1846665304191,1134.5860717873,                  161P   9932
7917.89184023378,-54.1353721461364,1138.20728448843,                 161P   9933
7891.51573419271,-66.7048795516371,1141.71793317786,                 161P   9934
7865.12454823619,-78.8906107809041,1145.11712057803,                 161P   9935
7838.71815998369,-90.689451314555,1148.40379611498,                  161P   9936
7812.29642614671,-102.097754529742,1151.57677483603,                 161P   9937
7785.85918510845,-113.111407364709,1154.63472970328,                 161P   9938
7759.40625587325,-123.725803568913,1157.57622987974,                 161P   9939
7732.93744328798,-133.935976597368,1161.34086287464,                 161P   9940
7697.62422972838,-147.003306857654,1165.74751589077,                 161P   9941
7653.44191307261,-162.299137920678,1170.54264855823,                 161P   9942
7600.35591274341,-178.943411689861,1174.82984774794,                 161P   9943
7547.2006349538,-193.824609346951,1177.96645417188,                  161P   9944
7502.84509560992,-204.71201114515,1180.20667746358,                  161P   9945
7467.32396657045,-212.487998246397,1181.75059421897,                 161P   9946
7440.66453644515,-217.847051881783,1183.15660042662,                 161P   9947
7413.98629658807,-222.727407413933,1184.56393654913,                 161P   9948
7384.32268187599,-227.612379182805,1185.91128080868,                 161P   9949
7351.6653285818,-232.289114587714,1187.12823794926,                  161P   9950
7316.00463543918,-236.513266288593,1188.09052621306,                 161P   9951
7280.30920780122,-239.853442758834,1188.7973447601,                  161P   9952
7244.57893644065,-242.306864221385,1189.24901460138,                 161P   9953
7208.81386514043,-243.874644930046,1189.44687200414,                 161P   9954
7173.01417615511,-244.561423171063,1189.39310148417,                 161P   9955
7137.18016743261,-244.374781566512,1189.09060106031,                 161P   9956
7101.31223423604,-243.324779362361,1188.54280434733,                 161P   9957
7065.41084487895,-241.423334899185,1187.49053060334,                 161P   9958
7017.49842451645,-237.770811916079,1185.77287921655,                 161P   9959
6963.52414026936,-231.808712031778,1183.19799341146,                 161P   9960
6903.46182463589,-222.871085643454,1180.85079275669,                 161P   9961
6858.35834438102,-214.723771898735,1178.73041517479,                 161P   9962
6822.24246943906,-207.363778460708,1177.02044490034,                 161P   9963
6795.13923901322,-201.428340307287,1175.19234577416,                 161P   9964
6768.01989689711,-195.082867836888,1173.24754824454,                 161P   9965
6740.88463819078,-188.332326245331,1171.18737735308,                 161P   9966
6713.73364361767,-181.181314853846,1169.01302295256,                 161P   9967
6686.56707546282,-173.633963732782,1166.72553967175,                 161P   9968
6659.38507756786,-165.693933579587,1164.32583066824,                 161P   9969
6632.18777311524,-157.364359323625,1161.81464362721,                 161P   9970
6604.97526408232,-148.647836237596,1159.1925664558,                  161P   9971
6577.74763065423,-139.546404992307,1156.46002285659,                 161P   9972
6550.50493062011,-130.06153629202,1154.56485488723,                  161P   9973
6532.33310965921,-123.483262715811,1153.59891678771,                 161P   9974
6523.24469584609,-120.130417385501,1118.98993974555,                 161P   9975
8023.2446958461,-6.62963159438404D-13,1120.22660034566,              161P   9976
8014.47496869548,-4.7941376367626,1122.66729553036,                  161P   9977
7996.93058243567,-14.2559322825588,1126.23038619723,                 161P   9978
7970.59919597437,-28.0688952472829,1129.69529464502,                 161P   9979
7944.25296765668,-41.5012371492924,1133.06164215963,                 161P   9980
7917.89184023378,-54.5514898352421,1136.32890274526,                 161P   9981
7891.51573419271,-67.217614187619,1139.49640629716,                  161P   9982
7865.12454823618,-79.4970124245776,1142.56334324132,                 161P   9983
7838.71815998369,-91.3865460866275,1145.52876569117,                 161P   9984
7812.29642614672,-102.882540520741,1148.39160451617,                 161P   9985
7785.85918510845,-113.980851049644,1151.15066238849,                 161P   9986
7759.40625587325,-124.676836016328,1153.80464832702,                 161P   9987
7732.93744328798,-134.965490699891,1157.2013107213,                  161P   9988
7697.62422972839,-148.133264478993,1161.17723947845,                 161P   9989
7653.44191307262,-163.546668685462,1165.50367629957,                 161P   9990
7600.35591274341,-180.318880556171,1169.37182713504,                 161P   9991
7547.2006349538,-195.31446422992,1172.20184883976,                   161P   9992
7502.84509560991,-206.285553279117,1174.22310355967,                 161P   9993
7467.32396657044,-214.12131138876,1175.6161115873,                   161P   9994
7440.66453644516,-219.521557998834,1176.88468900722,                 161P   9995
7413.98629658807,-224.43942693831,1178.15446635071,                  161P   9996
7384.32268187597,-229.361947597736,1179.37011568087,                 161P   9997
7351.6653285818,-234.074631260726,1180.46812246146,                  161P   9998
7316.0046354392,-238.331252383621,1181.33635274116,                  161P   9999
7280.30920780123,-241.697103499827,1181.97408395734,                 161P  10000
7244.57893644065,-244.169383465219,1182.38160574409,                 161P  10001
7208.81386514041,-245.749215098434,1182.56012375641,                 161P  10002
7173.01417615512,-246.441272338436,1182.51160898662,                 161P  10003
7137.18016743263,-246.253196091984,1182.23867618935,                 161P  10004
7101.31223423605,-245.195122926586,1181.74442336385,                 161P  10005
7065.41084487897,-243.279062794493,1180.79500315224,                 161P  10006
7017.49842451644,-239.598464278462,1179.24524202547,                 161P  10007
6963.52414026936,-233.590536035958,1176.92203607272,                 161P  10008
6903.46182463589,-224.584209566869,1174.80426039399,                 161P  10009
6858.35834438102,-216.374270569314,1172.89113717485,                 161P  10010
6822.24246943906,-208.957703705452,1171.34830637715,                 161P  10011
6795.13923901323,-202.976642132252,1169.69889312403,                 161P  10012
6768.01989689712,-196.582394466709,1167.94418804592,                 161P  10013
6740.88463819077,-189.779964070182,1166.08538666946,                 161P  10014
6713.73364361767,-182.573985617106,1164.12356254634,                 161P  10015
6686.56707546281,-174.968620924086,1162.05966722162,                 161P  10016
6659.38507756788,-166.967558826937,1159.89451557457,                 161P  10017
6632.18777311525,-158.573958352012,1157.62878220858,                 161P  10018
6604.97526408231,-149.790434720872,1155.26299756632,                 161P  10019
6577.74763065424,-140.619044290171,1152.797543936,                   161P  10020
6550.50493062011,-131.061269068905,1151.08761742227,                 161P  10021
6532.33310965922,-124.4324308454,1150.21609405671,                   161P  10022
6523.2446958461,-121.053813488493,1118.98993974555,                  161P  10023
8023.24469584609,-6.61334328341077D-13,1120.09165626323,             161P  10024
8014.47496869549,-4.82693544960118,1122.26602342536,                 161P  10025
7996.93058243568,-14.3534604376239,1125.44031056714,                 161P  10026
7970.59919597438,-28.2609211010766,1128.52712910798,                 161P  10027
7944.25296765667,-41.7851567844215,1131.526141659,                   161P  10028
7917.89184023378,-54.9246892903346,1134.43687962092,                 161P  10029
7891.51573419271,-67.6774655512244,1137.25874601062,                 161P  10030
7865.12454823619,-80.0408700132141,1139.99101959461,                 161P  10031
7838.7181599837,-92.0117427458813,1142.63285591947,                  161P  10032
7812.29642614671,-103.58638395704,1145.18330251788,                  161P  10033
7785.85918510845,-114.760620614714,1147.64129271413,                 161P  10034
7759.40625587325,-125.529779307235,1150.00567639861,                 161P  10035
7732.93744328798,-135.888821075242,1153.03169587753,                 161P  10036
7697.62422972838,-149.146678663492,1156.57377232474,                 161P  10037
7653.44191307261,-164.665529560206,1160.42810948733,                 161P  10038
7600.35591274341,-181.552484041056,1163.8741687116,                  161P  10039
7547.20063495379,-196.650655997412,1166.39537918535,                 161P  10040
7502.84509560991,-207.696800823588,1168.19607511692,                 161P  10041
7467.32396657045,-215.586165180568,1169.43707847156,                 161P  10042
7440.66453644516,-221.02335613622,1170.56722905398,                  161P  10043
7413.98629658807,-225.974869363212,1171.69844862463,                 161P  10044
7384.32268187598,-230.931066133653,1172.78144661665,                 161P  10045
7351.66532858179,-235.675990363865,1173.75963918348,                 161P  10046
7316.00463543918,-239.96173202386,1174.53312840129,                  161P  10047
7280.30920780122,-243.350609711957,1175.10127055334,                 161P  10048
7244.57893644065,-245.839803120753,1175.4643236689,                  161P  10049
7208.81386514042,-247.430442750349,1175.62336184225,                 161P  10050
7173.01417615512,-248.127234515212,1175.58014099149,                 161P  10051
7137.18016743261,-247.937871595328,1175.33699054994,                 161P  10052
7101.31223423604,-246.872559904822,1174.89667046397,                 161P  10053
7065.41084487895,-244.943391558831,1174.05085073844,                 161P  10054
7017.49842451645,-241.237613210594,1172.670199142,                   161P  10055
6963.52414026937,-235.188583330848,1170.60050081742,                 161P  10056
6903.46182463589,-226.120642483473,1168.71381626892,                 161P  10057
6858.35834438102,-217.854537379926,1167.00945255692,                 161P  10058
6822.24246943905,-210.387232053729,1165.63497505384,                 161P  10059
6795.13923901322,-204.365252644432,1164.1655453451,                  161P  10060
6768.0198968971,-197.92726044044,1162.60231322787,                   161P  10061
6740.88463819078,-191.078293032276,1160.94634377325,                 161P  10062
6713.73364361766,-183.823016801261,1159.19859338722,                 161P  10063
6686.56707546282,-176.16562203596,1157.35990978253,                  161P  10064
6659.38507756786,-168.10982280837,1155.43101891901,                  161P  10065
6632.18777311524,-159.658799756482,1153.41252178751,                 161P  10066
6604.97526408232,-150.815185993197,1151.30489094895,                 161P  10067
6577.74763065423,-141.581051943182,1149.1084669763,                  161P  10068
6550.50493062012,-131.957889754206,1147.5851271982,                  161P  10069
6532.33310965921,-125.283702103574,1146.80870423518,                 161P  10070
6523.24469584609,-121.881970837947,1118.98993974555,                 161P  10071
8023.24469584611,-6.59631119205719D-13,1119.95584540836,             161P  10072
8014.47496869548,-4.85593568437343,1121.8621738706,                  161P  10073
7996.93058243567,-14.4396960475329,1124.64516012564,                 161P  10074
7970.59919597437,-28.4307127536423,1127.35146021361,                 161P  10075
7944.25296765668,-42.0362020634401,1129.9807783362,                  161P  10076
7917.89184023378,-55.2546768985907,1132.53270365935,                 161P  10077
7891.51573419271,-68.0840718566697,1135.00671279128,                 161P  10078
7865.12454823619,-80.5217556695498,1137.40217340643,                 161P  10079
7838.71815998368,-92.5645494219409,1139.71834514886,                 161P  10080
7812.29642614672,-104.208731093301,1141.95439296389,                 161P  10081
7785.85918510845,-115.450102580073,1144.10938166707,                 161P  10082
7759.40625587325,-126.283962392724,1146.1823029252,                  161P  10083
7732.93744328799,-136.705241297818,1148.83529877629,                 161P  10084
7697.62422972839,-150.042752112563,1151.94073619474,                 161P  10085
7653.44191307263,-165.654840286654,1155.31994130968,                 161P  10086
7600.35591274341,-182.643251613086,1158.34119774518,                 161P  10087
7547.2006349538,-197.832133407171,1160.55161343259,                  161P  10088
7502.84509560991,-208.944643486547,1162.13033388328,                 161P  10089
7467.32396657045,-216.881407155357,1163.21835620898,                 161P  10090
7440.66453644516,-222.351264761695,1164.20919081106,                 161P  10091
7413.98629658807,-227.332526686914,1165.200962625,                   161P  10092
7384.32268187598,-232.318500294322,1166.15045723322,                 161P  10093
7351.66532858181,-237.091932035787,1167.00806599595,                 161P  10094
7316.0046354392,-241.403422437527,1167.68620561139,                  161P  10095
7280.30920780123,-244.812660507402,1168.18431171505,                 161P  10096
7244.57893644065,-247.316808993598,1168.5026105284,                  161P  10097
7208.81386514042,-248.917005188259,1168.6420437399,                  161P  10098
7173.01417615512,-249.617983278998,1168.60415081208,                 161P  10099
7137.18016743262,-249.427482666432,1168.39097402418,                 161P  10100
7101.31223423605,-248.355770581836,1168.00493309834,                 161P  10101
7065.41084487897,-246.415011789787,1167.26337930524,                 161P  10102
7017.49842451645,-242.686969120175,1166.05292346294,                 161P  10103
6963.52414026936,-236.601596660649,1164.23836109598,                 161P  10104
6903.4618246359,-227.479175612284,1162.58425202153,                  161P  10105
6858.35834438102,-219.163407737984,1161.08998872013,                 161P  10106
6822.24246943906,-211.651238831193,1159.88494587803,                 161P  10107
6795.13923901323,-205.593079361381,1158.59665578342,                 161P  10108
6768.01989689713,-199.116407691436,1157.22612649563,                 161P  10109
6740.88463819077,-192.226291677731,1155.77429179221,                 161P  10110
6713.73364361768,-184.927425737214,1154.24199018109,                 161P  10111
6686.56707546282,-177.224025333706,1152.62996487565,                 161P  10112
6659.38507756787,-169.119826853357,1150.93885234522,                 161P  10113
6632.18777311524,-160.618030043434,1149.16917949524,                 161P  10114
6604.97526408231,-151.721283836582,1147.32136063309,                 161P  10115
6577.74763065424,-142.431671096587,1145.39569434865,                 161P  10116
6550.50493062011,-132.750692936038,1144.06013978947,                 161P  10117
6532.33310965921,-126.036406756888,1143.37942807764,                 161P  10118
6523.2446958461,-122.614237885172,1118.98993974555,                  161P  10119
8023.24469584609,-6.57854872025215D-13,1119.81927462992,             161P  10120
8014.47496869548,-4.8811155250887,1121.45606459356,                  161P  10121
7996.93058243568,-14.5145712662513,1123.84556045517,                 161P  10122
7970.59919597438,-28.578136621066,1126.16921291611,                  161P  10123
7944.25296765667,-42.2541754759852,1128.42676800154,                 161P  10124
7917.89184023378,-55.5411930416163,1130.61787296574,                 161P  10125
7891.51573419271,-68.437113205652,1132.74207842005,                  161P  10126
7865.12454823618,-80.9392910558559,1134.79884144433,                 161P  10127
7838.71815998369,-93.0445311930758,1136.78752636264,                 161P  10128
7812.29642614671,-104.749092296702,1138.70741618983,                 161P  10129
7785.85918510844,-116.048754494442,1140.55770796856,                 161P  10130
7759.40625587325,-126.938791917782,1142.33753593525,                 161P  10131
7732.93744328798,-137.414109047419,1144.6154209214,                  161P  10132
7697.62422972838,-150.82077983867,1147.28177611674,                  161P  10133
7653.44191307262,-166.513822522666,1150.18319060378,                 161P  10134
7600.35591274341,-183.590325108744,1152.77726728536,                 161P  10135
7547.20063495379,-198.857966929543,1154.67514914801,                 161P  10136
7502.84509560991,-210.028099525344,1156.03065206387,                 161P  10137
7467.32396657045,-218.006018278976,1156.96483736207,                 161P  10138
7440.66453644516,-223.504239140556,1157.81557644743,                 161P  10139
7413.98629658806,-228.511330769874,1158.66712023092,                 161P  10140
7384.32268187597,-233.523158513208,1159.48236444307,                 161P  10141
7351.66532858178,-238.321342281622,1160.21871468042,                 161P  10142
7316.00463543919,-242.65518937188,1160.800971169,                    161P  10143
7280.30920780122,-246.082105614848,1161.22864934067,                 161P  10144
7244.57893644064,-248.599239046501,1161.5019434311,                  161P  10145
7208.81386514042,-250.20773285627,1161.62166198208,                  161P  10146
7173.01417615511,-250.912345780297,1161.58912678933,                 161P  10147
7137.18016743262,-250.720857350883,1161.40609137133,                 161P  10148
7101.31223423604,-249.643588038733,1161.07463332227,                 161P  10149
7065.41084487896,-247.692765687275,1160.43792887698,                 161P  10150
7017.49842451645,-243.945391723613,1159.3986211116,                  161P  10151
6963.52414026936,-237.828464334373,1157.84062230418,                 161P  10152
6903.46182463589,-228.658740124707,1156.42039006953,                 161P  10153
6858.35834438102,-220.299851887187,1155.13740278624,                 161P  10154
6822.24246943905,-212.748729578045,1154.10274266925,                 161P  10155
6795.13923901321,-206.659156288036,1152.99660574746,                 161P  10156
6768.0198968971,-200.14890065578,1151.8198575492,                    161P  10157
6740.88463819077,-193.223056816377,1150.57329982396,                 161P  10158
6713.73364361766,-185.88634352908,1149.25765252176,                  161P  10159
6686.56707546282,-178.142998116468,1147.87355377204,                 161P  10160
6659.38507756787,-169.996776339246,1146.4215500528,                  161P  10161
6632.18777311525,-161.450894536568,1144.90209376957,                 161P  10162
6604.97526408231,-152.508015376783,1143.31554065023,                 161P  10163
6577.74763065422,-143.170232524105,1141.66214706655,                 161P  10164
6550.50493062011,-133.439054874953,1140.51542847025,                 161P  10165
6532.33310965921,-126.689952613487,1139.93096355761,                 161P  10166
6523.2446958461,-123.250038517639,1118.98993974555,                  161P  10167
8023.2446958461,-6.56006984261295D-13,1119.68205137447,              161P  10168
8014.47496869548,-4.90245516183667,1121.04801509969,                 161P  10169
7996.93058243567,-14.5780271866838,1123.0421406385,                  161P  10170
7970.59919597437,-28.7030767195548,1124.98131734535,                 161P  10171
7944.25296765668,-42.4389055343348,1126.86533326835,                 161P  10172
7917.89184023378,-55.7840123065956,1128.69389402783,                 161P  10173
7891.51573419271,-68.7363118475221,1130.46662459177,                 161P  10174
7865.12454823619,-81.2931476816476,1132.18307187257,                 161P  10175
7838.71815998369,-93.4513104399263,1133.84270537438,                 161P  10176
7812.29642614672,-105.207042445156,1135.44492674575,                 161P  10177
7785.85918510845,-116.556105376281,1136.98906588806,                 161P  10178
7759.40625587325,-127.493752703874,1138.47440028861,                 161P  10179
7732.93744328798,-138.014866631644,1140.37538229007,                 161P  10180
7697.62422972839,-151.480149738713,1142.60055751478,                 161P  10181
7653.44191307262,-167.241800475238,1145.02189869406,                 161P  10182
7600.35591274341,-184.392959430388,1147.18675473909,                 161P  10183
7547.2006349538,-199.727349503463,1148.77060962366,                  161P  10184
7502.84509560992,-210.946316545162,1149.90182856652,                 161P  10185
7467.32396657045,-218.959113778381,1150.68144186953,                 161P  10186
7440.66453644516,-224.481372185345,1151.39141612154,                 161P  10187
7413.98629658807,-229.510354203443,1152.10206192488,                 161P  10188
7384.32268187598,-234.544093041269,1152.78241434984,                 161P  10189
7351.66532858181,-239.36325387899,1153.39692674026,                  161P  10190
7316.00463543919,-243.716048015708,1153.88284201334,                 161P  10191
7280.30920780122,-247.157946315015,1154.23975577837,                 161P  10192
7244.57893644064,-249.68608434445,1154.46783013251,                  161P  10193
7208.81386514042,-251.301610291326,1154.56773983474,                 161P  10194
7173.01417615512,-252.009303696397,1154.54058797403,                 161P  10195
7137.18016743261,-251.81697810312,1154.38783792855,                  161P  10196
7101.31223423605,-250.734999102031,1154.11122352995,                 161P  10197
7065.41084487896,-248.775647995184,1153.57986935795,                 161P  10198
7017.49842451645,-245.01189097344,1152.712527342,                    161P  10199
6963.52414026935,-238.868221129975,1151.41231784537,                 161P  10200
6903.46182463589,-229.658408013847,1150.22707981431,                 161P  10201
6858.35834438102,-221.262975745009,1149.15637793582,                 161P  10202
6822.24246943906,-213.678840857842,1148.29291455993,                 161P  10203
6795.13923901323,-207.562644702365,1147.36980106109,                 161P  10204
6768.01989689712,-201.02392703318,1146.38775975579,                  161P  10205
6740.88463819077,-194.067804256318,1145.34745973453,                 161P  10206
6713.73364361767,-186.699015760871,1144.24950182316,                 161P  10207
6686.56707546281,-178.921817394466,1143.09441856502,                 161P  10208
6659.38507756787,-170.739981337537,1141.88266601686,                 161P  10209
6632.18777311524,-162.156737990673,1140.61462172842,                 161P  10210
6604.97526408231,-153.174761663085,1139.29058256813,                 161P  10211
6577.74763065423,-143.796155172226,1137.91076248815,                 161P  10212
6550.50493062012,-134.022434011227,1136.95378203224,                 161P  10213
6532.33310965921,-127.243825504744,1136.46602374504,                 161P  10214
6523.24469584609,-123.788872527544,1118.98993974555,                 161P  10215
8023.2446958461,-6.5408890972659D-13,1119.54428360228,               161P  10216
8014.47496869548,-4.91993780522176,1120.63834642058,                 161P  10217
7996.93058243567,-14.6300138835806,1122.23553276404,                 161P  10218
7970.59919597438,-28.8054347499202,1123.78870807477,                 161P  10219
7944.25296765667,-42.5902468983214,1125.2977025911,                  161P  10220
7917.89184023378,-55.9829436504849,1126.76228053072,                 161P  10221
7891.51573419272,-68.9814323816038,1128.18214151342,                 161P  10222
7865.12454823619,-81.5830471429557,1129.55692264057,                 161P  10223
7838.71815998369,-93.7845671205649,1130.88619901384,                 161P  10224
7812.29642614671,-105.582221236979,1132.16949138611,                 161P  10225
7785.85918510845,-116.971756056866,1133.40626304485,                 161P  10226
7759.40625587324,-127.948408124202,1134.59593529649,                 161P  10227
7732.93744328798,-138.507041392127,1136.11851872096,                 161P  10228
7697.62422972838,-152.020343039875,1137.90076332454,                 161P  10229
7653.44191307262,-167.838201392765,1139.84012621262,                 161P  10230
7600.35591274341,-185.050523088978,1141.57405842657,                 161P  10231
7547.20063495379,-200.439597124336,1142.84264023961,                 161P  10232
7502.84509560991,-211.698572119898,1143.74868522611,                 161P  10233
7467.32396657045,-219.739943786113,1144.3731131753,                  161P  10234
7440.66453644515,-225.281895116564,1144.9417640237,                  161P  10235
7413.98629658807,-230.328810985419,1145.51095274824,                 161P  10236
7384.32268187598,-235.380500637292,1146.05587812062,                 161P  10237
7351.66532858179,-240.216847082543,1146.54806919823,                 161P  10238
7316.00463543919,-244.585163716683,1146.93726096326,                 161P  10239
7280.30920780122,-248.039336168134,1147.22312952078,                 161P  10240
7244.57893644065,-250.57648978958,1147.40580470176,                  161P  10241
7208.81386514042,-252.197776862888,1147.48582695154,                 161P  10242
7173.01417615511,-252.907993973126,1147.46407978454,                 161P  10243
7137.18016743262,-252.714982527628,1147.34173528724,                 161P  10244
7101.31223423604,-251.629145081658,1147.12018216472,                 161P  10245
7065.41084487896,-249.662806733615,1146.69459630741,                 161P  10246
7017.49842451644,-245.885627779469,1145.99990241985,                 161P  10247
6963.52414026937,-239.72004899744,1144.95850517023,                  161P  10248
6903.4618246359,-230.477392770457,1144.0091938255,                   161P  10249
6858.35834438102,-222.052021553976,1143.15161972354,                 161P  10250
6822.24246943905,-214.440840886433,1142.46003241618,                 161P  10251
6795.13923901322,-208.302833766301,1141.7206685973,                  161P  10252
6768.01989689711,-201.740798378661,1140.93410680322,                 161P  10253
6740.88463819078,-194.759869375158,1140.10088293914,                 161P  10254
6713.73364361767,-187.364803046015,1139.22147823393,                 161P  10255
6686.56707546283,-179.55987041564,1138.29631922592,                  161P  10256
6659.38507756786,-171.348857116432,1137.32577119184,                 161P  10257
6632.18777311524,-162.735005068915,1136.31013652849,                 161P  10258
6604.97526408231,-153.720998119152,1135.24965301147,                 161P  10259
6577.74763065423,-144.308946583451,1134.14449200463,                 161P  10260
6550.50493062011,-134.500371359344,1133.37800259116,                 161P  10261
6532.33310965921,-127.697589659789,1132.98733467169,                 161P  10262
6523.24469584611,-124.230315976163,1118.98993974555,                 161P  10263
8023.24469584609,-6.52102157476125D-13,1119.40607970126,             161P  10264
8014.47496869548,-4.93354970176867,1120.22738086234,                 161P  10265
7996.93058243568,-14.6704904593779,1121.42637142815,                 161P  10266
7970.59919597437,-28.8851301878243,1122.59232338658,                 161P  10267
7944.25296765668,-42.7080805087666,1123.72510929886,                 161P  10268
7917.89184023379,-56.137830575405,1124.82455216604,                  161P  10269
7891.51573419271,-69.1722819733095,1125.89042649577,                 161P  10270
7865.12454823619,-81.8087613779283,1126.92245986407,                 161P  10271
7838.71815998369,-94.0440390643233,1127.92033330424,                 161P  10272
7812.29642614672,-105.874333521673,1128.88368705076,                 161P  10273
7785.85918510845,-117.295379546751,1129.81211819918,                 161P  10274
7759.40625587325,-128.302400504569,1130.70519233062,                 161P  10275
7732.93744328798,-138.890246138468,1131.84817928976,                 161P  10276
7697.62422972839,-152.440934775919,1133.18609109624,                 161P  10277
7653.44191307262,-168.30255609087,1134.64194990472,                  161P  10278
7600.35591274341,-185.562498783845,1135.94359412122,                 161P  10279
7547.2006349538,-200.994149472006,1136.89590480954,                  161P  10280
7502.84509560992,-212.284274455423,1137.57606301124,                 161P  10281
7467.32396657044,-220.347894028739,1138.0448143397,                  161P  10282
7440.66453644516,-225.9051781685,1138.47169439996,                   161P  10283
7413.98629658807,-230.96605724165,1138.89897823811,                  161P  10284
7384.32268187597,-236.031723305353,1139.30804783937,                 161P  10285
7351.66532858179,-240.881450376556,1139.67753037415,                 161P  10286
7316.00463543919,-245.261852747645,1139.96969243563,                 161P  10287
7280.30920780123,-248.725581791055,1140.18429087931,                 161P  10288
7244.57893644065,-251.269754906241,1140.32142316793,                 161P  10289
7208.81386514041,-252.895527563064,1140.38149500799,                 161P  10290
7173.01417615512,-253.607709617212,1140.36516964421,                 161P  10291
7137.18016743262,-253.414164170691,1140.27332694931,                 161P  10292
7101.31223423605,-252.325322559307,1140.10700940917,                 161P  10293
7065.41084487897,-250.353543981077,1139.78752669508,                 161P  10294
7017.49842451645,-246.565914779141,1139.26602748435,                 161P  10295
6963.52414026935,-240.383277809823,1138.48426179816,                 161P  10296
6903.46182463589,-231.115050105032,1137.77162400782,                 161P  10297
6858.35834438102,-222.66636857734,1137.12785237648,                  161P  10298
6822.24246943906,-215.034130203793,1136.60868524201,                 161P  10299
6795.13923901323,-208.879141178353,1136.05365279554,                 161P  10300
6768.01989689711,-202.298950734616,1135.463189338,                   161P  10301
6740.88463819077,-195.298707730171,1134.83769716765,                 161P  10302
6713.73364361767,-187.883181614375,1134.17753753781,                 161P  10303
6686.56707546281,-180.056655228196,1133.48303064624,                 161P  10304
6659.38507756788,-171.822924677671,1132.75445070218,                 161P  10305
6632.18777311525,-163.185240852682,1131.99202471175,                 161P  10306
6604.97526408232,-154.146295024634,1131.19593117032,                 161P  10307
6577.74763065423,-144.708203348411,1130.36629871934,                 161P  10308
6550.50493062012,-134.872490929379,1129.79090338112,                 161P  10309
6532.33310965922,-128.050888105571,1129.49763318666,                 161P  10310
6523.24469584609,-124.574021583063,1118.98993974555,                 161P  10311
8023.24469584611,-6.50048290552561D-13,1119.26754840392,             161P  10312
8014.47496869547,-4.94328014053832,1119.81544175026,                 161P  10313
7996.93058243566,-14.699425063813,1120.61529323657,                  161P  10314
7970.59919597438,-28.9421003224238,1121.39310453286,                 161P  10315
7944.25296765667,-42.7923136446119,1122.1487906251,                  161P  10316
7917.89184023377,-56.2485512037408,1122.88223343608,                 161P  10317
7891.51573419271,-69.308710446676,1123.59328253923,                  161P  10318
7865.12454823618,-81.9701127762687,1124.2817561992,                  161P  10319
7838.71815998368,-94.2295220975948,1124.94744163219,                 161P  10320
7812.2964261467,-106.083149441562,1125.59009883694,                  161P  10321
7785.85918510844,-117.526721192681,1126.20945903451,                 161P  10322
7759.40625587325,-128.555451295012,1126.80523242204,                 161P  10323
7732.93744328799,-139.164179334042,1127.56772367408,                 161P  10324
7697.62422972837,-152.741593991094,1128.46025008501,                 161P  10325
7653.44191307262,-168.634499177554,1129.43145942097,                 161P  10326
7600.3559127434,-185.928483650917,1130.29979157508,                  161P  10327
7547.20063495378,-201.390570179633,1130.93508191076,                 161P  10328
7502.8450956099,-212.702962673556,1131.3888182152,                   161P  10329
7467.32396657046,-220.782486121616,1131.701524134,                   161P  10330
7440.66453644515,-226.350730891409,1131.98629755952,                 161P  10331
7413.98629658806,-231.421591535011,1132.27134034679,                 161P  10332
7384.32268187598,-236.497248610546,1132.54423234258,                 161P  10333
7351.6653285818,-241.356540797163,1132.79071564523,                  161P  10334
7316.00463543918,-245.745582634687,1132.9856181454,                  161P  10335
7280.30920780121,-249.216143189968,1133.12877764055,                 161P  10336
7244.57893644064,-251.765334177113,1133.22025914837,                 161P  10337
7208.81386514043,-253.394313344916,1133.26033331733,                 161P  10338
7173.01417615511,-254.107900035542,1133.24944260073,                 161P  10339
7137.18016743261,-253.913972859386,1133.18817396517,                 161P  10340
7101.31223423604,-252.822983725983,1133.07722285731,                 161P  10341
7065.41084487895,-250.847316209385,1132.86409463852,                 161P  10342
7017.49842451644,-247.052216667382,1132.51620039276,                 161P  10343
6963.52414026936,-240.857385684808,1131.99468132198,                 161P  10344
6903.4618246359,-231.570878256979,1131.51927775185,                  161P  10345
6858.35834438101,-223.105533396952,1131.08981507664,                 161P  10346
6822.24246943905,-215.458241961689,1130.74347656844,                 161P  10347
6795.13923901321,-209.291113453028,1130.37321216459,                 161P  10348
6768.0198968971,-202.697944901426,1129.97931158909,                  161P  10349
6740.88463819078,-195.683895319563,1129.5620432167,                  161P  10350
6713.73364361766,-188.253743563578,1129.12164804103,                 161P  10351
6686.56707546282,-180.411780921486,1128.65833966723,                 161P  10352
6659.38507756785,-172.161810986383,1128.17230102153,                 161P  10353
6632.18777311523,-163.507091059879,1127.66368354041,                 161P  10354
6604.97526408231,-154.450317721376,1127.13260629929,                 161P  10355
6577.74763065423,-144.993611299446,1126.57915511454,                 161P  10356
6550.5049306201,-135.13849990742,1126.19530654339,                   161P  10357
6532.33310965921,-128.30344283818,1125.99966480278,                  161P  10358
6523.2446958461,-124.819718892749,1118.98993974555,                  161P  10359
8023.24469584609,-6.47928924887524D-13,1119.12879869763,             161P  10360
8014.4749686955,-4.94912146971758,1119.40285317755,                  161P  10361
7996.93058243567,-14.7167949433694,1119.80293630229,                 161P  10362
7970.59919597438,-28.9763003536751,1120.19199499616,                 161P  10363
7944.25296765668,-42.8428800668056,1120.5699867341,                  161P  10364
7917.89184023379,-56.3150184672662,1120.93685245499,                 161P  10365
7891.51573419271,-69.3906105174031,1121.29251691552,                 161P  10366
7865.1245482362,-82.066974454846,1121.63688921254,                   161P  10367
7838.71815998369,-94.3408703606727,1121.96986291205,                 161P  10368
7812.29642614673,-106.208504788476,1122.29131796646,                 161P  10369
7785.85918510845,-117.665599072763,1122.60111993308,                 161P  10370
7759.40625587325,-128.707361502049,1122.89912385381,                 161P  10371
7732.93744328798,-139.328625563914,1123.28051951076,                 161P  10372
7697.6242297284,-152.922084253722,1123.72695833352,                  161P  10373
7653.44191307262,-168.833769620196,1124.21275410076,                 161P  10374
7600.35591274341,-186.148189887884,1124.64709103447,                 161P  10375
7547.20063495381,-201.62854751084,1124.96486120481,                  161P  10376
7502.84509560992,-212.95430752725,1125.191818636,                    161P  10377
7467.32396657044,-221.043378311242,1125.34823312483,                 161P  10378
7440.66453644517,-226.618202912599,1125.49067587071,                 161P  10379
7413.98629658808,-231.695055643525,1125.63325335065,                 161P  10380
7384.32268187598,-236.776710474188,1125.7697530439,                  161P  10381
7351.66532858179,-241.641744743889,1125.89304319427,                 161P  10382
7316.0046354392,-246.035972983446,1125.99053279426,                  161P  10383
7280.30920780124,-249.510634598366,1126.06214071047,                 161P  10384
7244.57893644065,-252.062837889748,1126.10789946467,                 161P  10385
7208.81386514042,-253.693741974466,1126.12794443433,                 161P  10386
7173.01417615511,-254.408171889557,1126.1224969331,                  161P  10387
7137.18016743262,-254.214015555346,1126.09185055988,                 161P  10388
7101.31223423605,-253.121737232074,1126.0363531747,                  161P  10389
7065.41084487897,-251.143735127109,1125.92974712935,                 161P  10390
7017.49842451646,-247.344151027261,1125.75573155328,                 161P  10391
6963.52414026936,-241.141999794575,1125.49486940161,                 161P  10392
6903.4618246359,-231.844518773234,1125.25707407414,                  161P  10393
6858.35834438102,-223.369170663425,1125.04225823367,                 161P  10394
6822.24246943907,-215.71284264812,1124.86902083249,                  161P  10395
6795.13923901323,-209.538426624546,1124.68381577582,                 161P  10396
6768.01989689712,-202.937467119006,1124.4867879825,                  161P  10397
6740.88463819077,-195.91512924043,1124.27807169284,                  161P  10398
6713.73364361767,-188.476197491997,1124.05778745097,                 161P  10399
6686.56707546282,-180.624968232608,1123.8260421016,                  161P  10400
6659.38507756789,-172.365249549956,1123.58292714366,                 161P  10401
6632.18777311526,-163.700302594705,1123.32851832552,                 161P  10402
6604.97526408232,-154.632827132729,1123.06287520768,                 161P  10403
6577.74763065423,-145.164945998127,1122.78604071648,                 161P  10404
6550.50493062013,-135.298189109966,1122.59404090229,                 161P  10405
6532.33310965922,-128.455055254207,1122.49618153726,                 161P  10406
6523.24469584608,-124.967214694353,1118.98993974555,                 161P  10407
8023.2446958461,-6.46473460136663D-13,1119.03622606291,              161P  10408
8014.47496869548,-4.95041988048525,1119.12757755622,                 161P  10409
7996.93058243568,-14.7206559205065,1119.2609385978,                  161P  10410
7970.59919597438,-28.9839023372494,1119.39062482909,                 161P  10411
7944.25296765668,-42.8541199720516,1119.51662207507,                 161P  10412
7917.89184023379,-56.3297928118165,1119.6389106487,                  161P  10413
7891.51573419272,-69.4088152666186,1119.75746546888,                 161P  10414
7865.12454823619,-82.088504870528,1119.87225623455,                  161P  10415
7838.7181599837,-94.3656208546212,1119.98324746772,                  161P  10416
7812.29642614671,-106.236368777276,1120.09039915252,                 161P  10417
7785.85918510845,-117.696468850481,1120.19366647473,                 161P  10418
7759.40625587326,-128.741128105642,1120.29300111497,                 161P  10419
7732.93744328799,-139.36517867489,1120.42013300062,                  161P  10420
7697.6242297284,-152.962203632592,1120.56894594154,                  161P  10421
7653.44191307263,-168.878063457823,1120.73087786396,                 161P  10422
7600.35591274342,-186.197026194245,1120.87565684185,                 161P  10423
7547.20063495381,-201.681445116364,1120.98158023197,                 161P  10424
7502.84509560992,-213.010176465914,1121.05723270903,                 161P  10425
7467.32396657046,-221.101369431915,1121.10937087198,                 161P  10426
7440.66453644516,-226.677656598349,1121.15685178727,                 161P  10427
7413.98629658806,-231.755841250556,1121.20437761392,                 161P  10428
7384.32268187599,-236.838829262337,1121.24987751167,                 161P  10429
7351.6653285818,-241.705139882371,1121.29097422846,                  161P  10430
7316.00463543919,-246.100520955468,1121.32347076179,                 161P  10431
7280.30920780122,-249.576094153998,1121.34734006719,                 161P  10432
7244.57893644065,-252.128967020422,1121.36259298526,                 161P  10433
7208.81386514042,-253.760298975705,1121.36927464181,                 161P  10434
7173.01417615513,-254.474916322747,1121.36745880807,                 161P  10435
7137.18016743262,-254.280709051278,1121.35724335033,                 161P  10436
7101.31223423605,-253.18814416686,1121.33874422193,                  161P  10437
7065.41084487896,-251.209623129548,1121.30320887348,                 161P  10438
7017.49842451645,-247.409042202103,1121.24520368146,                 161P  10439
6963.52414026937,-241.205263824087,1121.1582496309,                  161P  10440
6903.4618246359,-231.905343592181,1121.07898452175,                  161P  10441
6858.35834438102,-223.427771959827,1121.00737924159,                 161P  10442
6822.24246943906,-215.769435293347,1120.9496334412,                  161P  10443
6795.13923901323,-209.593399400824,1120.88789842231,                 161P  10444
6768.01989689711,-202.9907081219,1120.8222224912,                    161P  10445
6740.88463819078,-195.966527920581,1120.75265039465,                 161P  10446
6713.73364361767,-188.525644555265,1120.67922231402,                 161P  10447
6686.56707546282,-180.672355512015,1120.60197386424,                 161P  10448
6659.38507756787,-172.410469877578,1120.52093554492,                 161P  10449
6632.18777311524,-163.743249658192,1120.43613260554,                 161P  10450
6604.97526408232,-154.673395328013,1120.34758489959,                 161P  10451
6577.74763065423,-145.203030278079,1120.25530673586,                 161P  10452
6550.50493062011,-135.333684828814,1120.1913067978,                  161P  10453
6532.33310965922,-128.488755664819,1120.15868700945,                 161P  10454
6523.24469584611,-125.000000063825,1118.98993974555,                 161P  10455
8023.2446958461,-6.45735375489789D-13,1118.98993974555,              161P  10456
8014.47496869548,-4.95041988048525,1118.98993974555,                 161P  10457
7996.93058243568,-14.7206559205065,1118.98993974555,                 161P  10458
7970.59919597438,-28.9839023372494,1118.98993974555,                 161P  10459
7944.25296765669,-42.8541199720516,1118.98993974555,                 161P  10460
7917.89184023379,-56.3297928118165,1118.98993974555,                 161P  10461
7891.51573419272,-69.4088152666186,1118.98993974555,                 161P  10462
7865.12454823619,-82.088504870528,1118.98993974555,                  161P  10463
7838.7181599837,-94.3656208546212,1118.98993974555,                  161P  10464
7812.29642614671,-106.236368777276,1118.98993974555,                 161P  10465
7785.85918510845,-117.696468850481,1118.98993974555,                 161P  10466
7759.40625587326,-128.741128105642,1118.98993974555,                 161P  10467
7732.93744328799,-139.36517867489,1118.98993974555,                  161P  10468
7697.6242297284,-152.962203632592,1118.98993974555,                  161P  10469
7653.44191307263,-168.878063457823,1118.98993974555,                 161P  10470
7600.35591274342,-186.197026194245,1118.98993974555,                 161P  10471
7547.20063495381,-201.681445116364,1118.98993974555,                 161P  10472
7502.84509560992,-213.010176465914,1118.98993974555,                 161P  10473
7467.32396657046,-221.101369431915,1118.98993974555,                 161P  10474
7440.66453644516,-226.677656598349,1118.98993974555,                 161P  10475
7413.98629658807,-231.755841250556,1118.98993974555,                 161P  10476
7384.32268187599,-236.838829262337,1118.98993974555,                 161P  10477
7351.6653285818,-241.705139882371,1118.98993974555,                  161P  10478
7316.00463543919,-246.100520955468,1118.98993974555,                 161P  10479
7280.30920780123,-249.576094153998,1118.98993974555,                 161P  10480
7244.57893644065,-252.128967020422,1118.98993974555,                 161P  10481
7208.81386514043,-253.760298975705,1118.98993974555,                 161P  10482
7173.01417615513,-254.474916322747,1118.98993974555,                 161P  10483
7137.18016743262,-254.280709051278,1118.98993974555,                 161P  10484
7101.31223423605,-253.18814416686,1118.98993974555,                  161P  10485
7065.41084487896,-251.209623129548,1118.98993974555,                 161P  10486
7017.49842451646,-247.409042202103,1118.98993974555,                 161P  10487
6963.52414026937,-241.205263824087,1118.98993974555,                 161P  10488
6903.4618246359,-231.905343592181,1118.98993974555,                  161P  10489
6858.35834438102,-223.427771959827,1118.98993974555,                 161P  10490
6822.24246943906,-215.769435293347,1118.98993974555,                 161P  10491
6795.13923901323,-209.593399400824,1118.98993974555,                 161P  10492
6768.01989689711,-202.9907081219,1118.98993974555,                   161P  10493
6740.88463819078,-195.966527920581,1118.98993974555,                 161P  10494
6713.73364361767,-188.525644555266,1118.98993974555,                 161P  10495
6686.56707546282,-180.672355512015,1118.98993974555,                 161P  10496
6659.38507756787,-172.410469877578,1118.98993974555,                 161P  10497
6632.18777311524,-163.743249658192,1118.98993974555,                 161P  10498
6604.97526408232,-154.673395328013,1118.98993974555,                 161P  10499
6577.74763065423,-145.203030278079,1118.98993974555,                 161P  10500
6550.50493062011,-135.333684828814,1118.98993974555,                 161P  10501
6532.33310965922,-128.488755664819,1118.98993974555,                 161P  10502
6523.24469584611,-125.000000063825,0.,1.,0.,6.28318530717959;        161P  10503
128,1,1,1,1,0,0,1,0,0,-115.001,-115.001,115.001,115.001,             163P  10504
-115.001,-115.001,115.001,115.001,1.,1.,1.,1.,2269.1388752684,       163P  10505
5948.2446958461,-1150.01,-30.8811247316002,5948.2446958461,          163P  10506
-1150.01,2269.1388752684,5948.2446958461,1150.01,                    163P  10507
-30.8811247316002,5948.2446958461,1150.01,-115.001,115.001,          163P  10508
-115.001,115.001;                                                    163P  10509
128,4,8,2,2,0,1,0,0,1,-1.5707963267949,-1.5707963267949,             165P  10510
-1.5707963267949,3.33066907387547D-16,3.33066907387547D-16,          165P  10511
1.5707963267949,1.5707963267949,1.5707963267949,                     165P  10512
-3.14159265358979,-3.14159265358979,-3.14159265358979,               165P  10513
-1.5707963267949,-1.5707963267949,0.,0.,1.5707963267949,             165P  10514
1.5707963267949,3.14159265358979,3.14159265358979,                   165P  10515
3.14159265358979,1.,0.707106781186562,1.,0.707106781186565,1.,       165P  10516
0.707106781186548,0.500000000000011,0.707106781186548,               165P  10517
0.500000000000013,0.707106781186548,1.,0.707106781186562,1.,         165P  10518
0.707106781186565,1.,0.707106781186548,0.500000000000011,            165P  10519
0.707106781186548,0.500000000000013,0.707106781186548,1.,            165P  10520
0.707106781186562,1.,0.707106781186565,1.,0.707106781186548,         165P  10521
0.500000000000011,0.707106781186548,0.500000000000013,               165P  10522
0.707106781186548,1.,0.707106781186562,1.,0.707106781186565,1.,      165P  10523
0.707106781186548,0.500000000000011,0.707106781186548,               165P  10524
0.500000000000013,0.707106781186548,1.,0.707106781186562,1.,         165P  10525
0.707106781186565,1.,1119.1288752684,5748.2446958461,1150.,          165P  10526
1119.1288752684,5748.2446958461,1250.,1119.1288752684,               165P  10527
5848.2446958461,1250.,1119.1288752684,5948.2446958461,1250.,         165P  10528
1119.1288752684,5948.2446958461,1150.,-30.8711247315996,             165P  10529
5748.2446958461,1150.,-130.8711247316,5748.2446958461,1250.,         165P  10530
-130.8711247316,5848.2446958461,1250.,-130.8711247316,               165P  10531
5948.2446958461,1250.,-30.8711247315998,5948.2446958461,1150.,       165P  10532
-30.8711247315999,5748.2446958461,6.24569867565148D-14,              165P  10533
-130.8711247316,5748.2446958461,6.24569867565148D-14,                165P  10534
-130.8711247316,5848.2446958461,6.24569867565148D-14,                165P  10535
-130.8711247316,5948.2446958461,6.24569867565148D-14,                165P  10536
-30.8711247316,5948.2446958461,6.24569867565148D-14,                 165P  10537
-30.8711247315996,5748.2446958461,-1150.,-130.8711247316,            165P  10538
5748.2446958461,-1250.,-130.8711247316,5848.2446958461,-1250.,       165P  10539
-130.8711247316,5948.2446958461,-1250.,-30.8711247315998,            165P  10540
5948.2446958461,-1150.,1119.1288752684,5748.2446958461,-1150.,       165P  10541
1119.1288752684,5748.2446958461,-1250.,1119.1288752684,              165P  10542
5848.2446958461,-1250.,1119.1288752684,5948.2446958461,-1250.,       165P  10543
1119.1288752684,5948.2446958461,-1150.,2269.1288752684,              165P  10544
5748.2446958461,-1150.,2369.1288752684,5748.2446958461,-1250.,       165P  10545
2369.1288752684,5848.2446958461,-1250.,2369.1288752684,              165P  10546
5948.2446958461,-1250.,2269.1288752684,5948.2446958461,-1150.,       165P  10547
2269.1288752684,5748.2446958461,6.24569867565148D-14,                165P  10548
2369.1288752684,5748.2446958461,6.24569867565148D-14,                165P  10549
2369.1288752684,5848.2446958461,6.24569867565148D-14,                165P  10550
2369.1288752684,5948.2446958461,6.24569867565148D-14,                165P  10551
2269.1288752684,5948.2446958461,6.24569867565148D-14,                165P  10552
2269.1288752684,5748.2446958461,1150.,2369.1288752684,               165P  10553
5748.2446958461,1250.,2369.1288752684,5848.2446958461,1250.,         165P  10554
2369.1288752684,5948.2446958461,1250.,2269.1288752684,               165P  10555
5948.2446958461,1150.,1119.1288752684,5748.2446958461,1150.,         165P  10556
1119.1288752684,5748.2446958461,1250.,1119.1288752684,               165P  10557
5848.2446958461,1250.,1119.1288752684,5948.2446958461,1250.,         165P  10558
1119.1288752684,5948.2446958461,1150.,-1.5707963267949,              165P  10559
1.5707963267949,-3.14159265358979,3.14159265358979;                  165P  10560
128,1,1,1,1,0,0,1,0,0,-115.001,-115.001,115.001,115.001,             167P  10561
-115.001,-115.001,115.001,115.001,1.,1.,1.,1.,-30.8811247316002,     167P  10562
5748.2446958461,-1150.01,2269.1388752684,5748.2446958461,            167P  10563
-1150.01,-30.8811247316002,5748.2446958461,1150.01,                  167P  10564
2269.1388752684,5748.2446958461,1150.01,-115.001,115.001,            167P  10565
-115.001,115.001;                                                    167P  10566
128,2,8,2,2,0,1,0,0,1,-1.5707963267949,-1.5707963267949,             169P  10567
-1.5707963267949,8.88178419700125D-16,8.88178419700125D-16,          169P  10568
8.88178419700125D-16,-3.14159265358979,-3.14159265358979,            169P  10569
-3.14159265358979,-1.5707963267949,-1.5707963267949,0.,0.,           169P  10570
1.5707963267949,1.5707963267949,3.14159265358979,                    169P  10571
3.14159265358979,3.14159265358979,1.,0.707106781186548,1.,           169P  10572
0.707106781186548,0.5,0.707106781186548,1.,0.707106781186548,1.,     169P  10573
0.707106781186548,0.5,0.707106781186548,1.,0.707106781186548,1.,     169P  10574
0.707106781186548,0.5,0.707106781186548,1.,0.707106781186548,1.,     169P  10575
0.707106781186548,0.5,0.707106781186548,1.,0.707106781186548,1.,     169P  10576
1119.1288752684,5748.51462314859,-1000.,1119.1288752684,             169P  10577
5548.51462314859,-1000.,1119.1288752684,5548.51462314859,-800.,      169P  10578
119.1288752684,5748.51462314859,-1000.,119.1288752684,               169P  10579
5548.51462314859,-1000.,319.1288752684,5548.51462314859,-800.,       169P  10580
119.1288752684,5748.51462314859,-1.24201400180806D-13,               169P  10581
119.1288752684,5548.51462314859,-9.97084641978587D-14,               169P  10582
319.1288752684,5548.51462314859,-9.97084641978587D-14,               169P  10583
119.1288752684,5748.51462314859,999.999999999999,119.1288752684,     169P  10584
5548.51462314859,1000.,319.1288752684,5548.51462314859,              169P  10585
799.999999999999,1119.1288752684,5748.51462314859,1000.,             169P  10586
1119.1288752684,5548.51462314859,1000.,1119.1288752684,              169P  10587
5548.51462314859,800.,2119.1288752684,5748.51462314859,              169P  10588
999.999999999999,2119.1288752684,5548.51462314859,1000.,             169P  10589
1919.1288752684,5548.51462314859,799.999999999999,                   169P  10590
2119.1288752684,5748.51462314859,-1.24201400180806D-13,              169P  10591
2119.1288752684,5548.51462314859,-9.97084641978587D-14,              169P  10592
1919.1288752684,5548.51462314859,-9.97084641978587D-14,              169P  10593
2119.1288752684,5748.51462314859,-1000.,2119.1288752684,             169P  10594
5548.51462314859,-1000.,1919.1288752684,5548.51462314859,-800.,      169P  10595
1119.1288752684,5748.51462314859,-1000.,1119.1288752684,             169P  10596
5548.51462314859,-1000.,1119.1288752684,5548.51462314859,-800.,      169P  10597
-1.5707963267949,8.88178419700125D-16,-3.14159265358979,             169P  10598
3.14159265358979;                                                    169P  10599
128,1,1,1,1,0,0,1,0,0,-3.201,-3.201,3.201,3.201,-3.201,-3.201,       171P  10600
3.201,3.201,1.,1.,1.,1.,1919.3788752684,5548.51462314859,800.25,     171P  10601
318.8788752684,5548.51462314859,800.25,1919.3788752684,              171P  10602
5548.51462314859,-800.25,318.8788752684,5548.51462314859,            171P  10603
-800.25,-3.201,3.201,-3.201,3.201;                                   171P  10604
128,1,1,1,1,0,0,1,0,0,-4.001,-4.001,4.001,4.001,-4.001,-4.001,       173P  10605
4.001,4.001,1.,1.,1.,1.,118.8788752684,5748.51462314859,1000.25,     173P  10606
2119.3788752684,5748.51462314859,1000.25,118.8788752684,             173P  10607
5748.51462314859,-1000.25,2119.3788752684,5748.51462314859,          173P  10608
-1000.25,-4.001,4.001,-4.001,4.001;                                  173P  10609
128,2,8,2,2,0,1,0,0,1,-1.5707963267949,-1.5707963267949,             175P  10610
-1.5707963267949,6.12323399573677D-16,6.12323399573677D-16,          175P  10611
6.12323399573677D-16,-3.14159265358979,-3.14159265358979,            175P  10612
-3.14159265358979,-1.5707963267949,-1.5707963267949,0.,0.,           175P  10613
1.5707963267949,1.5707963267949,3.14159265358979,                    175P  10614
3.14159265358979,3.14159265358979,1.,0.707106781186547,1.,           175P  10615
0.707106781186548,0.5,0.707106781186548,1.,0.707106781186547,1.,     175P  10616
0.707106781186548,0.5,0.707106781186548,1.,0.707106781186547,1.,     175P  10617
0.707106781186548,0.5,0.707106781186548,1.,0.707106781186547,1.,     175P  10618
0.707106781186548,0.5,0.707106781186548,1.,0.707106781186547,1.,     175P  10619
1119.1288752684,5348.2446958461,1000.,1119.1288752684,               175P  10620
5548.2446958461,1000.,1119.1288752684,5548.2446958461,800.,          175P  10621
119.1288752684,5348.2446958461,1000.,119.1288752684,                 175P  10622
5548.2446958461,1000.,319.1288752684,5548.2446958461,800.,           175P  10623
119.1288752684,5348.2446958461,6.24569867565148D-14,                 175P  10624
119.1288752684,5548.2446958461,6.24569867565148D-14,                 175P  10625
319.1288752684,5548.2446958461,6.24569867565148D-14,                 175P  10626
119.1288752684,5348.2446958461,-1000.,119.1288752684,                175P  10627
5548.2446958461,-1000.,319.1288752684,5548.2446958461,-800.,         175P  10628
1119.1288752684,5348.2446958461,-1000.,1119.1288752684,              175P  10629
5548.2446958461,-1000.,1119.1288752684,5548.2446958461,-800.,        175P  10630
2119.1288752684,5348.2446958461,-1000.,2119.1288752684,              175P  10631
5548.2446958461,-1000.,1919.1288752684,5548.2446958461,-800.,        175P  10632
2119.1288752684,5348.2446958461,6.24569867565148D-14,                175P  10633
2119.1288752684,5548.2446958461,6.24569867565148D-14,                175P  10634
1919.1288752684,5548.2446958461,6.24569867565148D-14,                175P  10635
2119.1288752684,5348.2446958461,1000.,2119.1288752684,               175P  10636
5548.2446958461,1000.,1919.1288752684,5548.2446958461,800.,          175P  10637
1119.1288752684,5348.2446958461,1000.,1119.1288752684,               175P  10638
5548.2446958461,1000.,1119.1288752684,5548.2446958461,800.,          175P  10639
-1.5707963267949,6.12323399573677D-16,-3.14159265358979,             175P  10640
3.14159265358979;                                                    175P  10641
128,1,1,1,1,0,0,1,0,0,-3.201,-3.201,3.201,3.201,-3.201,-3.201,       177P  10642
3.201,3.201,1.,1.,1.,1.,1919.3788752684,5548.2446958461,-800.25,     177P  10643
318.8788752684,5548.2446958461,-800.25,1919.3788752684,              177P  10644
5548.2446958461,800.25,318.8788752684,5548.2446958461,800.25,        177P  10645
-3.201,3.201,-3.201,3.201;                                           177P  10646
128,1,1,1,1,0,0,1,0,0,-4.001,-4.001,4.001,4.001,-4.001,-4.001,       179P  10647
4.001,4.001,1.,1.,1.,1.,118.8788752684,5348.2446958461,-1000.25,     179P  10648
2119.3788752684,5348.2446958461,-1000.25,118.8788752684,             179P  10649
5348.2446958461,1000.25,2119.3788752684,5348.2446958461,1000.25,     179P  10650
-4.001,4.001,-4.001,4.001;                                           179P  10651
128,1,8,1,2,0,1,0,0,1,-1.22877707478732D-16,                         181P  10652
-1.22877707478732D-16,17.3305590519822,17.3305590519822,             181P  10653
-3.14159265358979,-3.14159265358979,-3.14159265358979,               181P  10654
-1.5707963267949,-1.5707963267949,0.,0.,1.5707963267949,             181P  10655
1.5707963267949,3.14159265358979,3.14159265358979,                   181P  10656
3.14159265358979,1.,1.,0.707106781186548,0.707106781186548,1.,       181P  10657
1.,0.707106781186548,0.707106781186548,1.,1.,0.707106781186548,      181P  10658
0.707106781186548,1.,1.,0.707106781186548,0.707106781186548,1.,      181P  10659
1.,311.168336414253,-8651.7553041539,-2.57373287089433D-12,          181P  10660
311.168336414255,5348.2446958461,-8.59227352088039D-13,              181P  10661
311.168336414253,-8651.7553041539,-807.821603331298,                 181P  10662
311.168336414255,5348.2446958461,-807.821603331296,                  181P  10663
1118.98993974555,-8651.7553041539,-807.821603331298,                 181P  10664
1118.98993974555,5348.2446958461,-807.821603331296,                  181P  10665
1926.81154307684,-8651.7553041539,-807.821603331298,                 181P  10666
1926.81154307685,5348.2446958461,-807.821603331296,                  181P  10667
1926.81154307684,-8651.7553041539,-2.57373287089433D-12,             181P  10668
1926.81154307685,5348.2446958461,-8.59227352088039D-13,              181P  10669
1926.81154307684,-8651.7553041539,807.821603331293,                  181P  10670
1926.81154307685,5348.2446958461,807.821603331295,                   181P  10671
1118.98993974555,-8651.7553041539,807.821603331293,                  181P  10672
1118.98993974555,5348.2446958461,807.821603331295,                   181P  10673
311.168336414253,-8651.7553041539,807.821603331293,                  181P  10674
311.168336414255,5348.2446958461,807.821603331295,                   181P  10675
311.168336414253,-8651.7553041539,-2.57373287089433D-12,             181P  10676
311.168336414255,5348.2446958461,-8.59227352088039D-13,              181P  10677
-1.22877707478732D-16,17.3305590519822,-3.14159265358979,            181P  10678
3.14159265358979;                                                    181P  10679
128,1,1,1,1,0,0,1,0,0,-80.7831603331296,-80.7831603331296,           183P  10680
80.7831603331296,80.7831603331296,-80.7831603331296,                 183P  10681
-80.7831603331296,80.7831603331296,80.7831603331296,1.,1.,1.,1.,     183P  10682
311.158336414253,-8651.7553041539,-807.831603331298,                 183P  10683
1926.82154307684,-8651.7553041539,-807.831603331298,                 183P  10684
311.158336414253,-8651.7553041539,807.831603331293,                  183P  10685
1926.82154307684,-8651.7553041539,807.831603331293,                  183P  10686
-80.7831603331296,80.7831603331296,-80.7831603331296,                183P  10687
80.7831603331296;                                                    183P  10688
128,1,1,1,1,0,0,1,0,0,-80.7831603331296,-80.7831603331296,           185P  10689
80.7831603331296,80.7831603331296,-80.7831603331296,                 185P  10690
-80.7831603331296,80.7831603331296,80.7831603331296,1.,1.,1.,1.,     185P  10691
1926.82154307685,5348.2446958461,-807.831603331297,                  185P  10692
311.158336414255,5348.2446958461,-807.831603331297,                  185P  10693
1926.82154307685,5348.2446958461,807.831603331295,                   185P  10694
311.158336414255,5348.2446958461,807.831603331295,                   185P  10695
-80.7831603331296,80.7831603331296,-80.7831603331296,                185P  10696
80.7831603331296;                                                    185P  10697
502,4,1902.36493974555,6148.2446958461,-7.21726912202764D-13,        187P  10698
1902.36493974555,10723.2446958461,-1.6145100159285D-13,              187P  10699
1927.36493974555,6148.2446958461,-5.25405979167703D-13,              187P  10700
1927.36493974555,10748.2446958461,3.44570019047304D-14;              187P  10701
502,4,1118.98993974555,10901.8232432927,-9.06238631369043D-14,       189P  10702
1118.98993974555,10898.2446958461,808.377466474934,                  189P  10703
1118.98993974555,10898.2446958461,-808.377466474934,                 189P  10704
1118.98993974555,12084.6533315104,-9.06238631369043D-14;             189P  10705
502,2,1904.00587484858,6523.2446958461,-5.29061012000259D-13,        191P  10706
1904.00587484858,6148.2446958461,-5.74985266968284D-13;              191P  10707
502,4,119.1288752684,5948.2446958461,-6.00076931582205D-14,          193P  10708
1119.1288752684,5948.2446958461,1000.,1119.1288752684,               193P  10709
6148.2446958461,800.,319.1288752684,6148.2446958461,                 193P  10710
-3.55147571752734D-14;                                               193P  10711
502,4,-30.8711247316002,5948.2446958461,-7.83773951454308D-14,       195P  10712
1119.1288752684,5948.2446958461,1150.,-30.8711247316002,             195P  10713
5748.2446958461,2.0329136865846D-13,1119.1288752684,                 195P  10714
5748.2446958461,1150.;                                               195P  10715
502,4,119.1288752684,5748.51462314859,1.60015694123234D-13,          197P  10716
1119.1288752684,5748.51462314859,-1000.,1119.1288752684,             197P  10717
5548.51462314859,-800.,319.1288752684,5548.51462314859,              197P  10718
1.84508630106181D-13;                                                197P  10719
502,4,119.1288752684,5348.2446958461,-6.00076931582205D-14,          199P  10720
1119.1288752684,5348.2446958461,1000.,1119.1288752684,               199P  10721
5548.2446958461,800.,319.1288752684,5548.2446958461,                 199P  10722
-3.55147571752734D-14;                                               199P  10723
502,2,311.168336414253,-8651.7553041539,-2.67266248497451D-12,       201P  10724
311.168336414255,5348.2446958461,-9.58156966168214D-13;              201P  10725
504,6,321,187,1,187,1,323,187,1,187,2,325,187,2,187,2,327,187,3,     203P  10726
187,3,329,187,4,187,4,331,187,4,187,3;                               203P  10727
504,4,333,189,1,189,2,335,189,3,189,2,337,189,2,189,3,339,189,3,     205P  10728
189,4;                                                               205P  10729
504,3,341,191,1,191,1,343,191,1,191,2,345,191,2,191,2;               207P  10730
504,5,347,193,1,193,2,349,193,2,193,1,351,193,2,193,3,353,193,3,     209P  10731
193,4,355,193,4,193,3;                                               209P  10732
504,5,361,195,1,195,2,363,195,2,195,1,365,195,3,195,4,367,195,4,     211P  10733
195,2,369,195,4,195,3;                                               211P  10734
504,5,371,197,1,197,2,373,197,2,197,1,375,197,2,197,3,377,197,3,     213P  10735
197,4,379,197,4,197,3;                                               213P  10736
504,5,381,199,1,199,2,383,199,2,199,1,385,199,2,199,3,387,199,3,     215P  10737
199,4,389,199,4,199,3;                                               215P  10738
504,3,391,201,1,201,1,393,201,1,201,2,395,201,2,201,2;               217P  10739
143,0,255,1,237,0,1,415;                                             219P  10740
143,0,257,1,239,0,1,415;                                             221P  10741
143,0,259,1,241,0,1,415;                                             223P  10742
143,0,261,1,243,0,1,415;                                             225P  10743
143,0,263,1,245,0,1,415;                                             227P  10744
143,0,265,1,247,0,1,415;                                             229P  10745
143,0,267,1,249,0,1,415;                                             231P  10746
143,0,269,1,251,0,1,415;                                             233P  10747
143,0,161,1,253,0,1,425;                                             235P  10748
141,0,1,255,4,273,2,0,275,1,0,273,1,0,277,2,0;                       237P  10749
141,0,1,257,4,281,2,0,277,1,0,281,1,0,283,2,0;                       239P  10750
141,0,1,259,4,287,2,0,283,1,0,287,1,0,289,2,0;                       241P  10751
141,0,1,261,4,293,2,0,289,1,0,293,1,0,295,2,0;                       243P  10752
141,0,1,263,4,299,2,0,295,1,0,299,1,0,301,2,0;                       245P  10753
141,0,1,265,5,305,2,0,301,1,0,305,1,0,307,2,0,309,2,0;               247P  10754
141,0,1,267,6,309,1,0,311,1,0,313,2,0,315,2,0,311,2,0,307,1,0;       249P  10755
141,0,1,269,5,319,2,0,313,1,0,315,1,0,319,1,0,275,2,0;               251P  10756
141,0,1,161,3,357,1,0,359,1,0,357,2,0;                               253P  10757
120,397,271,0.,6.28318530717959;                                     255P  10758
120,399,279,0.,6.28318530717959;                                     257P  10759
120,401,285,0.,6.28318530717959;                                     259P  10760
120,403,291,0.,6.28318530717959;                                     261P  10761
120,405,297,0.,6.28318530717959;                                     263P  10762
120,407,303,0.,6.28318530717959;                                     265P  10763
120,409,411,0.,6.28318530717959;                                     267P  10764
120,413,317,0.,6.28318530717959;                                     269P  10765
126,3,3,0,0,0,0,-1.,-1.,-1.,-1.,0.,0.,0.,0.,1.,1.,1.,1.,             271P  10766
-241.708057665541,9251.84870102391,-9.06238631369043D-14,            271P  10767
-241.708057665541,9017.03099269058,-9.06238631369043D-14,            271P  10768
-379.291310254449,8406.50518316413,-9.06238631369043D-14,            271P  10769
-145.135100626661,8406.50518316413,-9.06238631369043D-14,-1.,0.,     271P  10770
0.,0.,0.;                                                            271P  10771
126,3,3,0,0,0,0,0.,0.,0.,0.,1.,1.,1.,1.,1.,1.,1.,1.,                 273P  10772
-145.135100626661,8406.50518316413,-9.06238631369043D-14,            273P  10773
-379.291310254449,8406.50518316413,-9.06238631369043D-14,            273P  10774
-241.708057665541,9017.03099269058,-9.06238631369043D-14,            273P  10775
-241.708057665541,9251.84870102391,-9.06238631369043D-14,0.,1.,      273P  10776
0.,0.,0.;                                                            273P  10777
126,8,2,0,1,0,0,0.,0.,0.,1.5707963267949,1.5707963267949,            275P  10778
3.14159265358979,3.14159265358979,4.71238898038469,                  275P  10779
4.71238898038469,6.28318530717959,6.28318530717959,                  275P  10780
6.28318530717959,1.,0.707106781186548,1.,0.707106781186548,1.,       275P  10781
0.707106781186548,1.,0.707106781186548,1.,-145.135100626662,         275P  10782
8406.50518316413,-9.06238631369043D-14,-145.135100626662,            275P  10783
8406.50518316413,1264.12504037221,1118.98993974555,                  275P  10784
8406.50518316413,1264.12504037221,2383.11498011776,                  275P  10785
8406.50518316413,1264.12504037221,2383.11498011776,                  275P  10786
8406.50518316413,6.41868053044806D-14,2383.11498011776,              275P  10787
8406.50518316413,-1264.12504037221,1118.98993974555,                 275P  10788
8406.50518316413,-1264.12504037221,-145.135100626662,                275P  10789
8406.50518316413,-1264.12504037221,-145.135100626662,                275P  10790
8406.50518316413,-4.00245200019674D-13,0.,6.28318530717959,0.,       275P  10791
0.,0.;                                                               275P  10792
126,8,2,0,1,0,0,0.,0.,0.,1.5707963267949,1.5707963267949,            277P  10793
3.14159265358979,3.14159265358979,4.71238898038469,                  277P  10794
4.71238898038469,6.28318530717959,6.28318530717959,                  277P  10795
6.28318530717959,1.,0.707106781186547,1.,0.707106781186547,1.,       277P  10796
0.707106781186548,1.,0.707106781186548,1.,-241.708057665542,         277P  10797
9251.84870102391,-9.06238631369043D-14,-241.708057665542,            277P  10798
9251.84870102391,1360.69799741109,1118.98993974555,                  277P  10799
9251.84870102391,1360.69799741109,2479.68793715664,                  277P  10800
9251.84870102391,1360.69799741109,2479.68793715664,                  277P  10801
9251.84870102391,7.60135815766665D-14,2479.68793715664,              277P  10802
9251.84870102391,-1360.69799741109,1118.98993974555,                 277P  10803
9251.84870102391,-1360.69799741109,-241.708057665541,                277P  10804
9251.84870102391,-1360.69799741109,-241.708057665542,                277P  10805
9251.84870102391,-4.23898752564046D-13,0.,6.28318530717959,0.,       277P  10806
0.,0.;                                                               277P  10807
126,3,3,0,0,0,0,-1.,-1.,-1.,-1.,0.,0.,0.,0.,1.,1.,1.,1.,             279P  10808
-491.739226921115,9522.38511898503,-9.06238631369043D-14,            279P  10809
-339.603810254449,9329.90080454335,-9.06238631369043D-14,            279P  10810
-620.062305076633,9495.26538787669,-9.06238631369043D-14,            279P  10811
-241.708057665541,9251.84870102391,-9.06238631369043D-14,-1.,0.,     279P  10812
0.,0.,0.;                                                            279P  10813
126,3,3,0,0,0,0,0.,0.,0.,0.,1.,1.,1.,1.,1.,1.,1.,1.,                 281P  10814
-241.708057665541,9251.84870102391,-9.06238631369043D-14,            281P  10815
-620.062305076633,9495.26538787669,-9.06238631369043D-14,            281P  10816
-339.603810254449,9329.90080454335,-9.06238631369043D-14,            281P  10817
-491.739226921115,9522.38511898503,-9.06238631369043D-14,0.,1.,      281P  10818
0.,0.,0.;                                                            281P  10819
126,8,2,0,1,0,0,0.,0.,0.,1.5707963267949,1.5707963267949,            283P  10820
3.14159265358979,3.14159265358979,4.71238898038469,                  283P  10821
4.71238898038469,6.28318530717959,6.28318530717959,                  283P  10822
6.28318530717959,1.,0.707106781186548,1.,0.707106781186547,1.,       283P  10823
0.707106781186548,1.,0.707106781186548,1.,-491.739226921116,         283P  10824
9522.38511898503,-9.06238631369043D-14,-491.739226921116,            283P  10825
9522.38511898503,1610.72916666667,1118.98993974555,                  283P  10826
9522.38511898503,1610.72916666667,2729.71910641222,                  283P  10827
9522.38511898503,1610.72916666667,2729.71910641222,                  283P  10828
9522.38511898503,1.06633568688257D-13,2729.71910641222,              283P  10829
9522.38511898503,-1610.72916666667,1118.98993974555,                 283P  10830
9522.38511898503,-1610.72916666667,-491.739226921116,                283P  10831
9522.38511898503,-1610.72916666667,-491.739226921116,                283P  10832
9522.38511898503,-4.85138726787228D-13,0.,6.28318530717959,0.,       283P  10833
0.,0.;                                                               283P  10834
126,3,3,0,0,0,0,-1.,-1.,-1.,-1.,0.,0.,0.,0.,1.,1.,1.,1.,             285P  10835
-1080.43714358778,10089.9164901017,-9.06238631369043D-14,            285P  10836
-813.869515998874,10024.4319536128,-9.06238631369043D-14,            285P  10837
-699.43710321557,9784.98415806279,-9.06238631369043D-14,             285P  10838
-491.739226921115,9522.38511898503,-9.06238631369043D-14,-1.,0.,     285P  10839
0.,0.,0.;                                                            285P  10840
126,3,3,0,0,0,0,0.,0.,0.,0.,1.,1.,1.,1.,1.,1.,1.,1.,                 287P  10841
-491.739226921115,9522.38511898503,-9.06238631369043D-14,            287P  10842
-699.43710321557,9784.98415806279,-9.06238631369043D-14,             287P  10843
-813.869515998874,10024.4319536128,-9.06238631369043D-14,            287P  10844
-1080.43714358778,10089.9164901017,-9.06238631369043D-14,0.,1.,      287P  10845
0.,0.,0.;                                                            287P  10846
126,8,2,0,1,0,0,0.,0.,0.,1.5707963267949,1.5707963267949,            289P  10847
3.14159265358979,3.14159265358979,4.71238898038469,                  289P  10848
4.71238898038469,6.28318530717959,6.28318530717959,                  289P  10849
6.28318530717959,1.,0.707106781186548,1.,0.707106781186547,1.,       289P  10850
0.707106781186547,1.,0.707106781186548,1.,-1080.43714358778,         289P  10851
10089.9164901017,-9.06238631369043D-14,-1080.43714358778,            289P  10852
10089.9164901017,2199.42708333333,1118.98993974555,                  289P  10853
10089.9164901017,2199.42708333333,3318.41702307888,                  289P  10854
10089.9164901017,2199.42708333333,3318.41702307888,                  289P  10855
10089.9164901017,1.78728270619312D-13,3318.41702307888,              289P  10856
10089.9164901017,-2199.42708333333,1118.98993974555,                 289P  10857
10089.9164901017,-2199.42708333333,-1080.43714358778,                289P  10858
10089.9164901017,-2199.42708333333,-1080.43714358778,                289P  10859
10089.9164901017,-6.29328130649337D-13,0.,6.28318530717959,0.,       289P  10860
0.,0.;                                                               289P  10861
126,3,3,0,0,0,0,-1.,-1.,-1.,-1.,0.,0.,0.,0.,1.,1.,1.,1.,             291P  10862
-1528.24451599888,10048.2446958461,-9.06238631369043D-14,            291P  10863
-1520.30693525445,10025.7549510239,-9.06238631369043D-14,            291P  10864
-1321.86943525445,10149.4477401017,-9.06238631369043D-14,            291P  10865
-1080.43714358778,10089.9164901017,-9.06238631369043D-14,-1.,0.,     291P  10866
0.,0.,0.;                                                            291P  10867
126,3,3,0,0,0,0,0.,0.,0.,0.,1.,1.,1.,1.,1.,1.,1.,1.,                 293P  10868
-1080.43714358778,10089.9164901017,-9.06238631369043D-14,            293P  10869
-1321.86943525445,10149.4477401017,-9.06238631369043D-14,            293P  10870
-1520.30693525445,10025.7549510239,-9.06238631369043D-14,            293P  10871
-1528.24451599888,10048.2446958461,-9.06238631369043D-14,0.,1.,      293P  10872
0.,0.,0.;                                                            293P  10873
126,8,2,0,1,0,0,0.,0.,0.,1.5707963267949,1.5707963267949,            295P  10874
3.14159265358979,3.14159265358979,4.71238898038469,                  295P  10875
4.71238898038469,6.28318530717959,6.28318530717959,                  295P  10876
6.28318530717959,1.,0.707106781186548,1.,0.707106781186548,1.,       295P  10877
0.707106781186548,1.,0.707106781186547,1.,-1528.24451599887,         295P  10878
10048.2446958461,-9.06238631369043D-14,-1528.24451599887,            295P  10879
10048.2446958461,2647.23445574443,1118.98993974555,                  295P  10880
10048.2446958461,2647.23445574443,3766.22439548998,                  295P  10881
10048.2446958461,2647.23445574443,3766.22439548998,                  295P  10882
10048.2446958461,2.33568857145095D-13,3766.22439548998,              295P  10883
10048.2446958461,-2647.23445574442,1118.98993974555,                 295P  10884
10048.2446958461,-2647.23445574443,-1528.24451599887,                295P  10885
10048.2446958461,-2647.23445574443,-1528.24451599887,                295P  10886
10048.2446958461,-7.39009303700904D-13,0.,6.28318530717959,0.,       295P  10887
0.,0.;                                                               295P  10888
126,3,3,0,0,0,0,-1.,-1.,-1.,-1.,0.,0.,0.,0.,1.,1.,1.,1.,             297P  10889
143.922170853899,10813.5520682572,-9.06238631369043D-14,             297P  10890
-333.650725626661,10406.0936945516,-9.06238631369043D-14,            297P  10891
-1546.76526858778,10099.8383651017,-9.06238631369043D-14,            297P  10892
-1528.24451599888,10048.2446958461,-9.06238631369043D-14,-1.,0.,     297P  10893
0.,0.,0.;                                                            297P  10894
126,3,3,0,0,0,0,0.,0.,0.,0.,1.,1.,1.,1.,1.,1.,1.,1.,                 299P  10895
-1528.24451599888,10048.2446958461,-9.06238631369043D-14,            299P  10896
-1546.76526858778,10099.8383651017,-9.06238631369043D-14,            299P  10897
-333.650725626661,10406.0936945516,-9.06238631369043D-14,            299P  10898
143.922170853899,10813.5520682572,-9.06238631369043D-14,0.,1.,       299P  10899
0.,0.,0.;                                                            299P  10900
126,8,2,0,1,0,0,0.,0.,0.,1.5707963267949,1.5707963267949,            301P  10901
3.14159265358979,3.14159265358979,4.71238898038469,                  301P  10902
4.71238898038469,6.28318530717959,6.28318530717959,                  301P  10903
6.28318530717959,1.,0.707106781186548,1.,0.707106781186547,1.,       301P  10904
0.707106781186548,1.,0.707106781186548,1.,143.922170853898,          301P  10905
10813.5520682572,-9.06238631369043D-14,143.922170853898,             301P  10906
10813.5520682572,975.067768891653,1118.98993974555,                  301P  10907
10813.5520682572,975.067768891653,2094.0577086372,                   301P  10908
10813.5520682572,975.067768891653,2094.0577086372,                   301P  10909
10813.5520682572,2.8787499075587D-14,2094.0577086372,                301P  10910
10813.5520682572,-975.067768891653,1118.98993974555,                 301P  10911
10813.5520682572,-975.067768891653,143.922170853898,                 301P  10912
10813.5520682572,-975.067768891653,143.922170853898,                 301P  10913
10813.5520682572,-3.29446587561887D-13,0.,6.28318530717959,0.,       301P  10914
0.,0.;                                                               301P  10915
126,3,3,0,0,0,0,-1.,-1.,-1.,-1.,0.,0.,0.,0.,1.,1.,1.,1.,             303P  10916
310.609650667793,10917.4011073349,-9.06238631369043D-14,             303P  10917
225.281566040005,10915.4166112183,-9.06238631369043D-14,             303P  10918
169.057607706671,10834.7188156683,-9.06238631369043D-14,             303P  10919
143.922170853899,10813.5520682572,-9.06238631369043D-14,-1.,0.,      303P  10920
0.,0.,0.;                                                            303P  10921
126,3,3,0,0,0,0,0.,0.,0.,0.,1.,1.,1.,1.,1.,1.,1.,1.,                 305P  10922
143.922170853899,10813.5520682572,-9.06238631369043D-14,             305P  10923
169.057607706671,10834.7188156683,-9.06238631369043D-14,             305P  10924
225.281566040005,10915.4166112183,-9.06238631369043D-14,             305P  10925
310.609650667793,10917.4011073349,-9.06238631369043D-14,0.,1.,       305P  10926
0.,0.,0.;                                                            305P  10927
126,4,2,0,0,0,0,3.14159265358979,3.14159265358979,                   307P  10928
3.14159265358979,4.71238898038469,4.71238898038469,                  307P  10929
6.28318530717959,6.28318530717959,6.28318530717959,1.,               307P  10930
0.707106781186548,1.,0.707106781186547,1.,1927.37022882331,          307P  10931
10917.4011073349,8.37417021438465D-15,1927.37022882331,              307P  10932
10917.4011073349,-808.380289077759,1118.98993974555,                 307P  10933
10917.4011073349,-808.380289077759,310.609650667792,                 307P  10934
10917.4011073349,-808.380289077759,310.609650667792,                 307P  10935
10917.4011073349,-2.88619929839482D-13,3.14159265358979,             307P  10936
6.28318530717959,0.,0.,0.;                                           307P  10937
126,4,2,0,0,0,0,0.,0.,0.,1.5707963267949,1.5707963267949,            309P  10938
3.14159265358979,3.14159265358979,3.14159265358979,1.,               309P  10939
0.707106781186548,1.,0.707106781186547,1.,310.609650667792,          309P  10940
10917.4011073349,-9.06238631369043D-14,310.609650667792,             309P  10941
10917.4011073349,808.380289077759,1118.98993974555,                  309P  10942
10917.4011073349,808.380289077759,1927.37022882331,                  309P  10943
10917.4011073349,808.380289077759,1927.37022882331,                  309P  10944
10917.4011073349,8.37417021438465D-15,0.,3.14159265358979,0.,0.,     309P  10945
0.;                                                                  309P  10946
126,1,1,0,0,1,0,-1.28128356011581,-1.28128356011581,                 311P  10947
1.28128356011581,1.28128356011581,1.,1.,1927.37022882331,            311P  10948
10917.4011073349,-1.89621896488193D-13,1932.66191567608,             311P  10949
8839.09894325719,-1.90269941224827D-13,-1.28128356011581,            311P  10950
1.28128356011581,0.,0.,0.;                                           311P  10951
126,4,2,0,0,0,0,0.,0.,0.,1.5707963267949,1.5707963267949,            313P  10952
3.14159265358979,3.14159265358979,3.14159265358979,1.,               313P  10953
0.707106781186548,1.,0.707106781186548,1.,305.317963815019,          313P  10954
8839.09894325719,-9.06238631369043D-14,305.317963815019,             313P  10955
8839.09894325719,813.671975930532,1118.98993974555,                  313P  10956
8839.09894325719,813.671975930532,1932.66191567608,                  313P  10957
8839.09894325719,813.671975930532,1932.66191567608,                  313P  10958
8839.09894325719,9.02221495101851D-15,0.,3.14159265358979,0.,0.,     313P  10959
0.;                                                                  313P  10960
126,4,2,0,0,0,0,3.14159265358979,3.14159265358979,                   315P  10961
3.14159265358979,4.71238898038469,4.71238898038469,                  315P  10962
6.28318530717959,6.28318530717959,6.28318530717959,1.,               315P  10963
0.707106781186548,1.,0.707106781186547,1.,1932.66191567608,          315P  10964
8839.09894325719,9.02221495101851D-15,1932.66191567608,              315P  10965
8839.09894325719,-813.671975930532,1118.98993974555,                 315P  10966
8839.09894325719,-813.671975930532,305.317963815019,                 315P  10967
8839.09894325719,-813.671975930532,305.317963815019,                 315P  10968
8839.09894325719,-2.8991601931275D-13,3.14159265358979,              315P  10969
6.28318530717959,0.,0.,0.;                                           315P  10970
126,3,3,0,0,0,0,-1.,-1.,-1.,-1.,0.,0.,0.,0.,1.,1.,1.,1.,             317P  10971
-145.135100626661,8406.50518316413,-9.06238631369043D-14,            317P  10972
89.0211090011246,8406.50518316413,-9.06238631369043D-14,             317P  10973
305.31796381502,8604.94268316413,-9.06238631369043D-14,              317P  10974
305.31796381502,8839.09894325719,-9.06238631369043D-14,-1.,0.,       317P  10975
0.,0.,0.;                                                            317P  10976
126,3,3,0,0,0,0,0.,0.,0.,0.,1.,1.,1.,1.,1.,1.,1.,1.,                 319P  10977
305.31796381502,8839.09894325719,-9.06238631369043D-14,              319P  10978
305.31796381502,8604.94268316413,-9.06238631369043D-14,              319P  10979
89.0211090011246,8406.50518316413,-9.06238631369043D-14,             319P  10980
-145.135100626661,8406.50518316413,-9.06238631369043D-14,0.,1.,      319P  10981
0.,0.,0.;                                                            319P  10982
126,8,2,0,1,0,0,-3.14159265358979,-3.14159265358979,                 321P  10983
-3.14159265358979,-1.5707963267949,-1.5707963267949,0.,0.,           321P  10984
1.5707963267949,1.5707963267949,3.14159265358979,                    321P  10985
3.14159265358979,3.14159265358979,1.,0.707106781186548,1.,           321P  10986
0.707106781186548,1.,0.707106781186549,1.,0.707106781186548,1.,      321P  10987
1902.36493974555,6148.2446958461,-7.21726912202764D-13,              321P  10988
1902.36493974555,6148.2446958461,-783.375000000001,                  321P  10989
1118.98993974555,6148.2446958461,-783.375000000001,                  321P  10990
335.614939745551,6148.2446958461,-783.375000000001,                  321P  10991
335.614939745551,6148.2446958461,-7.12763239766132D-13,              321P  10992
335.614939745551,6148.2446958461,783.374999999999,                   321P  10993
1118.98993974555,6148.2446958461,783.374999999999,                   321P  10994
1902.36493974555,6148.2446958461,783.374999999999,                   321P  10995
1902.36493974555,6148.2446958461,-5.29855374946353D-13,              321P  10996
-3.14159265358979,3.14159265358979,0.,0.,0.;                         321P  10997
126,1,1,0,0,1,0,-2.16483686407917,-2.16483686407917,                 323P  10998
3.49466522344209,3.49466522344209,1.,1.,1902.36493974555,            323P  10999
6148.2446958461,-6.25791143574559D-13,1902.36493974555,              323P  11000
10723.2446958461,-6.55152329646444D-14,-2.16483686407917,            323P  11001
3.49466522344209,0.,0.,0.;                                           323P  11002
126,8,2,0,1,0,0,-3.14159265358979,-3.14159265358979,                 325P  11003
-3.14159265358979,-1.5707963267949,-1.5707963267949,0.,0.,           325P  11004
1.5707963267949,1.5707963267949,3.14159265358979,                    325P  11005
3.14159265358979,3.14159265358979,1.,0.707106781186548,1.,           325P  11006
0.707106781186548,1.,0.707106781186549,1.,0.707106781186548,1.,      325P  11007
1902.36493974555,10723.2446958461,-1.6145100159285D-13,              325P  11008
1902.36493974555,10723.2446958461,-783.375,1118.98993974555,         325P  11009
10723.2446958461,-783.375,335.614939745551,10723.2446958461,         325P  11010
-783.375,335.614939745551,10723.2446958461,                          325P  11011
-1.52487329156218D-13,335.614939745551,10723.2446958461,783.375,     325P  11012
1118.98993974555,10723.2446958461,783.375,1902.36493974555,          325P  11013
10723.2446958461,783.375,1902.36493974555,10723.2446958461,          325P  11014
3.04205356635615D-14,-3.14159265358979,3.14159265358979,0.,0.,       325P  11015
0.;                                                                  325P  11016
126,8,2,0,1,0,0,-3.14159265358979,-3.14159265358979,                 327P  11017
-3.14159265358979,-1.5707963267949,-1.5707963267949,0.,0.,           327P  11018
1.5707963267949,1.5707963267949,3.14159265358979,                    327P  11019
3.14159265358979,3.14159265358979,1.,0.707106781186548,1.,           327P  11020
0.707106781186548,1.,0.707106781186548,1.,0.707106781186548,1.,      327P  11021
1927.36493974555,6148.2446958461,-7.23400750419851D-13,              327P  11022
1927.36493974555,6148.2446958461,-808.375000000001,                  327P  11023
1118.98993974555,6148.2446958461,-808.375000000001,                  327P  11024
310.614939745551,6148.2446958461,-808.375000000001,                  327P  11025
310.614939745551,6148.2446958461,-7.14151018546913D-13,              327P  11026
310.614939745551,6148.2446958461,808.374999999999,                   327P  11027
1118.98993974555,6148.2446958461,808.374999999999,                   327P  11028
1927.36493974555,6148.2446958461,808.375,1927.36493974555,           327P  11029
6148.2446958461,-5.25405979167703D-13,-3.14159265358979,             327P  11030
3.14159265358979,0.,0.,0.;                                           327P  11031
126,8,2,0,1,0,0,-3.14159265358979,-3.14159265358979,                 329P  11032
-3.14159265358979,-1.5707963267949,-1.5707963267949,0.,0.,           329P  11033
1.5707963267949,1.5707963267949,3.14159265358979,                    329P  11034
3.14159265358979,3.14159265358979,1.,0.707106781186548,1.,           329P  11035
0.707106781186548,1.,0.707106781186548,1.,0.707106781186548,1.,      329P  11036
1927.36493974555,10748.2446958461,-1.62142865373703D-13,             329P  11037
1927.36493974555,10748.2446958461,-808.375,1118.98993974555,         329P  11038
10748.2446958461,-808.375,310.614939745551,10748.2446958461,         329P  11039
-808.375,310.614939745551,10748.2446958461,                          329P  11040
-1.52893133500765D-13,310.614939745551,10748.2446958461,808.375,     329P  11041
1118.98993974555,10748.2446958461,808.375,1927.36493974555,          329P  11042
10748.2446958461,808.375,1927.36493974555,10748.2446958461,          329P  11043
3.58519058784454D-14,-3.14159265358979,3.14159265358979,0.,0.,       329P  11044
0.;                                                                  329P  11045
126,1,1,0,0,1,0,-3.52559146435751,-3.52559146435751,                 331P  11046
2.16483686407917,2.16483686407917,1.,1.,1927.36493974555,            331P  11047
10748.2446958461,-6.10658371859946D-14,1927.36493974555,             331P  11048
6148.2446958461,-6.24403364793777D-13,-3.52559146435751,             331P  11049
2.16483686407917,0.,0.,0.;                                           331P  11050
126,1,1,0,0,1,0,-1.00000979835202,-1.00000979835202,                 333P  11051
1.00000979835202,1.00000979835202,1.,1.,1118.98993974555,            333P  11052
10901.8232432927,-3.91391791217886D-14,1118.98993974555,             333P  11053
10898.2446958461,808.377466474934,-1.00000979835202,                 333P  11054
1.00000979835202,0.,0.,0.;                                           333P  11055
126,4,2,0,0,0,0,-1.5707963267949,-1.5707963267949,                   335P  11056
-1.5707963267949,1.11022302462516D-16,1.11022302462516D-16,          335P  11057
1.5707963267949,1.5707963267949,1.5707963267949,1.,                  335P  11058
0.707106781186548,1.,0.707106781186548,1.,1118.98993974555,          335P  11059
10898.2446958461,-808.377466474934,310.612473270617,                 335P  11060
10898.2446958461,-808.377466474934,310.612473270617,                 335P  11061
10898.2446958461,-4.57498993434732D-14,310.612473270617,             335P  11062
10898.2446958461,808.377466474934,1118.98993974555,                  335P  11063
10898.2446958461,808.377466474934,-1.5707963267949,                  335P  11064
1.5707963267949,0.,0.,0.;                                            335P  11065
126,4,2,0,0,0,0,1.5707963267949,1.5707963267949,1.5707963267949,     337P  11066
3.14159265358979,3.14159265358979,4.71238898038469,                  337P  11067
4.71238898038469,4.71238898038469,1.,0.707106781186549,1.,           337P  11068
0.707106781186548,1.,1118.98993974555,10898.2446958461,              337P  11069
808.377466474934,1927.36740622048,10898.2446958461,                  337P  11070
808.377466474934,1927.36740622049,10898.2446958461,                  337P  11071
5.32477883386643D-14,1927.36740622049,10898.2446958461,              337P  11072
-808.377466474934,1118.98993974555,10898.2446958461,                 337P  11073
-808.377466474934,1.5707963267949,4.71238898038469,0.,0.,0.;         337P  11074
126,14,5,0,0,0,0,0.,0.,0.,0.,0.,0.,0.1,0.2,0.3,0.4,0.5,0.6,0.7,      339P  11075
0.8,0.9,1.,1.,1.,1.,1.,1.,1.,1.,1.,1.,1.,1.,1.,1.,1.,1.,1.,1.,       339P  11076
1.,1.,1.,1118.98993974555,10898.2446958461,-808.377466474934,        339P  11077
1118.98993974555,10928.3370826671,-799.899292639793,                 339P  11078
1118.98993974555,10987.9699337714,-782.276100711198,                 339P  11079
1118.98993974555,11075.7635115865,-753.840863134631,                 339P  11080
1118.98993974555,11189.4551441694,-711.859772734824,                 339P  11081
1118.98993974555,11325.5747544024,-652.140210360093,                 339P  11082
1118.98993974555,11455.150801452,-584.514579217334,                  339P  11083
1118.98993974555,11577.6288451531,-508.312993199082,                 339P  11084
1118.98993974555,11692.6697459865,-423.125696904088,                 339P  11085
1118.98993974555,11800.5201653888,-329.250711796902,                 339P  11086
1118.98993974555,11901.7031817617,-227.320032052764,                 339P  11087
1118.98993974555,11977.7433128654,-139.847616584505,                 339P  11088
1118.98993974555,12032.1875739669,-71.1190428108293,                 339P  11089
1118.98993974555,12067.3531775675,-23.9340149396355,                 339P  11090
1118.98993974555,12084.6533315104,-9.06238631369043D-14,0.,1.,       339P  11091
0.,0.,0.;                                                            339P  11092
126,8,2,0,1,0,0,-3.14159265358979,-3.14159265358979,                 341P  11093
-3.14159265358979,-1.5707963267949,-1.5707963267949,0.,0.,           341P  11094
1.5707963267949,1.5707963267949,3.14159265358979,                    341P  11095
3.14159265358979,3.14159265358979,1.,0.707106781186547,1.,           341P  11096
0.707106781186548,1.,0.707106781186548,1.,0.707106781186548,1.,      341P  11097
1904.00587484858,6523.2446958461,-7.21334462440977D-13,              341P  11098
1904.00587484858,6523.2446958461,-785.015935103029,                  341P  11099
1118.98993974555,6523.2446958461,-785.015935103029,                  341P  11100
333.974004642523,6523.2446958461,-785.015935103029,                  341P  11101
333.974004642523,6523.2446958461,-7.1235201380552D-13,               341P  11102
333.974004642523,6523.2446958461,785.015935103027,                   341P  11103
1118.98993974555,6523.2446958461,785.015935103027,                   341P  11104
1904.00587484858,6523.2446958461,785.015935103027,                   341P  11105
1904.00587484858,6523.2446958461,-5.29061012000259D-13,              341P  11106
-3.14159265358979,3.14159265358979,0.,0.,0.;                         341P  11107
126,1,1,0,0,1,0,-0.477697309355617,-0.477697309355617,               343P  11108
1.22464679914735D-16,1.22464679914735D-16,1.,1.,                     343P  11109
1904.00587484858,6523.2446958461,-6.25197737220617D-13,              343P  11110
1904.00587484858,6148.2446958461,-6.71121992188643D-13,              343P  11111
-0.477697309355617,1.22464679914735D-16,0.,0.,0.;                    343P  11112
126,8,2,0,1,0,0,-3.14159265358979,-3.14159265358979,                 345P  11113
-3.14159265358979,-1.5707963267949,-1.5707963267949,0.,0.,           345P  11114
1.5707963267949,1.5707963267949,3.14159265358979,                    345P  11115
3.14159265358979,3.14159265358979,1.,0.707106781186548,1.,           345P  11116
0.707106781186548,1.,0.707106781186548,1.,0.707106781186547,1.,      345P  11117
1904.00587484858,6148.2446958461,-5.74985266968284D-13,              345P  11118
1904.00587484858,6148.2446958461,785.015935103027,                   345P  11119
1118.98993974555,6148.2446958461,785.015935103027,                   345P  11120
333.974004642523,6148.2446958461,785.015935103027,                   345P  11121
333.974004642523,6148.2446958461,-7.58276268773546D-13,              345P  11122
333.974004642523,6148.2446958461,-785.015935103029,                  345P  11123
1118.98993974555,6148.2446958461,-785.015935103029,                  345P  11124
1904.00587484858,6148.2446958461,-785.015935103029,                  345P  11125
1904.00587484858,6148.2446958461,-7.67258717409002D-13,              345P  11126
-3.14159265358979,3.14159265358979,0.,0.,0.;                         345P  11127
126,6,2,0,0,0,0,-3.14159265358979,-3.14159265358979,                 347P  11128
-3.14159265358979,-1.5707963267949,-1.5707963267949,0.,0.,           347P  11129
1.5707963267949,1.5707963267949,1.5707963267949,1.,                  347P  11130
0.707106781186548,1.,0.707106781186548,1.,0.707106781186548,1.,      347P  11131
119.1288752684,5948.2446958461,-6.00076931582205D-14,                347P  11132
119.1288752684,5948.2446958461,-1000.,1119.1288752684,               347P  11133
5948.2446958461,-1000.,2119.1288752684,5948.2446958461,-1000.,       347P  11134
2119.1288752684,5948.2446958461,6.24569867565148D-14,                347P  11135
2119.1288752684,5948.2446958461,1000.,1119.1288752684,               347P  11136
5948.2446958461,1000.,-3.14159265358979,1.5707963267949,0.,0.,       347P  11137
0.;                                                                  347P  11138
126,2,2,0,0,0,0,1.5707963267949,1.5707963267949,1.5707963267949,     349P  11139
3.14159265358979,3.14159265358979,3.14159265358979,1.,               349P  11140
0.707106781186548,1.,1119.1288752684,5948.2446958461,1000.,          349P  11141
119.1288752684,5948.2446958461,1000.,119.1288752684,                 349P  11142
5948.2446958461,1.8492166667125D-13,1.5707963267949,                 349P  11143
3.14159265358979,0.,0.,0.;                                           349P  11144
126,2,2,0,0,0,0,-6.12323399573677D-16,-6.12323399573677D-16,         351P  11145
-6.12323399573677D-16,1.5707963267949,1.5707963267949,               351P  11146
1.5707963267949,1.,0.707106781186547,1.,1119.1288752684,             351P  11147
5948.2446958461,1000.,1119.1288752684,6148.2446958461,1000.,         351P  11148
1119.1288752684,6148.2446958461,800.,-6.12323399573677D-16,          351P  11149
1.5707963267949,0.,0.,0.;                                            351P  11150
126,2,2,0,0,0,0,1.5707963267949,1.5707963267949,1.5707963267949,     353P  11151
3.14159265358979,3.14159265358979,3.14159265358979,1.,               353P  11152
0.707106781186548,1.,1119.1288752684,6148.2446958461,800.,           353P  11153
319.1288752684,6148.2446958461,800.,319.1288752684,                  353P  11154
6148.2446958461,1.60428730688303D-13,1.5707963267949,                353P  11155
3.14159265358979,0.,0.,0.;                                           353P  11156
126,6,2,0,0,0,0,-3.14159265358979,-3.14159265358979,                 355P  11157
-3.14159265358979,-1.5707963267949,-1.5707963267949,0.,0.,           355P  11158
1.5707963267949,1.5707963267949,1.5707963267949,1.,                  355P  11159
0.707106781186548,1.,0.707106781186548,1.,0.707106781186548,1.,      355P  11160
319.1288752684,6148.2446958461,-3.55147571752734D-14,                355P  11161
319.1288752684,6148.2446958461,-800.,1119.1288752684,                355P  11162
6148.2446958461,-800.,1919.1288752684,6148.2446958461,-800.,         355P  11163
1919.1288752684,6148.2446958461,6.24569867565148D-14,                355P  11164
1919.1288752684,6148.2446958461,800.,1119.1288752684,                355P  11165
6148.2446958461,800.,-3.14159265358979,1.5707963267949,0.,0.,0.;     355P  11166
126,14,5,0,0,0,0,0.,0.,0.,0.,0.,0.,0.1,0.2,0.3,0.4,0.5,0.6,0.7,      357P  11167
0.8,0.9,1.,1.,1.,1.,1.,1.,1.,1.,1.,1.,1.,1.,1.,1.,1.,1.,1.,1.,       357P  11168
1.,1.,1.,1118.98993974555,8023.2446958461,-6.45735375449483D-13,     357P  11169
1118.98993974555,7993.77841262003,-16.6334107899686,                 357P  11170
1118.98993974555,7934.79944064748,-48.6713628335204,                 357P  11171
1118.98993974555,7846.19177137005,-93.0418211205344,                 357P  11172
1118.98993974555,7727.76516378342,-144.706993324647,                 357P  11173
1118.98993974555,7579.22796333682,-195.943544190922,                 357P  11174
1118.98993974555,7430.14110201694,-232.624466871729,                 357P  11175
1118.98993974555,7280.45864426106,-253.533336845736,                 357P  11176
1118.98993974555,7130.15357152708,-257.954673229614,                 357P  11177
1118.98993974555,6979.24803999318,-246.475196146408,                 357P  11178
1118.98993974555,6827.78633867608,-220.267727773568,                 357P  11179
1118.98993974555,6706.20802533572,-188.472244001636,                 357P  11180
1118.98993974555,6614.80879867237,-158.919173618101,                 357P  11181
1118.98993974555,6553.78176625817,-136.722218813391,                 357P  11182
1118.98993974555,6523.2446958461,-125.000000000001,0.,1.,0.,0.,      357P  11183
0.;                                                                  357P  11184
126,8,2,0,1,0,0,-1.5707963267949,-1.5707963267949,                   359P  11185
-1.5707963267949,0.,0.,1.5707963267949,1.5707963267949,              359P  11186
3.14159265358979,3.14159265358979,4.71238898038469,                  359P  11187
4.71238898038469,4.71238898038469,1.,0.707106781186548,1.,           359P  11188
0.707106781186548,1.,0.707106781186548,1.,0.707106781186547,1.,      359P  11189
1118.98993974555,6523.2446958461,-125.000000000001,                  359P  11190
993.989939745551,6523.2446958461,-125.000000000001,                  359P  11191
993.989939745551,6523.2446958461,-6.45735375449483D-13,              359P  11192
993.989939745551,6523.2446958461,124.999999999999,                   359P  11193
1118.98993974555,6523.2446958461,124.999999999999,                   359P  11194
1243.98993974555,6523.2446958461,124.999999999999,                   359P  11195
1243.98993974555,6523.2446958461,-6.30427290460141D-13,              359P  11196
1243.98993974555,6523.2446958461,-125.000000000001,                  359P  11197
1118.98993974555,6523.2446958461,-125.000000000001,                  359P  11198
-1.5707963267949,4.71238898038469,0.,0.,0.;                          359P  11199
126,6,2,0,0,0,0,-3.14159265358979,-3.14159265358979,                 361P  11200
-3.14159265358979,-1.5707963267949,-1.5707963267949,0.,0.,           361P  11201
1.5707963267949,1.5707963267949,1.5707963267949,1.,                  361P  11202
0.707106781186548,1.,0.707106781186549,1.,0.707106781186549,1.,      361P  11203
-30.8711247316002,5948.2446958461,-7.83773951454308D-14,             361P  11204
-30.8711247315999,5948.2446958461,-1150.,1119.1288752684,            361P  11205
5948.2446958461,-1150.,2269.1288752684,5948.2446958461,-1150.,       361P  11206
2269.1288752684,5948.2446958461,6.24569867565148D-14,                361P  11207
2269.1288752684,5948.2446958461,1150.,1119.1288752684,               361P  11208
5948.2446958461,1150.,-3.14159265358979,1.5707963267949,0.,0.,       361P  11209
0.;                                                                  361P  11210
126,2,2,0,0,0,0,1.5707963267949,1.5707963267949,1.5707963267949,     363P  11211
3.14159265358979,3.14159265358979,3.14159265358979,1.,               363P  11212
0.707106781186548,1.,1119.1288752684,5948.2446958461,1150.,          363P  11213
-30.8711247315999,5948.2446958461,1150.,-30.8711247316002,           363P  11214
5948.2446958461,2.0329136865846D-13,1.5707963267949,                 363P  11215
3.14159265358979,0.,0.,0.;                                           363P  11216
126,2,2,0,0,0,0,-3.14159265358979,-3.14159265358979,                 365P  11217
-3.14159265358979,-1.5707963267949,-1.5707963267949,                 365P  11218
-1.5707963267949,1.,0.707106781186548,1.,-30.8711247316002,          365P  11219
5748.2446958461,2.0329136865846D-13,-30.8711247315999,               365P  11220
5748.2446958461,1150.,1119.1288752684,5748.2446958461,1150.,         365P  11221
-3.14159265358979,-1.5707963267949,0.,0.,0.;                         365P  11222
126,4,2,0,0,0,0,-1.5707963267949,-1.5707963267949,                   367P  11223
-1.5707963267949,-3.33066907387547D-16,-3.33066907387547D-16,        367P  11224
1.5707963267949,1.5707963267949,1.5707963267949,1.,                  367P  11225
0.707106781186562,1.,0.707106781186565,1.,1119.1288752684,           367P  11226
5748.2446958461,1150.,1119.1288752684,5748.2446958461,1250.,         367P  11227
1119.1288752684,5848.2446958461,1250.,1119.1288752684,               367P  11228
5948.2446958461,1250.,1119.1288752684,5948.2446958461,1150.,         367P  11229
-1.5707963267949,1.5707963267949,0.,0.,0.;                           367P  11230
126,6,2,0,0,0,0,-1.5707963267949,-1.5707963267949,                   369P  11231
-1.5707963267949,0.,0.,1.5707963267949,1.5707963267949,              369P  11232
3.14159265358979,3.14159265358979,3.14159265358979,1.,               369P  11233
0.707106781186549,1.,0.707106781186549,1.,0.707106781186548,1.,      369P  11234
1119.1288752684,5748.2446958461,1150.,2269.1288752684,               369P  11235
5748.2446958461,1150.,2269.1288752684,5748.2446958461,               369P  11236
6.24569867565148D-14,2269.1288752684,5748.2446958461,-1150.,         369P  11237
1119.1288752684,5748.2446958461,-1150.,-30.8711247315999,            369P  11238
5748.2446958461,-1150.,-30.8711247316002,5748.2446958461,            369P  11239
-7.83773951454308D-14,-1.5707963267949,3.14159265358979,0.,0.,       369P  11240
0.;                                                                  369P  11241
126,6,2,0,0,0,0,-3.14159265358979,-3.14159265358979,                 371P  11242
-3.14159265358979,-1.5707963267949,-1.5707963267949,0.,0.,           371P  11243
1.5707963267949,1.5707963267949,1.5707963267949,1.,                  371P  11244
0.707106781186548,1.,0.707106781186547,1.,0.707106781186547,1.,      371P  11245
119.1288752684,5748.51462314859,-1.73672026607045D-15,               371P  11246
119.1288752684,5748.51462314859,1000.,1119.1288752684,               371P  11247
5748.51462314859,1000.,2119.1288752684,5748.51462314859,1000.,       371P  11248
2119.1288752684,5748.51462314859,-1.24201400180806D-13,              371P  11249
2119.1288752684,5748.51462314859,-1000.,1119.1288752684,             371P  11250
5748.51462314859,-1000.,-3.14159265358979,1.5707963267949,0.,0.,     371P  11251
0.;                                                                  371P  11252
126,2,2,0,0,0,0,1.5707963267949,1.5707963267949,1.5707963267949,     373P  11253
3.14159265358979,3.14159265358979,3.14159265358979,1.,               373P  11254
0.707106781186548,1.,1119.1288752684,5748.51462314859,-1000.,        373P  11255
119.1288752684,5748.51462314859,-1000.,119.1288752684,               373P  11256
5748.51462314859,-2.46666080095541D-13,1.5707963267949,              373P  11257
3.14159265358979,0.,0.,0.;                                           373P  11258
126,2,2,0,0,0,0,-8.88178419700125D-16,-8.88178419700125D-16,         375P  11259
-8.88178419700125D-16,1.5707963267949,1.5707963267949,               375P  11260
1.5707963267949,1.,0.707106781186548,1.,1119.1288752684,             375P  11261
5748.51462314859,-1000.,1119.1288752684,5548.51462314859,-1000.,     375P  11262
1119.1288752684,5548.51462314859,-800.,-8.88178419700125D-16,        375P  11263
1.5707963267949,0.,0.,0.;                                            375P  11264
126,2,2,0,0,0,0,1.5707963267949,1.5707963267949,1.5707963267949,     377P  11265
3.14159265358979,3.14159265358979,3.14159265358979,1.,               377P  11266
0.707106781186548,1.,1119.1288752684,5548.51462314859,-800.,         377P  11267
319.1288752684,5548.51462314859,-800.,319.1288752684,                377P  11268
5548.51462314859,-1.97680208129647D-13,1.5707963267949,              377P  11269
3.14159265358979,0.,0.,0.;                                           377P  11270
126,6,2,0,0,0,0,-3.14159265358979,-3.14159265358979,                 379P  11271
-3.14159265358979,-1.5707963267949,-1.5707963267949,0.,0.,           379P  11272
1.5707963267949,1.5707963267949,1.5707963267949,1.,                  379P  11273
0.707106781186548,1.,0.707106781186549,1.,0.707106781186548,1.,      379P  11274
319.1288752684,5548.51462314859,-1.73672026607048D-15,               379P  11275
319.1288752684,5548.51462314859,800.,1119.1288752684,                379P  11276
5548.51462314859,800.,1919.1288752684,5548.51462314859,800.,         379P  11277
1919.1288752684,5548.51462314859,-9.97084641978588D-14,              379P  11278
1919.1288752684,5548.51462314859,-800.,1119.1288752684,              379P  11279
5548.51462314859,-800.,-3.14159265358979,1.5707963267949,0.,0.,      379P  11280
0.;                                                                  379P  11281
126,6,2,0,0,0,0,-3.14159265358979,-3.14159265358979,                 381P  11282
-3.14159265358979,-1.5707963267949,-1.5707963267949,0.,0.,           381P  11283
1.5707963267949,1.5707963267949,1.5707963267949,1.,                  381P  11284
0.707106781186548,1.,0.707106781186548,1.,0.707106781186548,1.,      381P  11285
119.1288752684,5348.2446958461,-6.00076931582205D-14,                381P  11286
119.1288752684,5348.2446958461,-1000.,1119.1288752684,               381P  11287
5348.2446958461,-1000.,2119.1288752684,5348.2446958461,-1000.,       381P  11288
2119.1288752684,5348.2446958461,6.24569867565148D-14,                381P  11289
2119.1288752684,5348.2446958461,1000.,1119.1288752684,               381P  11290
5348.2446958461,1000.,-3.14159265358979,1.5707963267949,0.,0.,       381P  11291
0.;                                                                  381P  11292
126,2,2,0,0,0,0,1.5707963267949,1.5707963267949,1.5707963267949,     383P  11293
3.14159265358979,3.14159265358979,3.14159265358979,1.,               383P  11294
0.707106781186548,1.,1119.1288752684,5348.2446958461,1000.,          383P  11295
119.1288752684,5348.2446958461,1000.,119.1288752684,                 383P  11296
5348.2446958461,1.8492166667125D-13,1.5707963267949,                 383P  11297
3.14159265358979,0.,0.,0.;                                           383P  11298
126,2,2,0,0,0,0,-6.12323399573677D-16,-6.12323399573677D-16,         385P  11299
-6.12323399573677D-16,1.5707963267949,1.5707963267949,               385P  11300
1.5707963267949,1.,0.707106781186547,1.,1119.1288752684,             385P  11301
5348.2446958461,1000.,1119.1288752684,5548.2446958461,1000.,         385P  11302
1119.1288752684,5548.2446958461,800.,-6.12323399573677D-16,          385P  11303
1.5707963267949,0.,0.,0.;                                            385P  11304
126,2,2,0,0,0,0,1.5707963267949,1.5707963267949,1.5707963267949,     387P  11305
3.14159265358979,3.14159265358979,3.14159265358979,1.,               387P  11306
0.707106781186548,1.,1119.1288752684,5548.2446958461,800.,           387P  11307
319.1288752684,5548.2446958461,800.,319.1288752684,                  387P  11308
5548.2446958461,1.60428730688303D-13,1.5707963267949,                387P  11309
3.14159265358979,0.,0.,0.;                                           387P  11310
126,6,2,0,0,0,0,-3.14159265358979,-3.14159265358979,                 389P  11311
-3.14159265358979,-1.5707963267949,-1.5707963267949,0.,0.,           389P  11312
1.5707963267949,1.5707963267949,1.5707963267949,1.,                  389P  11313
0.707106781186548,1.,0.707106781186548,1.,0.707106781186548,1.,      389P  11314
319.1288752684,5548.2446958461,-3.55147571752734D-14,                389P  11315
319.1288752684,5548.2446958461,-800.,1119.1288752684,                389P  11316
5548.2446958461,-800.,1919.1288752684,5548.2446958461,-800.,         389P  11317
1919.1288752684,5548.2446958461,6.24569867565148D-14,                389P  11318
1919.1288752684,5548.2446958461,800.,1119.1288752684,                389P  11319
5548.2446958461,800.,-3.14159265358979,1.5707963267949,0.,0.,0.;     389P  11320
126,8,2,0,1,0,0,-3.14159265358979,-3.14159265358979,                 391P  11321
-3.14159265358979,-1.5707963267949,-1.5707963267949,0.,0.,           391P  11322
1.5707963267949,1.5707963267949,3.14159265358979,                    391P  11323
3.14159265358979,3.14159265358979,1.,0.707106781186548,1.,           391P  11324
0.707106781186549,1.,0.707106781186549,1.,0.707106781186548,1.,      391P  11325
311.168336414253,-8651.7553041539,-2.67266248497451D-12,             391P  11326
311.168336414253,-8651.7553041539,-807.821603331298,                 391P  11327
1118.98993974555,-8651.7553041539,-807.821603331298,                 391P  11328
1926.81154307684,-8651.7553041539,-807.821603331298,                 391P  11329
1926.81154307684,-8651.7553041539,-2.57373287089433D-12,             391P  11330
1926.81154307684,-8651.7553041539,807.821603331293,                  391P  11331
1118.98993974555,-8651.7553041539,807.821603331293,                  391P  11332
311.168336414253,-8651.7553041539,807.821603331293,                  391P  11333
311.168336414253,-8651.7553041539,-2.47480325681416D-12,             391P  11334
-3.14159265358979,3.14159265358979,0.,0.,0.;                         391P  11335
126,1,1,0,0,1,0,-17.3305590519822,-17.3305590519822,                 393P  11336
1.22877707478732D-16,1.22877707478732D-16,1.,1.,                     393P  11337
311.168336414253,-8651.7553041539,-2.57373287089433D-12,             393P  11338
311.168336414255,5348.2446958461,-8.59227352088039D-13,              393P  11339
-17.3305590519822,1.22877707478732D-16,0.,0.,0.;                     393P  11340
126,8,2,0,1,0,0,-3.14159265358979,-3.14159265358979,                 395P  11341
-3.14159265358979,-1.5707963267949,-1.5707963267949,0.,0.,           395P  11342
1.5707963267949,1.5707963267949,3.14159265358979,                    395P  11343
3.14159265358979,3.14159265358979,1.,0.707106781186548,1.,           395P  11344
0.707106781186549,1.,0.707106781186549,1.,0.707106781186548,1.,      395P  11345
311.168336414255,5348.2446958461,-9.58156966168214D-13,              395P  11346
311.168336414255,5348.2446958461,-807.821603331297,                  395P  11347
1118.98993974555,5348.2446958461,-807.821603331297,                  395P  11348
1926.81154307685,5348.2446958461,-807.821603331297,                  395P  11349
1926.81154307685,5348.2446958461,-8.59227352088039D-13,              395P  11350
1926.81154307685,5348.2446958461,807.821603331295,                   395P  11351
1118.98993974555,5348.2446958461,807.821603331295,                   395P  11352
311.168336414255,5348.2446958461,807.821603331295,                   395P  11353
311.168336414255,5348.2446958461,-7.60297738007863D-13,              395P  11354
-3.14159265358979,3.14159265358979,0.,0.,0.;                         395P  11355
110,1118.98993974555,8567.53524068367,-9.06238631369043D-14,         397P  11356
1118.98993974555,8568.53524068367,-9.06238631369043D-14;             397P  11357
110,1118.98993974555,8567.53524068367,-9.06238631369043D-14,         399P  11358
1118.98993974555,8568.53524068367,-9.06238631369043D-14;             399P  11359
110,1118.98993974555,8567.53524068367,-9.06238631369043D-14,         401P  11360
1118.98993974555,8568.53524068367,-9.06238631369043D-14;             401P  11361
110,1118.98993974555,8567.53524068367,-9.06238631369043D-14,         403P  11362
1118.98993974555,8568.53524068367,-9.06238631369043D-14;             403P  11363
110,1118.98993974555,8567.53524068367,-9.06238631369043D-14,         405P  11364
1118.98993974555,8568.53524068367,-9.06238631369043D-14;             405P  11365
110,1118.98993974555,8567.53524068367,-9.06238631369043D-14,         407P  11366
1118.98993974555,8568.53524068367,-9.06238631369043D-14;             407P  11367
110,1118.98993974555,9878.25002529607,-9.06238631369043D-14,         409P  11368
1118.98993974555,9879.25002529607,-9.06238631369043D-14;             409P  11369
110,1932.66191567608,8839.09894325719,-1.90269941224827D-13,         411P  11370
1927.37022882331,10917.4011073349,-1.89621896488193D-13;             411P  11371
110,1118.98993974555,8567.53524068367,-9.06238631369043D-14,         413P  11372
1118.98993974555,8568.53524068367,-9.06238631369043D-14;             413P  11373
406,1,5HBody1;                                                       415P  11374
406,1,5HBody2;                                                       417P  11375
406,1,5HBody3;                                                       419P  11376
406,1,5HBody4;                                                       421P  11377
406,1,5HBody5;                                                       423P  11378
406,1,5HBody6;                                                       425P  11379
406,1,5HBody7;                                                       427P  11380
406,1,5HBody8;                                                       429P  11381
406,1,5HBody9;                                                       431P  11382
406,1,6HBody10;                                                      433P  11383
314,51.7647058823529,41.1764705882353,29.4117647058824,15HBronze     435P  11384
 - Patina;                                                           435P  11385
314,96.4705882352941,96.4705882352941,95.2941176470588,15HGlass      437P  11386
- Frosted;                                                           437P  11387
314,0.,0.,0.,6HWalnut;                                               439P  11388
314,92.9411764705882,92.9411764705882,92.9411764705882,29HA Type     441P  11389
 Bulb - Frosted - 800lm;                                             441P  11390
314,62.7450980392157,62.7450980392157,62.7450980392157,13HSteel      443P  11391
- Satin;                                                             443P  11392
S      1G      3D    444P  11392                                        T      1
