ISO-10303-21;
HEADER;
/* Generated by software containing ST-Developer
 * from STEP Tools, Inc. (www.steptools.com) 
 */

FILE_DESCRIPTION(
/* description */ (''),
/* implementation_level */ '2;1');

FILE_NAME(
/* name */ 'C:/Users/student.STUDENT/Downloads/Tower Lamp.step',
/* time_stamp */ '2019-11-20T19:02:12+08:00',
/* author */ (''),
/* organization */ (''),
/* preprocessor_version */ 'ST-DEVELOPER v18',
/* originating_system */ 'Autodesk Translation Framework v8.12.0.6',
/* authorisation */ '');

FILE_SCHEMA (('AUTOMOTIVE_DESIGN { 1 0 10303 214 3 1 1 }'));
ENDSEC;

DATA;
#10=MECHANICAL_DESIGN_GEOMETRIC_PRESENTATION_REPRESENTATION('',(#53,#54,
#55,#56,#57,#58,#59,#60,#61,#62),#1365);
#11=SHAPE_REPRESENTATION_RELATIONSHIP('SRR','None',#1372,#12);
#12=ADVANCED_BREP_SHAPE_REPRESENTATION('',(#17,#18,#19,#20,#21,#22,#23,
#24),#1364);
#13=TOROIDAL_SURFACE('',#491,800.,200.);
#14=TOROIDAL_SURFACE('',#503,1150.,100.);
#15=TOROIDAL_SURFACE('',#508,800.,200.);
#16=TOROIDAL_SURFACE('',#516,800.,200.);
#17=MANIFOLD_SOLID_BREP('Body2',#45);
#18=MANIFOLD_SOLID_BREP('Body3',#46);
#19=MANIFOLD_SOLID_BREP('Body4',#47);
#20=MANIFOLD_SOLID_BREP('Body5',#48);
#21=MANIFOLD_SOLID_BREP('Body7',#49);
#22=MANIFOLD_SOLID_BREP('Body8',#50);
#23=MANIFOLD_SOLID_BREP('Body9',#51);
#24=MANIFOLD_SOLID_BREP('Body10',#52);
#25=FACE_BOUND('',#122,.T.);
#26=PLANE('',#477);
#27=PLANE('',#478);
#28=PLANE('',#482);
#29=PLANE('',#489);
#30=PLANE('',#490);
#31=PLANE('',#497);
#32=PLANE('',#498);
#33=PLANE('',#500);
#34=PLANE('',#507);
#35=PLANE('',#514);
#36=PLANE('',#515);
#37=PLANE('',#522);
#38=PLANE('',#523);
#39=PLANE('',#527);
#40=PLANE('',#528);
#41=CYLINDRICAL_SURFACE('',#474,783.375);
#42=CYLINDRICAL_SURFACE('',#480,808.375);
#43=CYLINDRICAL_SURFACE('',#486,785.015935103028);
#44=CYLINDRICAL_SURFACE('',#524,807.821603331296);
#45=CLOSED_SHELL('',(#420,#421,#422,#423,#424));
#46=CLOSED_SHELL('',(#425,#426));
#47=CLOSED_SHELL('',(#427,#428,#429));
#48=CLOSED_SHELL('',(#430,#431,#432));
#49=CLOSED_SHELL('',(#434,#435,#436));
#50=CLOSED_SHELL('',(#437,#438,#439));
#51=CLOSED_SHELL('',(#440,#441,#442));
#52=CLOSED_SHELL('',(#443,#444,#445));
#53=STYLED_ITEM('',(#1382),#448);
#54=STYLED_ITEM('',(#1383),#17);
#55=STYLED_ITEM('',(#1382),#18);
#56=STYLED_ITEM('',(#1384),#19);
#57=STYLED_ITEM('',(#1384),#20);
#58=STYLED_ITEM('',(#1385),#449);
#59=STYLED_ITEM('',(#1382),#21);
#60=STYLED_ITEM('',(#1384),#22);
#61=STYLED_ITEM('',(#1384),#23);
#62=STYLED_ITEM('',(#1382),#24);
#63=LINE('',#928,#69);
#64=LINE('',#976,#70);
#65=LINE('',#985,#71);
#66=LINE('',#990,#72);
#67=LINE('',#1149,#73);
#68=LINE('',#1358,#74);
#69=VECTOR('',#549,811.026132504145);
#70=VECTOR('',#558,808.375);
#71=VECTOR('',#571,808.375);
#72=VECTOR('',#576,404.188733237467);
#73=VECTOR('',#585,785.015935103028);
#74=VECTOR('',#662,807.821603331296);
#75=CONICAL_SURFACE('',#471,811.026132504145,0.00254615306141754);
#76=CONICAL_SURFACE('',#483,404.188733237467,1.56636952840024);
#77=FACE_OUTER_BOUND('',#111,.T.);
#78=FACE_OUTER_BOUND('',#112,.T.);
#79=FACE_OUTER_BOUND('',#113,.T.);
#80=FACE_OUTER_BOUND('',#114,.T.);
#81=FACE_OUTER_BOUND('',#115,.T.);
#82=FACE_OUTER_BOUND('',#116,.T.);
#83=FACE_OUTER_BOUND('',#117,.T.);
#84=FACE_OUTER_BOUND('',#118,.T.);
#85=FACE_OUTER_BOUND('',#119,.T.);
#86=FACE_OUTER_BOUND('',#120,.T.);
#87=FACE_OUTER_BOUND('',#121,.T.);
#88=FACE_OUTER_BOUND('',#123,.T.);
#89=FACE_OUTER_BOUND('',#124,.T.);
#90=FACE_OUTER_BOUND('',#125,.T.);
#91=FACE_OUTER_BOUND('',#126,.T.);
#92=FACE_OUTER_BOUND('',#127,.T.);
#93=FACE_OUTER_BOUND('',#128,.T.);
#94=FACE_OUTER_BOUND('',#129,.T.);
#95=FACE_OUTER_BOUND('',#130,.T.);
#96=FACE_OUTER_BOUND('',#131,.T.);
#97=FACE_OUTER_BOUND('',#132,.T.);
#98=FACE_OUTER_BOUND('',#133,.T.);
#99=FACE_OUTER_BOUND('',#134,.T.);
#100=FACE_OUTER_BOUND('',#135,.T.);
#101=FACE_OUTER_BOUND('',#136,.T.);
#102=FACE_OUTER_BOUND('',#137,.T.);
#103=FACE_OUTER_BOUND('',#138,.T.);
#104=FACE_OUTER_BOUND('',#139,.T.);
#105=FACE_OUTER_BOUND('',#140,.T.);
#106=FACE_OUTER_BOUND('',#141,.T.);
#107=FACE_OUTER_BOUND('',#142,.T.);
#108=FACE_OUTER_BOUND('',#143,.T.);
#109=FACE_OUTER_BOUND('',#144,.T.);
#110=FACE_OUTER_BOUND('',#145,.T.);
#111=EDGE_LOOP('',(#292,#293,#294,#295));
#112=EDGE_LOOP('',(#296,#297,#298,#299));
#113=EDGE_LOOP('',(#300,#301,#302,#303));
#114=EDGE_LOOP('',(#304,#305,#306,#307));
#115=EDGE_LOOP('',(#308,#309,#310,#311));
#116=EDGE_LOOP('',(#312,#313,#314,#315,#316));
#117=EDGE_LOOP('',(#317,#318,#319,#320,#321,#322));
#118=EDGE_LOOP('',(#323,#324,#325,#326,#327));
#119=EDGE_LOOP('',(#328,#329,#330,#331));
#120=EDGE_LOOP('',(#332));
#121=EDGE_LOOP('',(#333));
#122=EDGE_LOOP('',(#334));
#123=EDGE_LOOP('',(#335,#336,#337,#338));
#124=EDGE_LOOP('',(#339));
#125=EDGE_LOOP('',(#340,#341,#342,#343));
#126=EDGE_LOOP('',(#344,#345,#346,#347));
#127=EDGE_LOOP('',(#348,#349,#350,#351));
#128=EDGE_LOOP('',(#352));
#129=EDGE_LOOP('',(#353));
#130=EDGE_LOOP('',(#354,#355,#356,#357,#358,#359));
#131=EDGE_LOOP('',(#360,#361));
#132=EDGE_LOOP('',(#362,#363));
#133=EDGE_LOOP('',(#364,#365,#366));
#134=EDGE_LOOP('',(#367,#368));
#135=EDGE_LOOP('',(#369,#370,#371,#372,#373,#374));
#136=EDGE_LOOP('',(#375,#376));
#137=EDGE_LOOP('',(#377,#378,#379,#380,#381,#382));
#138=EDGE_LOOP('',(#383,#384));
#139=EDGE_LOOP('',(#385,#386));
#140=EDGE_LOOP('',(#387,#388,#389,#390,#391,#392));
#141=EDGE_LOOP('',(#393,#394));
#142=EDGE_LOOP('',(#395,#396));
#143=EDGE_LOOP('',(#397,#398,#399,#400));
#144=EDGE_LOOP('',(#401));
#145=EDGE_LOOP('',(#402));
#146=CIRCLE('',#463,1264.12504037221);
#147=CIRCLE('',#464,1360.69799741109);
#148=CIRCLE('',#465,1610.72916666667);
#149=CIRCLE('',#466,2199.42708333333);
#150=CIRCLE('',#467,2647.23445574443);
#151=CIRCLE('',#468,975.067768891653);
#152=CIRCLE('',#469,808.380289077759);
#153=CIRCLE('',#470,808.380289077759);
#154=CIRCLE('',#472,813.671975930532);
#155=CIRCLE('',#473,813.671975930532);
#156=CIRCLE('',#475,783.375);
#157=CIRCLE('',#476,783.375);
#158=CIRCLE('',#479,808.375);
#159=CIRCLE('',#481,808.375);
#160=CIRCLE('',#484,808.377466474934);
#161=CIRCLE('',#485,808.377466474934);
#162=CIRCLE('',#487,785.015935103028);
#163=CIRCLE('',#488,785.015935103028);
#164=CIRCLE('',#492,1000.);
#165=CIRCLE('',#493,1000.);
#166=CIRCLE('',#494,200.);
#167=CIRCLE('',#495,800.);
#168=CIRCLE('',#496,800.);
#169=CIRCLE('',#499,125.);
#170=CIRCLE('',#501,1150.);
#171=CIRCLE('',#502,1150.);
#172=CIRCLE('',#504,1150.);
#173=CIRCLE('',#505,100.);
#174=CIRCLE('',#506,1150.);
#175=CIRCLE('',#509,1000.);
#176=CIRCLE('',#510,1000.);
#177=CIRCLE('',#511,200.);
#178=CIRCLE('',#512,800.);
#179=CIRCLE('',#513,800.);
#180=CIRCLE('',#517,1000.);
#181=CIRCLE('',#518,1000.);
#182=CIRCLE('',#519,200.);
#183=CIRCLE('',#520,800.);
#184=CIRCLE('',#521,800.);
#185=CIRCLE('',#525,807.821603331296);
#186=CIRCLE('',#526,807.821603331296);
#187=(
BOUNDED_CURVE()
B_SPLINE_CURVE(3,(#708,#709,#710,#711),.UNSPECIFIED.,.F.,.F.)
B_SPLINE_CURVE_WITH_KNOTS((4,4),(0.,1.),.UNSPECIFIED.)
CURVE()
GEOMETRIC_REPRESENTATION_ITEM()
RATIONAL_B_SPLINE_CURVE((1.,1.,1.,1.))
REPRESENTATION_ITEM('')
);
#188=(
BOUNDED_CURVE()
B_SPLINE_CURVE(3,(#751,#752,#753,#754),.UNSPECIFIED.,.F.,.F.)
B_SPLINE_CURVE_WITH_KNOTS((4,4),(0.,1.),.UNSPECIFIED.)
CURVE()
GEOMETRIC_REPRESENTATION_ITEM()
RATIONAL_B_SPLINE_CURVE((1.,1.,1.,1.))
REPRESENTATION_ITEM('')
);
#189=(
BOUNDED_CURVE()
B_SPLINE_CURVE(3,(#793,#794,#795,#796),.UNSPECIFIED.,.F.,.F.)
B_SPLINE_CURVE_WITH_KNOTS((4,4),(0.,1.),.UNSPECIFIED.)
CURVE()
GEOMETRIC_REPRESENTATION_ITEM()
RATIONAL_B_SPLINE_CURVE((1.,1.,1.,1.))
REPRESENTATION_ITEM('')
);
#190=(
BOUNDED_CURVE()
B_SPLINE_CURVE(3,(#835,#836,#837,#838),.UNSPECIFIED.,.F.,.F.)
B_SPLINE_CURVE_WITH_KNOTS((4,4),(0.,1.),.UNSPECIFIED.)
CURVE()
GEOMETRIC_REPRESENTATION_ITEM()
RATIONAL_B_SPLINE_CURVE((1.,1.,1.,1.))
REPRESENTATION_ITEM('')
);
#191=(
BOUNDED_CURVE()
B_SPLINE_CURVE(3,(#877,#878,#879,#880),.UNSPECIFIED.,.F.,.F.)
B_SPLINE_CURVE_WITH_KNOTS((4,4),(0.,1.),.UNSPECIFIED.)
CURVE()
GEOMETRIC_REPRESENTATION_ITEM()
RATIONAL_B_SPLINE_CURVE((1.,1.,1.,1.))
REPRESENTATION_ITEM('')
);
#192=(
BOUNDED_CURVE()
B_SPLINE_CURVE(3,(#919,#920,#921,#922),.UNSPECIFIED.,.F.,.F.)
B_SPLINE_CURVE_WITH_KNOTS((4,4),(0.,1.),.UNSPECIFIED.)
CURVE()
GEOMETRIC_REPRESENTATION_ITEM()
RATIONAL_B_SPLINE_CURVE((1.,1.,1.,1.))
REPRESENTATION_ITEM('')
);
#193=(
BOUNDED_CURVE()
B_SPLINE_CURVE(3,(#968,#969,#970,#971),.UNSPECIFIED.,.F.,.F.)
B_SPLINE_CURVE_WITH_KNOTS((4,4),(0.,1.),.UNSPECIFIED.)
CURVE()
GEOMETRIC_REPRESENTATION_ITEM()
RATIONAL_B_SPLINE_CURVE((1.,1.,1.,1.))
REPRESENTATION_ITEM('')
);
#194=(
BOUNDED_CURVE()
B_SPLINE_CURVE(5,(#1130,#1131,#1132,#1133,#1134,#1135,#1136,#1137,#1138,
#1139,#1140,#1141,#1142,#1143,#1144),.UNSPECIFIED.,.F.,.F.)
B_SPLINE_CURVE_WITH_KNOTS((6,1,1,1,1,1,1,1,1,1,6),(0.,0.1,0.2,0.3,0.4,0.5,
0.6,0.7,0.8,0.9,1.),.UNSPECIFIED.)
CURVE()
GEOMETRIC_REPRESENTATION_ITEM()
RATIONAL_B_SPLINE_CURVE((1.,1.,1.,1.,1.,1.,1.,1.,1.,1.,1.,1.,1.,1.,1.))
REPRESENTATION_ITEM('')
);
#195=(
BOUNDED_CURVE()
B_SPLINE_CURVE(5,(#1302,#1303,#1304,#1305,#1306,#1307,#1308,#1309,#1310,
#1311,#1312,#1313,#1314,#1315,#1316),.UNSPECIFIED.,.F.,.F.)
B_SPLINE_CURVE_WITH_KNOTS((6,1,1,1,1,1,1,1,1,1,6),(0.,0.1,0.2,0.3,0.4,0.5,
0.6,0.7,0.8,0.9,1.),.UNSPECIFIED.)
CURVE()
GEOMETRIC_REPRESENTATION_ITEM()
RATIONAL_B_SPLINE_CURVE((1.,1.,1.,1.,1.,1.,1.,1.,1.,1.,1.,1.,1.,1.,1.))
REPRESENTATION_ITEM('')
);
#196=VERTEX_POINT('',#706);
#197=VERTEX_POINT('',#707);
#198=VERTEX_POINT('',#750);
#199=VERTEX_POINT('',#792);
#200=VERTEX_POINT('',#834);
#201=VERTEX_POINT('',#876);
#202=VERTEX_POINT('',#918);
#203=VERTEX_POINT('',#923);
#204=VERTEX_POINT('',#927);
#205=VERTEX_POINT('',#929);
#206=VERTEX_POINT('',#973);
#207=VERTEX_POINT('',#975);
#208=VERTEX_POINT('',#980);
#209=VERTEX_POINT('',#983);
#210=VERTEX_POINT('',#988);
#211=VERTEX_POINT('',#989);
#212=VERTEX_POINT('',#991);
#213=VERTEX_POINT('',#1129);
#214=VERTEX_POINT('',#1146);
#215=VERTEX_POINT('',#1148);
#216=VERTEX_POINT('',#1154);
#217=VERTEX_POINT('',#1155);
#218=VERTEX_POINT('',#1158);
#219=VERTEX_POINT('',#1160);
#220=VERTEX_POINT('',#1300);
#221=VERTEX_POINT('',#1301);
#222=VERTEX_POINT('',#1319);
#223=VERTEX_POINT('',#1320);
#224=VERTEX_POINT('',#1324);
#225=VERTEX_POINT('',#1325);
#226=VERTEX_POINT('',#1331);
#227=VERTEX_POINT('',#1332);
#228=VERTEX_POINT('',#1335);
#229=VERTEX_POINT('',#1337);
#230=VERTEX_POINT('',#1343);
#231=VERTEX_POINT('',#1344);
#232=VERTEX_POINT('',#1347);
#233=VERTEX_POINT('',#1349);
#234=VERTEX_POINT('',#1355);
#235=VERTEX_POINT('',#1357);
#236=EDGE_CURVE('',#196,#197,#187,.T.);
#237=EDGE_CURVE('',#196,#196,#146,.T.);
#238=EDGE_CURVE('',#197,#197,#147,.T.);
#239=EDGE_CURVE('',#197,#198,#188,.T.);
#240=EDGE_CURVE('',#198,#198,#148,.T.);
#241=EDGE_CURVE('',#198,#199,#189,.T.);
#242=EDGE_CURVE('',#199,#199,#149,.T.);
#243=EDGE_CURVE('',#199,#200,#190,.T.);
#244=EDGE_CURVE('',#200,#200,#150,.T.);
#245=EDGE_CURVE('',#200,#201,#191,.T.);
#246=EDGE_CURVE('',#201,#201,#151,.T.);
#247=EDGE_CURVE('',#201,#202,#192,.T.);
#248=EDGE_CURVE('',#203,#202,#152,.T.);
#249=EDGE_CURVE('',#202,#203,#153,.T.);
#250=EDGE_CURVE('',#203,#204,#63,.T.);
#251=EDGE_CURVE('',#205,#204,#154,.T.);
#252=EDGE_CURVE('',#204,#205,#155,.T.);
#253=EDGE_CURVE('',#205,#196,#193,.T.);
#254=EDGE_CURVE('',#206,#206,#156,.T.);
#255=EDGE_CURVE('',#206,#207,#64,.T.);
#256=EDGE_CURVE('',#207,#207,#157,.T.);
#257=EDGE_CURVE('',#208,#208,#158,.T.);
#258=EDGE_CURVE('',#209,#209,#159,.T.);
#259=EDGE_CURVE('',#209,#208,#65,.T.);
#260=EDGE_CURVE('',#210,#211,#66,.T.);
#261=EDGE_CURVE('',#212,#211,#160,.T.);
#262=EDGE_CURVE('',#211,#212,#161,.T.);
#263=EDGE_CURVE('',#212,#213,#194,.T.);
#264=EDGE_CURVE('',#214,#214,#162,.T.);
#265=EDGE_CURVE('',#214,#215,#67,.T.);
#266=EDGE_CURVE('',#215,#215,#163,.T.);
#267=EDGE_CURVE('',#216,#217,#164,.T.);
#268=EDGE_CURVE('',#217,#216,#165,.T.);
#269=EDGE_CURVE('',#217,#218,#166,.T.);
#270=EDGE_CURVE('',#218,#219,#167,.T.);
#271=EDGE_CURVE('',#219,#218,#168,.T.);
#272=EDGE_CURVE('',#220,#221,#195,.T.);
#273=EDGE_CURVE('',#221,#221,#169,.T.);
#274=EDGE_CURVE('',#222,#223,#170,.T.);
#275=EDGE_CURVE('',#223,#222,#171,.T.);
#276=EDGE_CURVE('',#224,#225,#172,.T.);
#277=EDGE_CURVE('',#225,#223,#173,.T.);
#278=EDGE_CURVE('',#225,#224,#174,.T.);
#279=EDGE_CURVE('',#226,#227,#175,.T.);
#280=EDGE_CURVE('',#227,#226,#176,.T.);
#281=EDGE_CURVE('',#227,#228,#177,.T.);
#282=EDGE_CURVE('',#228,#229,#178,.T.);
#283=EDGE_CURVE('',#229,#228,#179,.T.);
#284=EDGE_CURVE('',#230,#231,#180,.T.);
#285=EDGE_CURVE('',#231,#230,#181,.T.);
#286=EDGE_CURVE('',#231,#232,#182,.T.);
#287=EDGE_CURVE('',#232,#233,#183,.T.);
#288=EDGE_CURVE('',#233,#232,#184,.T.);
#289=EDGE_CURVE('',#234,#234,#185,.T.);
#290=EDGE_CURVE('',#234,#235,#68,.T.);
#291=EDGE_CURVE('',#235,#235,#186,.T.);
#292=ORIENTED_EDGE('',*,*,#236,.F.);
#293=ORIENTED_EDGE('',*,*,#237,.T.);
#294=ORIENTED_EDGE('',*,*,#236,.T.);
#295=ORIENTED_EDGE('',*,*,#238,.F.);
#296=ORIENTED_EDGE('',*,*,#239,.F.);
#297=ORIENTED_EDGE('',*,*,#238,.T.);
#298=ORIENTED_EDGE('',*,*,#239,.T.);
#299=ORIENTED_EDGE('',*,*,#240,.F.);
#300=ORIENTED_EDGE('',*,*,#241,.F.);
#301=ORIENTED_EDGE('',*,*,#240,.T.);
#302=ORIENTED_EDGE('',*,*,#241,.T.);
#303=ORIENTED_EDGE('',*,*,#242,.F.);
#304=ORIENTED_EDGE('',*,*,#243,.F.);
#305=ORIENTED_EDGE('',*,*,#242,.T.);
#306=ORIENTED_EDGE('',*,*,#243,.T.);
#307=ORIENTED_EDGE('',*,*,#244,.F.);
#308=ORIENTED_EDGE('',*,*,#245,.F.);
#309=ORIENTED_EDGE('',*,*,#244,.T.);
#310=ORIENTED_EDGE('',*,*,#245,.T.);
#311=ORIENTED_EDGE('',*,*,#246,.F.);
#312=ORIENTED_EDGE('',*,*,#247,.F.);
#313=ORIENTED_EDGE('',*,*,#246,.T.);
#314=ORIENTED_EDGE('',*,*,#247,.T.);
#315=ORIENTED_EDGE('',*,*,#248,.F.);
#316=ORIENTED_EDGE('',*,*,#249,.F.);
#317=ORIENTED_EDGE('',*,*,#249,.T.);
#318=ORIENTED_EDGE('',*,*,#250,.T.);
#319=ORIENTED_EDGE('',*,*,#251,.F.);
#320=ORIENTED_EDGE('',*,*,#252,.F.);
#321=ORIENTED_EDGE('',*,*,#250,.F.);
#322=ORIENTED_EDGE('',*,*,#248,.T.);
#323=ORIENTED_EDGE('',*,*,#253,.F.);
#324=ORIENTED_EDGE('',*,*,#251,.T.);
#325=ORIENTED_EDGE('',*,*,#252,.T.);
#326=ORIENTED_EDGE('',*,*,#253,.T.);
#327=ORIENTED_EDGE('',*,*,#237,.F.);
#328=ORIENTED_EDGE('',*,*,#254,.F.);
#329=ORIENTED_EDGE('',*,*,#255,.T.);
#330=ORIENTED_EDGE('',*,*,#256,.T.);
#331=ORIENTED_EDGE('',*,*,#255,.F.);
#332=ORIENTED_EDGE('',*,*,#256,.F.);
#333=ORIENTED_EDGE('',*,*,#257,.F.);
#334=ORIENTED_EDGE('',*,*,#254,.T.);
#335=ORIENTED_EDGE('',*,*,#258,.F.);
#336=ORIENTED_EDGE('',*,*,#259,.T.);
#337=ORIENTED_EDGE('',*,*,#257,.T.);
#338=ORIENTED_EDGE('',*,*,#259,.F.);
#339=ORIENTED_EDGE('',*,*,#258,.T.);
#340=ORIENTED_EDGE('',*,*,#260,.T.);
#341=ORIENTED_EDGE('',*,*,#261,.F.);
#342=ORIENTED_EDGE('',*,*,#262,.F.);
#343=ORIENTED_EDGE('',*,*,#260,.F.);
#344=ORIENTED_EDGE('',*,*,#263,.F.);
#345=ORIENTED_EDGE('',*,*,#261,.T.);
#346=ORIENTED_EDGE('',*,*,#262,.T.);
#347=ORIENTED_EDGE('',*,*,#263,.T.);
#348=ORIENTED_EDGE('',*,*,#264,.F.);
#349=ORIENTED_EDGE('',*,*,#265,.T.);
#350=ORIENTED_EDGE('',*,*,#266,.F.);
#351=ORIENTED_EDGE('',*,*,#265,.F.);
#352=ORIENTED_EDGE('',*,*,#266,.T.);
#353=ORIENTED_EDGE('',*,*,#264,.T.);
#354=ORIENTED_EDGE('',*,*,#267,.F.);
#355=ORIENTED_EDGE('',*,*,#268,.F.);
#356=ORIENTED_EDGE('',*,*,#269,.T.);
#357=ORIENTED_EDGE('',*,*,#270,.T.);
#358=ORIENTED_EDGE('',*,*,#271,.T.);
#359=ORIENTED_EDGE('',*,*,#269,.F.);
#360=ORIENTED_EDGE('',*,*,#271,.F.);
#361=ORIENTED_EDGE('',*,*,#270,.F.);
#362=ORIENTED_EDGE('',*,*,#267,.T.);
#363=ORIENTED_EDGE('',*,*,#268,.T.);
#364=ORIENTED_EDGE('',*,*,#272,.T.);
#365=ORIENTED_EDGE('',*,*,#273,.T.);
#366=ORIENTED_EDGE('',*,*,#272,.F.);
#367=ORIENTED_EDGE('',*,*,#274,.F.);
#368=ORIENTED_EDGE('',*,*,#275,.F.);
#369=ORIENTED_EDGE('',*,*,#276,.T.);
#370=ORIENTED_EDGE('',*,*,#277,.T.);
#371=ORIENTED_EDGE('',*,*,#275,.T.);
#372=ORIENTED_EDGE('',*,*,#274,.T.);
#373=ORIENTED_EDGE('',*,*,#277,.F.);
#374=ORIENTED_EDGE('',*,*,#278,.T.);
#375=ORIENTED_EDGE('',*,*,#276,.F.);
#376=ORIENTED_EDGE('',*,*,#278,.F.);
#377=ORIENTED_EDGE('',*,*,#279,.F.);
#378=ORIENTED_EDGE('',*,*,#280,.F.);
#379=ORIENTED_EDGE('',*,*,#281,.T.);
#380=ORIENTED_EDGE('',*,*,#282,.T.);
#381=ORIENTED_EDGE('',*,*,#283,.T.);
#382=ORIENTED_EDGE('',*,*,#281,.F.);
#383=ORIENTED_EDGE('',*,*,#283,.F.);
#384=ORIENTED_EDGE('',*,*,#282,.F.);
#385=ORIENTED_EDGE('',*,*,#279,.T.);
#386=ORIENTED_EDGE('',*,*,#280,.T.);
#387=ORIENTED_EDGE('',*,*,#284,.F.);
#388=ORIENTED_EDGE('',*,*,#285,.F.);
#389=ORIENTED_EDGE('',*,*,#286,.T.);
#390=ORIENTED_EDGE('',*,*,#287,.T.);
#391=ORIENTED_EDGE('',*,*,#288,.T.);
#392=ORIENTED_EDGE('',*,*,#286,.F.);
#393=ORIENTED_EDGE('',*,*,#288,.F.);
#394=ORIENTED_EDGE('',*,*,#287,.F.);
#395=ORIENTED_EDGE('',*,*,#284,.T.);
#396=ORIENTED_EDGE('',*,*,#285,.T.);
#397=ORIENTED_EDGE('',*,*,#289,.F.);
#398=ORIENTED_EDGE('',*,*,#290,.T.);
#399=ORIENTED_EDGE('',*,*,#291,.T.);
#400=ORIENTED_EDGE('',*,*,#290,.F.);
#401=ORIENTED_EDGE('',*,*,#289,.T.);
#402=ORIENTED_EDGE('',*,*,#291,.F.);
#403=(
BOUNDED_SURFACE()
B_SPLINE_SURFACE(3,2,((#670,#671,#672,#673,#674,#675,#676,#677,#678),(#679,
#680,#681,#682,#683,#684,#685,#686,#687),(#688,#689,#690,#691,#692,#693,
#694,#695,#696),(#697,#698,#699,#700,#701,#702,#703,#704,#705)),
 .UNSPECIFIED.,.F.,.T.,.F.)
B_SPLINE_SURFACE_WITH_KNOTS((4,4),(3,2,2,2,3),(-1.,0.),(0.,1.5707963267949,
3.14159265358979,4.71238898038469,6.28318530717959),.UNSPECIFIED.)
GEOMETRIC_REPRESENTATION_ITEM()
RATIONAL_B_SPLINE_SURFACE(((1.,0.707106781186548,1.,0.707106781186548,1.,
0.707106781186548,1.,0.707106781186548,1.),(1.,0.707106781186548,1.,0.707106781186548,
1.,0.707106781186548,1.,0.707106781186548,1.),(1.,0.707106781186548,1.,
0.707106781186548,1.,0.707106781186548,1.,0.707106781186548,1.),(1.,0.707106781186548,
1.,0.707106781186548,1.,0.707106781186548,1.,0.707106781186548,1.)))
REPRESENTATION_ITEM('')
SURFACE()
);
#404=(
BOUNDED_SURFACE()
B_SPLINE_SURFACE(3,2,((#714,#715,#716,#717,#718,#719,#720,#721,#722),(#723,
#724,#725,#726,#727,#728,#729,#730,#731),(#732,#733,#734,#735,#736,#737,
#738,#739,#740),(#741,#742,#743,#744,#745,#746,#747,#748,#749)),
 .UNSPECIFIED.,.F.,.T.,.F.)
B_SPLINE_SURFACE_WITH_KNOTS((4,4),(3,2,2,2,3),(-1.,0.),(0.,1.5707963267949,
3.14159265358979,4.71238898038469,6.28318530717959),.UNSPECIFIED.)
GEOMETRIC_REPRESENTATION_ITEM()
RATIONAL_B_SPLINE_SURFACE(((1.,0.707106781186548,1.,0.707106781186548,1.,
0.707106781186548,1.,0.707106781186548,1.),(1.,0.707106781186548,1.,0.707106781186548,
1.,0.707106781186548,1.,0.707106781186548,1.),(1.,0.707106781186548,1.,
0.707106781186548,1.,0.707106781186548,1.,0.707106781186548,1.),(1.,0.707106781186548,
1.,0.707106781186548,1.,0.707106781186548,1.,0.707106781186548,1.)))
REPRESENTATION_ITEM('')
SURFACE()
);
#405=(
BOUNDED_SURFACE()
B_SPLINE_SURFACE(3,2,((#756,#757,#758,#759,#760,#761,#762,#763,#764),(#765,
#766,#767,#768,#769,#770,#771,#772,#773),(#774,#775,#776,#777,#778,#779,
#780,#781,#782),(#783,#784,#785,#786,#787,#788,#789,#790,#791)),
 .UNSPECIFIED.,.F.,.T.,.F.)
B_SPLINE_SURFACE_WITH_KNOTS((4,4),(3,2,2,2,3),(-1.,0.),(0.,1.5707963267949,
3.14159265358979,4.71238898038469,6.28318530717959),.UNSPECIFIED.)
GEOMETRIC_REPRESENTATION_ITEM()
RATIONAL_B_SPLINE_SURFACE(((1.,0.707106781186548,1.,0.707106781186548,1.,
0.707106781186548,1.,0.707106781186548,1.),(1.,0.707106781186548,1.,0.707106781186548,
1.,0.707106781186548,1.,0.707106781186548,1.),(1.,0.707106781186548,1.,
0.707106781186548,1.,0.707106781186548,1.,0.707106781186548,1.),(1.,0.707106781186548,
1.,0.707106781186548,1.,0.707106781186548,1.,0.707106781186548,1.)))
REPRESENTATION_ITEM('')
SURFACE()
);
#406=(
BOUNDED_SURFACE()
B_SPLINE_SURFACE(3,2,((#798,#799,#800,#801,#802,#803,#804,#805,#806),(#807,
#808,#809,#810,#811,#812,#813,#814,#815),(#816,#817,#818,#819,#820,#821,
#822,#823,#824),(#825,#826,#827,#828,#829,#830,#831,#832,#833)),
 .UNSPECIFIED.,.F.,.T.,.F.)
B_SPLINE_SURFACE_WITH_KNOTS((4,4),(3,2,2,2,3),(-1.,0.),(0.,1.5707963267949,
3.14159265358979,4.71238898038469,6.28318530717959),.UNSPECIFIED.)
GEOMETRIC_REPRESENTATION_ITEM()
RATIONAL_B_SPLINE_SURFACE(((1.,0.707106781186548,1.,0.707106781186548,1.,
0.707106781186548,1.,0.707106781186548,1.),(1.,0.707106781186548,1.,0.707106781186548,
1.,0.707106781186548,1.,0.707106781186548,1.),(1.,0.707106781186548,1.,
0.707106781186548,1.,0.707106781186548,1.,0.707106781186548,1.),(1.,0.707106781186548,
1.,0.707106781186548,1.,0.707106781186548,1.,0.707106781186548,1.)))
REPRESENTATION_ITEM('')
SURFACE()
);
#407=(
BOUNDED_SURFACE()
B_SPLINE_SURFACE(3,2,((#840,#841,#842,#843,#844,#845,#846,#847,#848),(#849,
#850,#851,#852,#853,#854,#855,#856,#857),(#858,#859,#860,#861,#862,#863,
#864,#865,#866),(#867,#868,#869,#870,#871,#872,#873,#874,#875)),
 .UNSPECIFIED.,.F.,.T.,.F.)
B_SPLINE_SURFACE_WITH_KNOTS((4,4),(3,2,2,2,3),(-1.,0.),(0.,1.5707963267949,
3.14159265358979,4.71238898038469,6.28318530717959),.UNSPECIFIED.)
GEOMETRIC_REPRESENTATION_ITEM()
RATIONAL_B_SPLINE_SURFACE(((1.,0.707106781186548,1.,0.707106781186548,1.,
0.707106781186548,1.,0.707106781186548,1.),(1.,0.707106781186548,1.,0.707106781186548,
1.,0.707106781186548,1.,0.707106781186548,1.),(1.,0.707106781186548,1.,
0.707106781186548,1.,0.707106781186548,1.,0.707106781186548,1.),(1.,0.707106781186548,
1.,0.707106781186548,1.,0.707106781186548,1.,0.707106781186548,1.)))
REPRESENTATION_ITEM('')
SURFACE()
);
#408=(
BOUNDED_SURFACE()
B_SPLINE_SURFACE(3,2,((#882,#883,#884,#885,#886,#887,#888,#889,#890),(#891,
#892,#893,#894,#895,#896,#897,#898,#899),(#900,#901,#902,#903,#904,#905,
#906,#907,#908),(#909,#910,#911,#912,#913,#914,#915,#916,#917)),
 .UNSPECIFIED.,.F.,.T.,.F.)
B_SPLINE_SURFACE_WITH_KNOTS((4,4),(3,2,2,2,3),(-1.,0.),(0.,1.5707963267949,
3.14159265358979,4.71238898038469,6.28318530717959),.UNSPECIFIED.)
GEOMETRIC_REPRESENTATION_ITEM()
RATIONAL_B_SPLINE_SURFACE(((1.,0.707106781186548,1.,0.707106781186548,1.,
0.707106781186548,1.,0.707106781186548,1.),(1.,0.707106781186548,1.,0.707106781186548,
1.,0.707106781186548,1.,0.707106781186548,1.),(1.,0.707106781186548,1.,
0.707106781186548,1.,0.707106781186548,1.,0.707106781186548,1.),(1.,0.707106781186548,
1.,0.707106781186548,1.,0.707106781186548,1.,0.707106781186548,1.)))
REPRESENTATION_ITEM('')
SURFACE()
);
#409=(
BOUNDED_SURFACE()
B_SPLINE_SURFACE(3,2,((#932,#933,#934,#935,#936,#937,#938,#939,#940),(#941,
#942,#943,#944,#945,#946,#947,#948,#949),(#950,#951,#952,#953,#954,#955,
#956,#957,#958),(#959,#960,#961,#962,#963,#964,#965,#966,#967)),
 .UNSPECIFIED.,.F.,.T.,.F.)
B_SPLINE_SURFACE_WITH_KNOTS((4,4),(3,2,2,2,3),(-1.,0.),(0.,1.5707963267949,
3.14159265358979,4.71238898038469,6.28318530717959),.UNSPECIFIED.)
GEOMETRIC_REPRESENTATION_ITEM()
RATIONAL_B_SPLINE_SURFACE(((1.,0.707106781186548,1.,0.707106781186548,1.,
0.707106781186548,1.,0.707106781186548,1.),(1.,0.707106781186548,1.,0.707106781186548,
1.,0.707106781186548,1.,0.707106781186548,1.),(1.,0.707106781186548,1.,
0.707106781186548,1.,0.707106781186548,1.,0.707106781186548,1.),(1.,0.707106781186548,
1.,0.707106781186548,1.,0.707106781186548,1.,0.707106781186548,1.)))
REPRESENTATION_ITEM('')
SURFACE()
);
#410=(
BOUNDED_SURFACE()
B_SPLINE_SURFACE(5,2,((#994,#995,#996,#997,#998,#999,#1000,#1001,#1002),
(#1003,#1004,#1005,#1006,#1007,#1008,#1009,#1010,#1011),(#1012,#1013,#1014,
#1015,#1016,#1017,#1018,#1019,#1020),(#1021,#1022,#1023,#1024,#1025,#1026,
#1027,#1028,#1029),(#1030,#1031,#1032,#1033,#1034,#1035,#1036,#1037,#1038),
(#1039,#1040,#1041,#1042,#1043,#1044,#1045,#1046,#1047),(#1048,#1049,#1050,
#1051,#1052,#1053,#1054,#1055,#1056),(#1057,#1058,#1059,#1060,#1061,#1062,
#1063,#1064,#1065),(#1066,#1067,#1068,#1069,#1070,#1071,#1072,#1073,#1074),
(#1075,#1076,#1077,#1078,#1079,#1080,#1081,#1082,#1083),(#1084,#1085,#1086,
#1087,#1088,#1089,#1090,#1091,#1092),(#1093,#1094,#1095,#1096,#1097,#1098,
#1099,#1100,#1101),(#1102,#1103,#1104,#1105,#1106,#1107,#1108,#1109,#1110),
(#1111,#1112,#1113,#1114,#1115,#1116,#1117,#1118,#1119),(#1120,#1121,#1122,
#1123,#1124,#1125,#1126,#1127,#1128)),.UNSPECIFIED.,.F.,.T.,.F.)
B_SPLINE_SURFACE_WITH_KNOTS((6,1,1,1,1,1,1,1,1,1,6),(3,2,2,2,3),(-1.,-0.9,
-0.8,-0.7,-0.6,-0.5,-0.4,-0.3,-0.2,-0.1,0.),(0.,1.5707963267949,3.14159265358979,
4.71238898038469,6.28318530717959),.UNSPECIFIED.)
GEOMETRIC_REPRESENTATION_ITEM()
RATIONAL_B_SPLINE_SURFACE(((1.,0.707106781186548,1.,0.707106781186548,1.,
0.707106781186548,1.,0.707106781186548,1.),(1.,0.707106781186548,1.,0.707106781186548,
1.,0.707106781186548,1.,0.707106781186548,1.),(1.,0.707106781186548,1.,
0.707106781186548,1.,0.707106781186548,1.,0.707106781186548,1.),(1.,0.707106781186548,
1.,0.707106781186548,1.,0.707106781186548,1.,0.707106781186548,1.),(1.,
0.707106781186548,1.,0.707106781186548,1.,0.707106781186548,1.,0.707106781186548,
1.),(1.,0.707106781186548,1.,0.707106781186548,1.,0.707106781186548,1.,
0.707106781186548,1.),(1.,0.707106781186548,1.,0.707106781186548,1.,0.707106781186548,
1.,0.707106781186548,1.),(1.,0.707106781186548,1.,0.707106781186548,1.,
0.707106781186548,1.,0.707106781186548,1.),(1.,0.707106781186548,1.,0.707106781186548,
1.,0.707106781186548,1.,0.707106781186548,1.),(1.,0.707106781186548,1.,
0.707106781186548,1.,0.707106781186548,1.,0.707106781186548,1.),(1.,0.707106781186548,
1.,0.707106781186548,1.,0.707106781186548,1.,0.707106781186548,1.),(1.,
0.707106781186548,1.,0.707106781186548,1.,0.707106781186548,1.,0.707106781186548,
1.),(1.,0.707106781186548,1.,0.707106781186548,1.,0.707106781186548,1.,
0.707106781186548,1.),(1.,0.707106781186548,1.,0.707106781186548,1.,0.707106781186548,
1.,0.707106781186548,1.),(1.,0.707106781186548,1.,0.707106781186548,1.,
0.707106781186548,1.,0.707106781186548,1.)))
REPRESENTATION_ITEM('')
SURFACE()
);
#411=(
BOUNDED_SURFACE()
B_SPLINE_SURFACE(5,2,((#1165,#1166,#1167,#1168,#1169,#1170,#1171,#1172,
#1173),(#1174,#1175,#1176,#1177,#1178,#1179,#1180,#1181,#1182),(#1183,#1184,
#1185,#1186,#1187,#1188,#1189,#1190,#1191),(#1192,#1193,#1194,#1195,#1196,
#1197,#1198,#1199,#1200),(#1201,#1202,#1203,#1204,#1205,#1206,#1207,#1208,
#1209),(#1210,#1211,#1212,#1213,#1214,#1215,#1216,#1217,#1218),(#1219,#1220,
#1221,#1222,#1223,#1224,#1225,#1226,#1227),(#1228,#1229,#1230,#1231,#1232,
#1233,#1234,#1235,#1236),(#1237,#1238,#1239,#1240,#1241,#1242,#1243,#1244,
#1245),(#1246,#1247,#1248,#1249,#1250,#1251,#1252,#1253,#1254),(#1255,#1256,
#1257,#1258,#1259,#1260,#1261,#1262,#1263),(#1264,#1265,#1266,#1267,#1268,
#1269,#1270,#1271,#1272),(#1273,#1274,#1275,#1276,#1277,#1278,#1279,#1280,
#1281),(#1282,#1283,#1284,#1285,#1286,#1287,#1288,#1289,#1290),(#1291,#1292,
#1293,#1294,#1295,#1296,#1297,#1298,#1299)),.UNSPECIFIED.,.F.,.T.,.F.)
B_SPLINE_SURFACE_WITH_KNOTS((6,1,1,1,1,1,1,1,1,1,6),(3,2,2,2,3),(0.,0.1,
0.2,0.3,0.4,0.5,0.6,0.7,0.8,0.9,1.),(0.,1.5707963267949,3.14159265358979,
4.71238898038469,6.28318530717959),.UNSPECIFIED.)
GEOMETRIC_REPRESENTATION_ITEM()
RATIONAL_B_SPLINE_SURFACE(((1.,0.707106781186548,1.,0.707106781186548,1.,
0.707106781186548,1.,0.707106781186548,1.),(1.,0.707106781186548,1.,0.707106781186548,
1.,0.707106781186548,1.,0.707106781186548,1.),(1.,0.707106781186548,1.,
0.707106781186548,1.,0.707106781186548,1.,0.707106781186548,1.),(1.,0.707106781186548,
1.,0.707106781186548,1.,0.707106781186548,1.,0.707106781186548,1.),(1.,
0.707106781186548,1.,0.707106781186548,1.,0.707106781186548,1.,0.707106781186548,
1.),(1.,0.707106781186548,1.,0.707106781186548,1.,0.707106781186548,1.,
0.707106781186548,1.),(1.,0.707106781186548,1.,0.707106781186548,1.,0.707106781186548,
1.,0.707106781186548,1.),(1.,0.707106781186548,1.,0.707106781186548,1.,
0.707106781186548,1.,0.707106781186548,1.),(1.,0.707106781186548,1.,0.707106781186548,
1.,0.707106781186548,1.,0.707106781186548,1.),(1.,0.707106781186548,1.,
0.707106781186548,1.,0.707106781186548,1.,0.707106781186548,1.),(1.,0.707106781186548,
1.,0.707106781186548,1.,0.707106781186548,1.,0.707106781186548,1.),(1.,
0.707106781186548,1.,0.707106781186548,1.,0.707106781186548,1.,0.707106781186548,
1.),(1.,0.707106781186548,1.,0.707106781186548,1.,0.707106781186548,1.,
0.707106781186548,1.),(1.,0.707106781186548,1.,0.707106781186548,1.,0.707106781186548,
1.,0.707106781186548,1.),(1.,0.707106781186548,1.,0.707106781186548,1.,
0.707106781186548,1.,0.707106781186548,1.)))
REPRESENTATION_ITEM('')
SURFACE()
);
#412=ADVANCED_FACE('',(#77),#403,.T.);
#413=ADVANCED_FACE('',(#78),#404,.T.);
#414=ADVANCED_FACE('',(#79),#405,.T.);
#415=ADVANCED_FACE('',(#80),#406,.T.);
#416=ADVANCED_FACE('',(#81),#407,.T.);
#417=ADVANCED_FACE('',(#82),#408,.T.);
#418=ADVANCED_FACE('',(#83),#75,.F.);
#419=ADVANCED_FACE('',(#84),#409,.T.);
#420=ADVANCED_FACE('',(#85),#41,.F.);
#421=ADVANCED_FACE('',(#86),#26,.T.);
#422=ADVANCED_FACE('',(#87,#25),#27,.T.);
#423=ADVANCED_FACE('',(#88),#42,.T.);
#424=ADVANCED_FACE('',(#89),#28,.F.);
#425=ADVANCED_FACE('',(#90),#76,.F.);
#426=ADVANCED_FACE('',(#91),#410,.T.);
#427=ADVANCED_FACE('',(#92),#43,.T.);
#428=ADVANCED_FACE('',(#93),#29,.T.);
#429=ADVANCED_FACE('',(#94),#30,.F.);
#430=ADVANCED_FACE('',(#95),#13,.T.);
#431=ADVANCED_FACE('',(#96),#31,.F.);
#432=ADVANCED_FACE('',(#97),#32,.T.);
#433=ADVANCED_FACE('',(#98),#411,.T.);
#434=ADVANCED_FACE('',(#99),#33,.F.);
#435=ADVANCED_FACE('',(#100),#14,.T.);
#436=ADVANCED_FACE('',(#101),#34,.T.);
#437=ADVANCED_FACE('',(#102),#15,.T.);
#438=ADVANCED_FACE('',(#103),#35,.F.);
#439=ADVANCED_FACE('',(#104),#36,.T.);
#440=ADVANCED_FACE('',(#105),#16,.T.);
#441=ADVANCED_FACE('',(#106),#37,.F.);
#442=ADVANCED_FACE('',(#107),#38,.T.);
#443=ADVANCED_FACE('',(#108),#44,.T.);
#444=ADVANCED_FACE('',(#109),#39,.T.);
#445=ADVANCED_FACE('',(#110),#40,.F.);
#446=OPEN_SHELL('',(#412,#413,#414,#415,#416,#417,#418,#419));
#447=OPEN_SHELL('',(#433));
#448=SHELL_BASED_SURFACE_MODEL('Body1',(#446));
#449=SHELL_BASED_SURFACE_MODEL('Body6',(#447));
#450=DERIVED_UNIT_ELEMENT(#452,1.);
#451=DERIVED_UNIT_ELEMENT(#1367,3.);
#452=(
MASS_UNIT()
NAMED_UNIT(*)
SI_UNIT(.KILO.,.GRAM.)
);
#453=DERIVED_UNIT((#450,#451));
#454=MEASURE_REPRESENTATION_ITEM('density measure',
POSITIVE_RATIO_MEASURE(7850.),#453);
#455=PROPERTY_DEFINITION_REPRESENTATION(#460,#457);
#456=PROPERTY_DEFINITION_REPRESENTATION(#461,#458);
#457=REPRESENTATION('material name',(#459),#1364);
#458=REPRESENTATION('density',(#454),#1364);
#459=DESCRIPTIVE_REPRESENTATION_ITEM('Steel','Steel');
#460=PROPERTY_DEFINITION('material property','material name',#1374);
#461=PROPERTY_DEFINITION('material property','density of part',#1374);
#462=AXIS2_PLACEMENT_3D('placement',#669,#529,#530);
#463=AXIS2_PLACEMENT_3D('',#712,#531,#532);
#464=AXIS2_PLACEMENT_3D('',#713,#533,#534);
#465=AXIS2_PLACEMENT_3D('',#755,#535,#536);
#466=AXIS2_PLACEMENT_3D('',#797,#537,#538);
#467=AXIS2_PLACEMENT_3D('',#839,#539,#540);
#468=AXIS2_PLACEMENT_3D('',#881,#541,#542);
#469=AXIS2_PLACEMENT_3D('',#924,#543,#544);
#470=AXIS2_PLACEMENT_3D('',#925,#545,#546);
#471=AXIS2_PLACEMENT_3D('',#926,#547,#548);
#472=AXIS2_PLACEMENT_3D('',#930,#550,#551);
#473=AXIS2_PLACEMENT_3D('',#931,#552,#553);
#474=AXIS2_PLACEMENT_3D('',#972,#554,#555);
#475=AXIS2_PLACEMENT_3D('',#974,#556,#557);
#476=AXIS2_PLACEMENT_3D('',#977,#559,#560);
#477=AXIS2_PLACEMENT_3D('',#978,#561,#562);
#478=AXIS2_PLACEMENT_3D('',#979,#563,#564);
#479=AXIS2_PLACEMENT_3D('',#981,#565,#566);
#480=AXIS2_PLACEMENT_3D('',#982,#567,#568);
#481=AXIS2_PLACEMENT_3D('',#984,#569,#570);
#482=AXIS2_PLACEMENT_3D('',#986,#572,#573);
#483=AXIS2_PLACEMENT_3D('',#987,#574,#575);
#484=AXIS2_PLACEMENT_3D('',#992,#577,#578);
#485=AXIS2_PLACEMENT_3D('',#993,#579,#580);
#486=AXIS2_PLACEMENT_3D('',#1145,#581,#582);
#487=AXIS2_PLACEMENT_3D('',#1147,#583,#584);
#488=AXIS2_PLACEMENT_3D('',#1150,#586,#587);
#489=AXIS2_PLACEMENT_3D('',#1151,#588,#589);
#490=AXIS2_PLACEMENT_3D('',#1152,#590,#591);
#491=AXIS2_PLACEMENT_3D('',#1153,#592,#593);
#492=AXIS2_PLACEMENT_3D('',#1156,#594,#595);
#493=AXIS2_PLACEMENT_3D('',#1157,#596,#597);
#494=AXIS2_PLACEMENT_3D('',#1159,#598,#599);
#495=AXIS2_PLACEMENT_3D('',#1161,#600,#601);
#496=AXIS2_PLACEMENT_3D('',#1162,#602,#603);
#497=AXIS2_PLACEMENT_3D('',#1163,#604,#605);
#498=AXIS2_PLACEMENT_3D('',#1164,#606,#607);
#499=AXIS2_PLACEMENT_3D('',#1317,#608,#609);
#500=AXIS2_PLACEMENT_3D('',#1318,#610,#611);
#501=AXIS2_PLACEMENT_3D('',#1321,#612,#613);
#502=AXIS2_PLACEMENT_3D('',#1322,#614,#615);
#503=AXIS2_PLACEMENT_3D('',#1323,#616,#617);
#504=AXIS2_PLACEMENT_3D('',#1326,#618,#619);
#505=AXIS2_PLACEMENT_3D('',#1327,#620,#621);
#506=AXIS2_PLACEMENT_3D('',#1328,#622,#623);
#507=AXIS2_PLACEMENT_3D('',#1329,#624,#625);
#508=AXIS2_PLACEMENT_3D('',#1330,#626,#627);
#509=AXIS2_PLACEMENT_3D('',#1333,#628,#629);
#510=AXIS2_PLACEMENT_3D('',#1334,#630,#631);
#511=AXIS2_PLACEMENT_3D('',#1336,#632,#633);
#512=AXIS2_PLACEMENT_3D('',#1338,#634,#635);
#513=AXIS2_PLACEMENT_3D('',#1339,#636,#637);
#514=AXIS2_PLACEMENT_3D('',#1340,#638,#639);
#515=AXIS2_PLACEMENT_3D('',#1341,#640,#641);
#516=AXIS2_PLACEMENT_3D('',#1342,#642,#643);
#517=AXIS2_PLACEMENT_3D('',#1345,#644,#645);
#518=AXIS2_PLACEMENT_3D('',#1346,#646,#647);
#519=AXIS2_PLACEMENT_3D('',#1348,#648,#649);
#520=AXIS2_PLACEMENT_3D('',#1350,#650,#651);
#521=AXIS2_PLACEMENT_3D('',#1351,#652,#653);
#522=AXIS2_PLACEMENT_3D('',#1352,#654,#655);
#523=AXIS2_PLACEMENT_3D('',#1353,#656,#657);
#524=AXIS2_PLACEMENT_3D('',#1354,#658,#659);
#525=AXIS2_PLACEMENT_3D('',#1356,#660,#661);
#526=AXIS2_PLACEMENT_3D('',#1359,#663,#664);
#527=AXIS2_PLACEMENT_3D('',#1360,#665,#666);
#528=AXIS2_PLACEMENT_3D('',#1361,#667,#668);
#529=DIRECTION('axis',(0.,0.,1.));
#530=DIRECTION('refdir',(1.,0.,0.));
#531=DIRECTION('center_axis',(1.22464679914735E-16,1.,0.));
#532=DIRECTION('ref_axis',(-1.,1.22464679914735E-16,0.));
#533=DIRECTION('center_axis',(1.22464679914735E-16,1.,0.));
#534=DIRECTION('ref_axis',(-1.,1.22464679914735E-16,0.));
#535=DIRECTION('center_axis',(1.22464679914735E-16,1.,0.));
#536=DIRECTION('ref_axis',(-1.,1.22464679914735E-16,0.));
#537=DIRECTION('center_axis',(1.22464679914735E-16,1.,0.));
#538=DIRECTION('ref_axis',(-1.,1.22464679914735E-16,0.));
#539=DIRECTION('center_axis',(1.22464679914735E-16,1.,0.));
#540=DIRECTION('ref_axis',(-1.,1.22464679914735E-16,0.));
#541=DIRECTION('center_axis',(1.22464679914735E-16,1.,0.));
#542=DIRECTION('ref_axis',(-1.,1.22464679914735E-16,0.));
#543=DIRECTION('center_axis',(1.22464679914735E-16,1.,0.));
#544=DIRECTION('ref_axis',(-1.,1.22464679914735E-16,0.));
#545=DIRECTION('center_axis',(1.22464679914735E-16,1.,0.));
#546=DIRECTION('ref_axis',(-1.,1.22464679914735E-16,0.));
#547=DIRECTION('center_axis',(-1.22464679914735E-16,-1.,0.));
#548=DIRECTION('ref_axis',(-1.,1.22464679914735E-16,0.));
#549=DIRECTION('',(0.00254615031034431,-0.999996758554045,-3.11813482771135E-19));
#550=DIRECTION('center_axis',(1.22464679914735E-16,1.,0.));
#551=DIRECTION('ref_axis',(-1.,1.22464679914735E-16,0.));
#552=DIRECTION('center_axis',(1.22464679914735E-16,1.,0.));
#553=DIRECTION('ref_axis',(-1.,1.22464679914735E-16,0.));
#554=DIRECTION('center_axis',(1.22464679914735E-16,1.,1.22464679914735E-16));
#555=DIRECTION('ref_axis',(-1.,1.22464679914735E-16,-5.55111512312578E-17));
#556=DIRECTION('center_axis',(1.22464679914735E-16,1.,1.22464679914735E-16));
#557=DIRECTION('ref_axis',(-1.,1.22464679914735E-16,-5.55111512312578E-17));
#558=DIRECTION('',(1.22464679914735E-16,1.,1.22464679914735E-16));
#559=DIRECTION('center_axis',(1.22464679914735E-16,1.,1.22464679914735E-16));
#560=DIRECTION('ref_axis',(-1.,1.22464679914735E-16,-5.55111512312578E-17));
#561=DIRECTION('center_axis',(-1.22464679914735E-16,-1.,-1.22464679914735E-16));
#562=DIRECTION('ref_axis',(-1.,1.22464679914735E-16,-5.55111512312578E-17));
#563=DIRECTION('center_axis',(-1.22464679914735E-16,-1.,-1.22464679914735E-16));
#564=DIRECTION('ref_axis',(-1.,1.22464679914735E-16,-5.55111512312578E-17));
#565=DIRECTION('center_axis',(1.22464679914735E-16,1.,1.22464679914735E-16));
#566=DIRECTION('ref_axis',(-1.,1.22464679914735E-16,-5.55111512312578E-17));
#567=DIRECTION('center_axis',(1.22464679914735E-16,1.,1.22464679914735E-16));
#568=DIRECTION('ref_axis',(-1.,1.22464679914735E-16,-5.55111512312578E-17));
#569=DIRECTION('center_axis',(1.22464679914735E-16,1.,1.22464679914735E-16));
#570=DIRECTION('ref_axis',(-1.,1.22464679914735E-16,-5.55111512312578E-17));
#571=DIRECTION('',(-1.22464679914735E-16,-1.,-1.22464679914735E-16));
#572=DIRECTION('center_axis',(-1.22464679914735E-16,-1.,-1.22464679914735E-16));
#573=DIRECTION('ref_axis',(-1.,1.22464679914735E-16,-5.55111512312578E-17));
#574=DIRECTION('center_axis',(-1.22464679811338E-16,-1.,0.));
#575=DIRECTION('ref_axis',(5.55111512312578E-17,-6.79815536723446E-33,-1.));
#576=DIRECTION('',(6.64107479783033E-17,-0.00442678393635162,0.999990201743988));
#577=DIRECTION('center_axis',(1.22464679811338E-16,1.,0.));
#578=DIRECTION('ref_axis',(-1.,1.22464679811338E-16,-5.55111512312578E-17));
#579=DIRECTION('center_axis',(1.22464679811338E-16,1.,0.));
#580=DIRECTION('ref_axis',(-1.,1.22464679811338E-16,-5.55111512312578E-17));
#581=DIRECTION('center_axis',(1.22464679914735E-16,1.,1.22464679914735E-16));
#582=DIRECTION('ref_axis',(-1.,1.22464679914735E-16,-5.55111512312578E-17));
#583=DIRECTION('center_axis',(1.22464679914735E-16,1.,1.22464679914735E-16));
#584=DIRECTION('ref_axis',(-1.,1.22464679914735E-16,-5.55111512312578E-17));
#585=DIRECTION('',(-1.22464679914735E-16,-1.,-1.22464679914735E-16));
#586=DIRECTION('center_axis',(-1.22464679914735E-16,-1.,-1.22464679914735E-16));
#587=DIRECTION('ref_axis',(-1.,1.22464679914735E-16,-5.55111512312578E-17));
#588=DIRECTION('center_axis',(-1.22464679914735E-16,-1.,-1.22464679914735E-16));
#589=DIRECTION('ref_axis',(-1.,1.22464679914735E-16,-5.55111512312578E-17));
#590=DIRECTION('center_axis',(-1.22464679914735E-16,-1.,-1.22464679914735E-16));
#591=DIRECTION('ref_axis',(-1.,1.22464679914735E-16,-5.55111512312578E-17));
#592=DIRECTION('center_axis',(-1.22464679914735E-16,-1.,0.));
#593=DIRECTION('ref_axis',(0.,0.,-1.));
#594=DIRECTION('center_axis',(-1.22464679914735E-16,-1.,0.));
#595=DIRECTION('ref_axis',(1.,-1.22464679914735E-16,0.));
#596=DIRECTION('center_axis',(-1.22464679914735E-16,-1.,0.));
#597=DIRECTION('ref_axis',(1.,-1.22464679914735E-16,0.));
#598=DIRECTION('center_axis',(-1.,1.22464679914735E-16,-1.4210854715202E-16));
#599=DIRECTION('ref_axis',(-1.4210854715202E-16,0.,1.));
#600=DIRECTION('center_axis',(-1.22464679914735E-16,-1.,0.));
#601=DIRECTION('ref_axis',(1.,-1.22464679914735E-16,0.));
#602=DIRECTION('center_axis',(-1.22464679914735E-16,-1.,0.));
#603=DIRECTION('ref_axis',(1.,-1.22464679914735E-16,0.));
#604=DIRECTION('center_axis',(-1.22464679914735E-16,-1.,0.));
#605=DIRECTION('ref_axis',(1.,-1.22464679914735E-16,0.));
#606=DIRECTION('center_axis',(-1.22464679914735E-16,-1.,0.));
#607=DIRECTION('ref_axis',(1.,-1.22464679914735E-16,0.));
#608=DIRECTION('center_axis',(1.22464679914735E-16,1.,1.22464679914735E-16));
#609=DIRECTION('ref_axis',(-1.,1.22464679914735E-16,0.));
#610=DIRECTION('center_axis',(-1.22464679914735E-16,-1.,0.));
#611=DIRECTION('ref_axis',(1.,-1.22464679914735E-16,0.));
#612=DIRECTION('center_axis',(-1.22464679914735E-16,-1.,0.));
#613=DIRECTION('ref_axis',(1.,-1.22464679914735E-16,0.));
#614=DIRECTION('center_axis',(-1.22464679914735E-16,-1.,0.));
#615=DIRECTION('ref_axis',(1.,-1.22464679914735E-16,0.));
#616=DIRECTION('center_axis',(-1.22464679914735E-16,-1.,0.));
#617=DIRECTION('ref_axis',(0.,0.,-1.));
#618=DIRECTION('center_axis',(1.22464679914735E-16,1.,0.));
#619=DIRECTION('ref_axis',(1.,-1.22464679914735E-16,0.));
#620=DIRECTION('center_axis',(-1.,1.22464679914735E-16,-1.13686837721616E-16));
#621=DIRECTION('ref_axis',(-1.13686837721616E-16,0.,1.));
#622=DIRECTION('center_axis',(1.22464679914735E-16,1.,0.));
#623=DIRECTION('ref_axis',(1.,-1.22464679914735E-16,0.));
#624=DIRECTION('center_axis',(-1.22464679914735E-16,-1.,0.));
#625=DIRECTION('ref_axis',(1.,-1.22464679914735E-16,0.));
#626=DIRECTION('center_axis',(-1.22464679914735E-16,1.,-1.22464679914735E-16));
#627=DIRECTION('ref_axis',(0.,0.,1.));
#628=DIRECTION('center_axis',(-1.22464679914735E-16,1.,-1.22464679914735E-16));
#629=DIRECTION('ref_axis',(1.,1.22464679914735E-16,-1.49975978266186E-32));
#630=DIRECTION('center_axis',(-1.22464679914735E-16,1.,-1.22464679914735E-16));
#631=DIRECTION('ref_axis',(1.,1.22464679914735E-16,-1.49975978266186E-32));
#632=DIRECTION('center_axis',(-1.,-1.22464679914735E-16,1.4210854715202E-16));
#633=DIRECTION('ref_axis',(-1.4210854715202E-16,0.,-1.));
#634=DIRECTION('center_axis',(-1.22464679914735E-16,1.,-1.22464679914735E-16));
#635=DIRECTION('ref_axis',(1.,1.22464679914735E-16,-1.49975978266186E-32));
#636=DIRECTION('center_axis',(-1.22464679914735E-16,1.,-1.22464679914735E-16));
#637=DIRECTION('ref_axis',(1.,1.22464679914735E-16,-1.49975978266186E-32));
#638=DIRECTION('center_axis',(-1.22464679914735E-16,1.,-1.22464679914735E-16));
#639=DIRECTION('ref_axis',(1.,1.22464679914735E-16,-1.49975978266186E-32));
#640=DIRECTION('center_axis',(-1.22464679914735E-16,1.,-1.22464679914735E-16));
#641=DIRECTION('ref_axis',(1.,1.22464679914735E-16,-1.49975978266186E-32));
#642=DIRECTION('center_axis',(-1.22464679914735E-16,-1.,0.));
#643=DIRECTION('ref_axis',(0.,0.,-1.));
#644=DIRECTION('center_axis',(-1.22464679914735E-16,-1.,0.));
#645=DIRECTION('ref_axis',(1.,-1.22464679914735E-16,0.));
#646=DIRECTION('center_axis',(-1.22464679914735E-16,-1.,0.));
#647=DIRECTION('ref_axis',(1.,-1.22464679914735E-16,0.));
#648=DIRECTION('center_axis',(-1.,1.22464679914735E-16,-1.4210854715202E-16));
#649=DIRECTION('ref_axis',(-1.4210854715202E-16,0.,1.));
#650=DIRECTION('center_axis',(-1.22464679914735E-16,-1.,0.));
#651=DIRECTION('ref_axis',(1.,-1.22464679914735E-16,0.));
#652=DIRECTION('center_axis',(-1.22464679914735E-16,-1.,0.));
#653=DIRECTION('ref_axis',(1.,-1.22464679914735E-16,0.));
#654=DIRECTION('center_axis',(-1.22464679914735E-16,-1.,0.));
#655=DIRECTION('ref_axis',(1.,-1.22464679914735E-16,0.));
#656=DIRECTION('center_axis',(-1.22464679914735E-16,-1.,0.));
#657=DIRECTION('ref_axis',(1.,-1.22464679914735E-16,0.));
#658=DIRECTION('center_axis',(-1.21807326130303E-16,-1.,-1.22464679914735E-16));
#659=DIRECTION('ref_axis',(1.,-1.21807326130303E-16,1.49975978266186E-32));
#660=DIRECTION('center_axis',(-1.22464679914735E-16,-1.,-1.22464679914735E-16));
#661=DIRECTION('ref_axis',(1.,-1.22464679914735E-16,1.49170952058173E-32));
#662=DIRECTION('',(1.21807326130303E-16,1.,1.22464679914735E-16));
#663=DIRECTION('center_axis',(-1.22464679914735E-16,-1.,-1.22464679914735E-16));
#664=DIRECTION('ref_axis',(1.,-1.22464679914735E-16,1.49170952058173E-32));
#665=DIRECTION('center_axis',(-1.22464679914735E-16,-1.,-1.22464679914735E-16));
#666=DIRECTION('ref_axis',(1.,-1.22464679914735E-16,1.49170952058173E-32));
#667=DIRECTION('center_axis',(-1.22464679914735E-16,-1.,-1.22464679914735E-16));
#668=DIRECTION('ref_axis',(1.,-1.22464679914735E-16,1.49170952058173E-32));
#669=CARTESIAN_POINT('',(0.,0.,0.));
#670=CARTESIAN_POINT('Ctrl Pts',(-241.708057665541,9251.84870102391,-9.06238631369043E-14));
#671=CARTESIAN_POINT('Ctrl Pts',(-241.708057665541,9251.84870102391,1360.69799741109));
#672=CARTESIAN_POINT('Ctrl Pts',(1118.98993974555,9251.84870102391,1360.69799741109));
#673=CARTESIAN_POINT('Ctrl Pts',(2479.68793715664,9251.84870102391,1360.69799741109));
#674=CARTESIAN_POINT('Ctrl Pts',(2479.68793715664,9251.84870102391,-9.06238631369043E-14));
#675=CARTESIAN_POINT('Ctrl Pts',(2479.68793715664,9251.84870102391,-1360.69799741109));
#676=CARTESIAN_POINT('Ctrl Pts',(1118.98993974555,9251.84870102391,-1360.69799741109));
#677=CARTESIAN_POINT('Ctrl Pts',(-241.708057665541,9251.84870102391,-1360.69799741109));
#678=CARTESIAN_POINT('Ctrl Pts',(-241.708057665541,9251.84870102391,-9.06238631369043E-14));
#679=CARTESIAN_POINT('Ctrl Pts',(-241.708057665541,9017.03099269058,-9.06238631369043E-14));
#680=CARTESIAN_POINT('Ctrl Pts',(-241.708057665541,9017.03099269058,1360.69799741109));
#681=CARTESIAN_POINT('Ctrl Pts',(1118.98993974555,9017.03099269058,1360.69799741109));
#682=CARTESIAN_POINT('Ctrl Pts',(2479.68793715664,9017.03099269058,1360.69799741109));
#683=CARTESIAN_POINT('Ctrl Pts',(2479.68793715664,9017.03099269058,-9.06238631369043E-14));
#684=CARTESIAN_POINT('Ctrl Pts',(2479.68793715664,9017.03099269058,-1360.69799741109));
#685=CARTESIAN_POINT('Ctrl Pts',(1118.98993974555,9017.03099269058,-1360.69799741109));
#686=CARTESIAN_POINT('Ctrl Pts',(-241.708057665541,9017.03099269058,-1360.69799741109));
#687=CARTESIAN_POINT('Ctrl Pts',(-241.708057665541,9017.03099269058,-9.06238631369043E-14));
#688=CARTESIAN_POINT('Ctrl Pts',(-379.291310254449,8406.50518316413,-9.06238631369043E-14));
#689=CARTESIAN_POINT('Ctrl Pts',(-379.291310254449,8406.50518316413,1498.28125));
#690=CARTESIAN_POINT('Ctrl Pts',(1118.98993974555,8406.50518316413,1498.28125));
#691=CARTESIAN_POINT('Ctrl Pts',(2617.27118974555,8406.50518316413,1498.28125));
#692=CARTESIAN_POINT('Ctrl Pts',(2617.27118974555,8406.50518316413,-9.06238631369043E-14));
#693=CARTESIAN_POINT('Ctrl Pts',(2617.27118974555,8406.50518316413,-1498.28125));
#694=CARTESIAN_POINT('Ctrl Pts',(1118.98993974555,8406.50518316413,-1498.28125));
#695=CARTESIAN_POINT('Ctrl Pts',(-379.291310254449,8406.50518316413,-1498.28125));
#696=CARTESIAN_POINT('Ctrl Pts',(-379.291310254449,8406.50518316413,-9.06238631369043E-14));
#697=CARTESIAN_POINT('Ctrl Pts',(-145.135100626661,8406.50518316413,-9.06238631369043E-14));
#698=CARTESIAN_POINT('Ctrl Pts',(-145.135100626661,8406.50518316413,1264.12504037221));
#699=CARTESIAN_POINT('Ctrl Pts',(1118.98993974555,8406.50518316413,1264.12504037221));
#700=CARTESIAN_POINT('Ctrl Pts',(2383.11498011776,8406.50518316413,1264.12504037221));
#701=CARTESIAN_POINT('Ctrl Pts',(2383.11498011776,8406.50518316413,-9.06238631369043E-14));
#702=CARTESIAN_POINT('Ctrl Pts',(2383.11498011776,8406.50518316413,-1264.12504037221));
#703=CARTESIAN_POINT('Ctrl Pts',(1118.98993974555,8406.50518316413,-1264.12504037221));
#704=CARTESIAN_POINT('Ctrl Pts',(-145.135100626661,8406.50518316413,-1264.12504037221));
#705=CARTESIAN_POINT('Ctrl Pts',(-145.135100626661,8406.50518316413,-9.06238631369043E-14));
#706=CARTESIAN_POINT('',(-145.135100626661,8406.50518316413,-9.06238631369043E-14));
#707=CARTESIAN_POINT('',(-241.708057665541,9251.84870102391,-9.06238631369043E-14));
#708=CARTESIAN_POINT('Ctrl Pts',(-145.135100626661,8406.50518316413,-9.06238631369043E-14));
#709=CARTESIAN_POINT('Ctrl Pts',(-379.291310254449,8406.50518316413,-9.06238631369043E-14));
#710=CARTESIAN_POINT('Ctrl Pts',(-241.708057665541,9017.03099269058,-9.06238631369043E-14));
#711=CARTESIAN_POINT('Ctrl Pts',(-241.708057665541,9251.84870102391,-9.06238631369043E-14));
#712=CARTESIAN_POINT('Origin',(1118.98993974555,8406.50518316413,-9.06238631369043E-14));
#713=CARTESIAN_POINT('Origin',(1118.98993974555,9251.84870102391,-9.06238631369043E-14));
#714=CARTESIAN_POINT('Ctrl Pts',(-491.739226921115,9522.38511898503,-9.06238631369043E-14));
#715=CARTESIAN_POINT('Ctrl Pts',(-491.739226921115,9522.38511898503,1610.72916666667));
#716=CARTESIAN_POINT('Ctrl Pts',(1118.98993974555,9522.38511898503,1610.72916666667));
#717=CARTESIAN_POINT('Ctrl Pts',(2729.71910641222,9522.38511898503,1610.72916666667));
#718=CARTESIAN_POINT('Ctrl Pts',(2729.71910641222,9522.38511898503,-9.06238631369043E-14));
#719=CARTESIAN_POINT('Ctrl Pts',(2729.71910641222,9522.38511898503,-1610.72916666667));
#720=CARTESIAN_POINT('Ctrl Pts',(1118.98993974555,9522.38511898503,-1610.72916666667));
#721=CARTESIAN_POINT('Ctrl Pts',(-491.739226921115,9522.38511898503,-1610.72916666667));
#722=CARTESIAN_POINT('Ctrl Pts',(-491.739226921115,9522.38511898503,-9.06238631369043E-14));
#723=CARTESIAN_POINT('Ctrl Pts',(-339.603810254449,9329.90080454335,-9.06238631369043E-14));
#724=CARTESIAN_POINT('Ctrl Pts',(-339.603810254449,9329.90080454335,1458.59375));
#725=CARTESIAN_POINT('Ctrl Pts',(1118.98993974555,9329.90080454335,1458.59375));
#726=CARTESIAN_POINT('Ctrl Pts',(2577.58368974555,9329.90080454335,1458.59375));
#727=CARTESIAN_POINT('Ctrl Pts',(2577.58368974555,9329.90080454335,-9.06238631369043E-14));
#728=CARTESIAN_POINT('Ctrl Pts',(2577.58368974555,9329.90080454335,-1458.59375));
#729=CARTESIAN_POINT('Ctrl Pts',(1118.98993974555,9329.90080454335,-1458.59375));
#730=CARTESIAN_POINT('Ctrl Pts',(-339.603810254449,9329.90080454335,-1458.59375));
#731=CARTESIAN_POINT('Ctrl Pts',(-339.603810254449,9329.90080454335,-9.06238631369043E-14));
#732=CARTESIAN_POINT('Ctrl Pts',(-620.062305076633,9495.26538787669,-9.06238631369043E-14));
#733=CARTESIAN_POINT('Ctrl Pts',(-620.062305076633,9495.26538787669,1739.05224482218));
#734=CARTESIAN_POINT('Ctrl Pts',(1118.98993974555,9495.26538787669,1739.05224482218));
#735=CARTESIAN_POINT('Ctrl Pts',(2858.04218456774,9495.26538787669,1739.05224482218));
#736=CARTESIAN_POINT('Ctrl Pts',(2858.04218456774,9495.26538787669,-9.06238631369043E-14));
#737=CARTESIAN_POINT('Ctrl Pts',(2858.04218456774,9495.26538787669,-1739.05224482218));
#738=CARTESIAN_POINT('Ctrl Pts',(1118.98993974555,9495.26538787669,-1739.05224482218));
#739=CARTESIAN_POINT('Ctrl Pts',(-620.062305076633,9495.26538787669,-1739.05224482218));
#740=CARTESIAN_POINT('Ctrl Pts',(-620.062305076633,9495.26538787669,-9.06238631369043E-14));
#741=CARTESIAN_POINT('Ctrl Pts',(-241.708057665541,9251.84870102391,-9.06238631369043E-14));
#742=CARTESIAN_POINT('Ctrl Pts',(-241.708057665541,9251.84870102391,1360.69799741109));
#743=CARTESIAN_POINT('Ctrl Pts',(1118.98993974555,9251.84870102391,1360.69799741109));
#744=CARTESIAN_POINT('Ctrl Pts',(2479.68793715664,9251.84870102391,1360.69799741109));
#745=CARTESIAN_POINT('Ctrl Pts',(2479.68793715664,9251.84870102391,-9.06238631369043E-14));
#746=CARTESIAN_POINT('Ctrl Pts',(2479.68793715664,9251.84870102391,-1360.69799741109));
#747=CARTESIAN_POINT('Ctrl Pts',(1118.98993974555,9251.84870102391,-1360.69799741109));
#748=CARTESIAN_POINT('Ctrl Pts',(-241.708057665541,9251.84870102391,-1360.69799741109));
#749=CARTESIAN_POINT('Ctrl Pts',(-241.708057665541,9251.84870102391,-9.06238631369043E-14));
#750=CARTESIAN_POINT('',(-491.739226921115,9522.38511898503,-9.06238631369043E-14));
#751=CARTESIAN_POINT('Ctrl Pts',(-241.708057665541,9251.84870102391,-9.06238631369043E-14));
#752=CARTESIAN_POINT('Ctrl Pts',(-620.062305076633,9495.26538787669,-9.06238631369043E-14));
#753=CARTESIAN_POINT('Ctrl Pts',(-339.603810254449,9329.90080454335,-9.06238631369043E-14));
#754=CARTESIAN_POINT('Ctrl Pts',(-491.739226921115,9522.38511898503,-9.06238631369043E-14));
#755=CARTESIAN_POINT('Origin',(1118.98993974555,9522.38511898503,-9.06238631369043E-14));
#756=CARTESIAN_POINT('Ctrl Pts',(-1080.43714358778,10089.9164901017,-9.06238631369043E-14));
#757=CARTESIAN_POINT('Ctrl Pts',(-1080.43714358778,10089.9164901017,2199.42708333333));
#758=CARTESIAN_POINT('Ctrl Pts',(1118.98993974555,10089.9164901017,2199.42708333333));
#759=CARTESIAN_POINT('Ctrl Pts',(3318.41702307888,10089.9164901017,2199.42708333333));
#760=CARTESIAN_POINT('Ctrl Pts',(3318.41702307888,10089.9164901017,-9.06238631369043E-14));
#761=CARTESIAN_POINT('Ctrl Pts',(3318.41702307888,10089.9164901017,-2199.42708333333));
#762=CARTESIAN_POINT('Ctrl Pts',(1118.98993974555,10089.9164901017,-2199.42708333333));
#763=CARTESIAN_POINT('Ctrl Pts',(-1080.43714358778,10089.9164901017,-2199.42708333333));
#764=CARTESIAN_POINT('Ctrl Pts',(-1080.43714358778,10089.9164901017,-9.06238631369043E-14));
#765=CARTESIAN_POINT('Ctrl Pts',(-813.869515998874,10024.4319536128,-9.06238631369043E-14));
#766=CARTESIAN_POINT('Ctrl Pts',(-813.869515998874,10024.4319536128,1932.85945574443));
#767=CARTESIAN_POINT('Ctrl Pts',(1118.98993974555,10024.4319536128,1932.85945574443));
#768=CARTESIAN_POINT('Ctrl Pts',(3051.84939548998,10024.4319536128,1932.85945574443));
#769=CARTESIAN_POINT('Ctrl Pts',(3051.84939548998,10024.4319536128,-9.06238631369043E-14));
#770=CARTESIAN_POINT('Ctrl Pts',(3051.84939548998,10024.4319536128,-1932.85945574443));
#771=CARTESIAN_POINT('Ctrl Pts',(1118.98993974555,10024.4319536128,-1932.85945574443));
#772=CARTESIAN_POINT('Ctrl Pts',(-813.869515998874,10024.4319536128,-1932.85945574443));
#773=CARTESIAN_POINT('Ctrl Pts',(-813.869515998874,10024.4319536128,-9.06238631369043E-14));
#774=CARTESIAN_POINT('Ctrl Pts',(-699.43710321557,9784.98415806279,-9.06238631369043E-14));
#775=CARTESIAN_POINT('Ctrl Pts',(-699.43710321557,9784.98415806279,1818.42704296112));
#776=CARTESIAN_POINT('Ctrl Pts',(1118.98993974555,9784.98415806279,1818.42704296112));
#777=CARTESIAN_POINT('Ctrl Pts',(2937.41698270667,9784.98415806279,1818.42704296112));
#778=CARTESIAN_POINT('Ctrl Pts',(2937.41698270667,9784.98415806279,-9.06238631369043E-14));
#779=CARTESIAN_POINT('Ctrl Pts',(2937.41698270667,9784.98415806279,-1818.42704296112));
#780=CARTESIAN_POINT('Ctrl Pts',(1118.98993974555,9784.98415806279,-1818.42704296112));
#781=CARTESIAN_POINT('Ctrl Pts',(-699.43710321557,9784.98415806279,-1818.42704296112));
#782=CARTESIAN_POINT('Ctrl Pts',(-699.43710321557,9784.98415806279,-9.06238631369043E-14));
#783=CARTESIAN_POINT('Ctrl Pts',(-491.739226921115,9522.38511898503,-9.06238631369043E-14));
#784=CARTESIAN_POINT('Ctrl Pts',(-491.739226921115,9522.38511898503,1610.72916666667));
#785=CARTESIAN_POINT('Ctrl Pts',(1118.98993974555,9522.38511898503,1610.72916666667));
#786=CARTESIAN_POINT('Ctrl Pts',(2729.71910641222,9522.38511898503,1610.72916666667));
#787=CARTESIAN_POINT('Ctrl Pts',(2729.71910641222,9522.38511898503,-9.06238631369043E-14));
#788=CARTESIAN_POINT('Ctrl Pts',(2729.71910641222,9522.38511898503,-1610.72916666667));
#789=CARTESIAN_POINT('Ctrl Pts',(1118.98993974555,9522.38511898503,-1610.72916666667));
#790=CARTESIAN_POINT('Ctrl Pts',(-491.739226921115,9522.38511898503,-1610.72916666667));
#791=CARTESIAN_POINT('Ctrl Pts',(-491.739226921115,9522.38511898503,-9.06238631369043E-14));
#792=CARTESIAN_POINT('',(-1080.43714358778,10089.9164901017,-9.06238631369043E-14));
#793=CARTESIAN_POINT('Ctrl Pts',(-491.739226921115,9522.38511898503,-9.06238631369043E-14));
#794=CARTESIAN_POINT('Ctrl Pts',(-699.43710321557,9784.98415806279,-9.06238631369043E-14));
#795=CARTESIAN_POINT('Ctrl Pts',(-813.869515998874,10024.4319536128,-9.06238631369043E-14));
#796=CARTESIAN_POINT('Ctrl Pts',(-1080.43714358778,10089.9164901017,-9.06238631369043E-14));
#797=CARTESIAN_POINT('Origin',(1118.98993974555,10089.9164901017,-9.06238631369043E-14));
#798=CARTESIAN_POINT('Ctrl Pts',(-1528.24451599888,10048.2446958461,-9.06238631369043E-14));
#799=CARTESIAN_POINT('Ctrl Pts',(-1528.24451599887,10048.2446958461,2647.23445574443));
#800=CARTESIAN_POINT('Ctrl Pts',(1118.98993974555,10048.2446958461,2647.23445574443));
#801=CARTESIAN_POINT('Ctrl Pts',(3766.22439548998,10048.2446958461,2647.23445574443));
#802=CARTESIAN_POINT('Ctrl Pts',(3766.22439548998,10048.2446958461,-9.06238631369043E-14));
#803=CARTESIAN_POINT('Ctrl Pts',(3766.22439548998,10048.2446958461,-2647.23445574443));
#804=CARTESIAN_POINT('Ctrl Pts',(1118.98993974555,10048.2446958461,-2647.23445574443));
#805=CARTESIAN_POINT('Ctrl Pts',(-1528.24451599887,10048.2446958461,-2647.23445574443));
#806=CARTESIAN_POINT('Ctrl Pts',(-1528.24451599888,10048.2446958461,-9.06238631369043E-14));
#807=CARTESIAN_POINT('Ctrl Pts',(-1520.30693525445,10025.7549510239,-9.06238631369043E-14));
#808=CARTESIAN_POINT('Ctrl Pts',(-1520.30693525445,10025.7549510239,2639.296875));
#809=CARTESIAN_POINT('Ctrl Pts',(1118.98993974555,10025.7549510239,2639.296875));
#810=CARTESIAN_POINT('Ctrl Pts',(3758.28681474555,10025.7549510239,2639.296875));
#811=CARTESIAN_POINT('Ctrl Pts',(3758.28681474555,10025.7549510239,-9.06238631369043E-14));
#812=CARTESIAN_POINT('Ctrl Pts',(3758.28681474555,10025.7549510239,-2639.296875));
#813=CARTESIAN_POINT('Ctrl Pts',(1118.98993974555,10025.7549510239,-2639.296875));
#814=CARTESIAN_POINT('Ctrl Pts',(-1520.30693525445,10025.7549510239,-2639.296875));
#815=CARTESIAN_POINT('Ctrl Pts',(-1520.30693525445,10025.7549510239,-9.06238631369043E-14));
#816=CARTESIAN_POINT('Ctrl Pts',(-1321.86943525445,10149.4477401017,-9.06238631369043E-14));
#817=CARTESIAN_POINT('Ctrl Pts',(-1321.86943525445,10149.4477401017,2440.859375));
#818=CARTESIAN_POINT('Ctrl Pts',(1118.98993974555,10149.4477401017,2440.859375));
#819=CARTESIAN_POINT('Ctrl Pts',(3559.84931474555,10149.4477401017,2440.859375));
#820=CARTESIAN_POINT('Ctrl Pts',(3559.84931474555,10149.4477401017,-9.06238631369043E-14));
#821=CARTESIAN_POINT('Ctrl Pts',(3559.84931474555,10149.4477401017,-2440.859375));
#822=CARTESIAN_POINT('Ctrl Pts',(1118.98993974555,10149.4477401017,-2440.859375));
#823=CARTESIAN_POINT('Ctrl Pts',(-1321.86943525445,10149.4477401017,-2440.859375));
#824=CARTESIAN_POINT('Ctrl Pts',(-1321.86943525445,10149.4477401017,-9.06238631369043E-14));
#825=CARTESIAN_POINT('Ctrl Pts',(-1080.43714358778,10089.9164901017,-9.06238631369043E-14));
#826=CARTESIAN_POINT('Ctrl Pts',(-1080.43714358778,10089.9164901017,2199.42708333333));
#827=CARTESIAN_POINT('Ctrl Pts',(1118.98993974555,10089.9164901017,2199.42708333333));
#828=CARTESIAN_POINT('Ctrl Pts',(3318.41702307888,10089.9164901017,2199.42708333333));
#829=CARTESIAN_POINT('Ctrl Pts',(3318.41702307888,10089.9164901017,-9.06238631369043E-14));
#830=CARTESIAN_POINT('Ctrl Pts',(3318.41702307888,10089.9164901017,-2199.42708333333));
#831=CARTESIAN_POINT('Ctrl Pts',(1118.98993974555,10089.9164901017,-2199.42708333333));
#832=CARTESIAN_POINT('Ctrl Pts',(-1080.43714358778,10089.9164901017,-2199.42708333333));
#833=CARTESIAN_POINT('Ctrl Pts',(-1080.43714358778,10089.9164901017,-9.06238631369043E-14));
#834=CARTESIAN_POINT('',(-1528.24451599888,10048.2446958461,-9.06238631369043E-14));
#835=CARTESIAN_POINT('Ctrl Pts',(-1080.43714358778,10089.9164901017,-9.06238631369043E-14));
#836=CARTESIAN_POINT('Ctrl Pts',(-1321.86943525445,10149.4477401017,-9.06238631369043E-14));
#837=CARTESIAN_POINT('Ctrl Pts',(-1520.30693525445,10025.7549510239,-9.06238631369043E-14));
#838=CARTESIAN_POINT('Ctrl Pts',(-1528.24451599888,10048.2446958461,-9.06238631369043E-14));
#839=CARTESIAN_POINT('Origin',(1118.98993974555,10048.2446958461,-9.06238631369043E-14));
#840=CARTESIAN_POINT('Ctrl Pts',(143.922170853899,10813.5520682572,-9.06238631369043E-14));
#841=CARTESIAN_POINT('Ctrl Pts',(143.922170853899,10813.5520682572,975.067768891653));
#842=CARTESIAN_POINT('Ctrl Pts',(1118.98993974555,10813.5520682572,975.067768891653));
#843=CARTESIAN_POINT('Ctrl Pts',(2094.0577086372,10813.5520682572,975.067768891653));
#844=CARTESIAN_POINT('Ctrl Pts',(2094.0577086372,10813.5520682572,-9.06238631369043E-14));
#845=CARTESIAN_POINT('Ctrl Pts',(2094.0577086372,10813.5520682572,-975.067768891653));
#846=CARTESIAN_POINT('Ctrl Pts',(1118.98993974555,10813.5520682572,-975.067768891653));
#847=CARTESIAN_POINT('Ctrl Pts',(143.922170853899,10813.5520682572,-975.067768891653));
#848=CARTESIAN_POINT('Ctrl Pts',(143.922170853899,10813.5520682572,-9.06238631369043E-14));
#849=CARTESIAN_POINT('Ctrl Pts',(-333.650725626661,10406.0936945516,-9.06238631369043E-14));
#850=CARTESIAN_POINT('Ctrl Pts',(-333.650725626661,10406.0936945516,1452.64066537221));
#851=CARTESIAN_POINT('Ctrl Pts',(1118.98993974555,10406.0936945516,1452.64066537221));
#852=CARTESIAN_POINT('Ctrl Pts',(2571.63060511776,10406.0936945516,1452.64066537221));
#853=CARTESIAN_POINT('Ctrl Pts',(2571.63060511776,10406.0936945516,-9.06238631369043E-14));
#854=CARTESIAN_POINT('Ctrl Pts',(2571.63060511776,10406.0936945516,-1452.64066537221));
#855=CARTESIAN_POINT('Ctrl Pts',(1118.98993974555,10406.0936945516,-1452.64066537221));
#856=CARTESIAN_POINT('Ctrl Pts',(-333.650725626661,10406.0936945516,-1452.64066537221));
#857=CARTESIAN_POINT('Ctrl Pts',(-333.650725626661,10406.0936945516,-9.06238631369043E-14));
#858=CARTESIAN_POINT('Ctrl Pts',(-1546.76526858778,10099.8383651017,-9.06238631369043E-14));
#859=CARTESIAN_POINT('Ctrl Pts',(-1546.76526858778,10099.8383651017,2665.75520833333));
#860=CARTESIAN_POINT('Ctrl Pts',(1118.98993974555,10099.8383651017,2665.75520833333));
#861=CARTESIAN_POINT('Ctrl Pts',(3784.74514807888,10099.8383651017,2665.75520833333));
#862=CARTESIAN_POINT('Ctrl Pts',(3784.74514807889,10099.8383651017,-9.06238631369043E-14));
#863=CARTESIAN_POINT('Ctrl Pts',(3784.74514807888,10099.8383651017,-2665.75520833333));
#864=CARTESIAN_POINT('Ctrl Pts',(1118.98993974555,10099.8383651017,-2665.75520833333));
#865=CARTESIAN_POINT('Ctrl Pts',(-1546.76526858778,10099.8383651017,-2665.75520833333));
#866=CARTESIAN_POINT('Ctrl Pts',(-1546.76526858778,10099.8383651017,-9.06238631369043E-14));
#867=CARTESIAN_POINT('Ctrl Pts',(-1528.24451599888,10048.2446958461,-9.06238631369043E-14));
#868=CARTESIAN_POINT('Ctrl Pts',(-1528.24451599887,10048.2446958461,2647.23445574443));
#869=CARTESIAN_POINT('Ctrl Pts',(1118.98993974555,10048.2446958461,2647.23445574443));
#870=CARTESIAN_POINT('Ctrl Pts',(3766.22439548998,10048.2446958461,2647.23445574443));
#871=CARTESIAN_POINT('Ctrl Pts',(3766.22439548998,10048.2446958461,-9.06238631369043E-14));
#872=CARTESIAN_POINT('Ctrl Pts',(3766.22439548998,10048.2446958461,-2647.23445574443));
#873=CARTESIAN_POINT('Ctrl Pts',(1118.98993974555,10048.2446958461,-2647.23445574443));
#874=CARTESIAN_POINT('Ctrl Pts',(-1528.24451599887,10048.2446958461,-2647.23445574443));
#875=CARTESIAN_POINT('Ctrl Pts',(-1528.24451599888,10048.2446958461,-9.06238631369043E-14));
#876=CARTESIAN_POINT('',(143.922170853899,10813.5520682572,-9.06238631369043E-14));
#877=CARTESIAN_POINT('Ctrl Pts',(-1528.24451599888,10048.2446958461,-9.06238631369043E-14));
#878=CARTESIAN_POINT('Ctrl Pts',(-1546.76526858778,10099.8383651017,-9.06238631369043E-14));
#879=CARTESIAN_POINT('Ctrl Pts',(-333.650725626661,10406.0936945516,-9.06238631369043E-14));
#880=CARTESIAN_POINT('Ctrl Pts',(143.922170853899,10813.5520682572,-9.06238631369043E-14));
#881=CARTESIAN_POINT('Origin',(1118.98993974555,10813.5520682572,-9.06238631369043E-14));
#882=CARTESIAN_POINT('Ctrl Pts',(310.609650667793,10917.4011073349,-9.06238631369043E-14));
#883=CARTESIAN_POINT('Ctrl Pts',(310.609650667793,10917.4011073349,808.380289077759));
#884=CARTESIAN_POINT('Ctrl Pts',(1118.98993974555,10917.4011073349,808.380289077759));
#885=CARTESIAN_POINT('Ctrl Pts',(1927.37022882331,10917.4011073349,808.380289077759));
#886=CARTESIAN_POINT('Ctrl Pts',(1927.37022882331,10917.4011073349,-9.06238631369043E-14));
#887=CARTESIAN_POINT('Ctrl Pts',(1927.37022882331,10917.4011073349,-808.380289077759));
#888=CARTESIAN_POINT('Ctrl Pts',(1118.98993974555,10917.4011073349,-808.380289077759));
#889=CARTESIAN_POINT('Ctrl Pts',(310.609650667793,10917.4011073349,-808.380289077759));
#890=CARTESIAN_POINT('Ctrl Pts',(310.609650667793,10917.4011073349,-9.06238631369043E-14));
#891=CARTESIAN_POINT('Ctrl Pts',(225.281566040005,10915.4166112183,-9.06238631369043E-14));
#892=CARTESIAN_POINT('Ctrl Pts',(225.281566040005,10915.4166112183,893.708373705546));
#893=CARTESIAN_POINT('Ctrl Pts',(1118.98993974555,10915.4166112183,893.708373705546));
#894=CARTESIAN_POINT('Ctrl Pts',(2012.6983134511,10915.4166112183,893.708373705546));
#895=CARTESIAN_POINT('Ctrl Pts',(2012.6983134511,10915.4166112183,-9.06238631369043E-14));
#896=CARTESIAN_POINT('Ctrl Pts',(2012.6983134511,10915.4166112183,-893.708373705546));
#897=CARTESIAN_POINT('Ctrl Pts',(1118.98993974555,10915.4166112183,-893.708373705546));
#898=CARTESIAN_POINT('Ctrl Pts',(225.281566040005,10915.4166112183,-893.708373705546));
#899=CARTESIAN_POINT('Ctrl Pts',(225.281566040005,10915.4166112183,-9.06238631369043E-14));
#900=CARTESIAN_POINT('Ctrl Pts',(169.057607706671,10834.7188156683,-9.06238631369043E-14));
#901=CARTESIAN_POINT('Ctrl Pts',(169.057607706671,10834.7188156683,949.93233203888));
#902=CARTESIAN_POINT('Ctrl Pts',(1118.98993974555,10834.7188156683,949.93233203888));
#903=CARTESIAN_POINT('Ctrl Pts',(2068.92227178443,10834.7188156683,949.93233203888));
#904=CARTESIAN_POINT('Ctrl Pts',(2068.92227178443,10834.7188156683,-9.06238631369043E-14));
#905=CARTESIAN_POINT('Ctrl Pts',(2068.92227178443,10834.7188156683,-949.93233203888));
#906=CARTESIAN_POINT('Ctrl Pts',(1118.98993974555,10834.7188156683,-949.93233203888));
#907=CARTESIAN_POINT('Ctrl Pts',(169.057607706671,10834.7188156683,-949.93233203888));
#908=CARTESIAN_POINT('Ctrl Pts',(169.057607706671,10834.7188156683,-9.06238631369043E-14));
#909=CARTESIAN_POINT('Ctrl Pts',(143.922170853899,10813.5520682572,-9.06238631369043E-14));
#910=CARTESIAN_POINT('Ctrl Pts',(143.922170853899,10813.5520682572,975.067768891653));
#911=CARTESIAN_POINT('Ctrl Pts',(1118.98993974555,10813.5520682572,975.067768891653));
#912=CARTESIAN_POINT('Ctrl Pts',(2094.0577086372,10813.5520682572,975.067768891653));
#913=CARTESIAN_POINT('Ctrl Pts',(2094.0577086372,10813.5520682572,-9.06238631369043E-14));
#914=CARTESIAN_POINT('Ctrl Pts',(2094.0577086372,10813.5520682572,-975.067768891653));
#915=CARTESIAN_POINT('Ctrl Pts',(1118.98993974555,10813.5520682572,-975.067768891653));
#916=CARTESIAN_POINT('Ctrl Pts',(143.922170853899,10813.5520682572,-975.067768891653));
#917=CARTESIAN_POINT('Ctrl Pts',(143.922170853899,10813.5520682572,-9.06238631369043E-14));
#918=CARTESIAN_POINT('',(310.609650667793,10917.401107335,-9.06238631369043E-14));
#919=CARTESIAN_POINT('Ctrl Pts',(143.922170853899,10813.5520682572,-9.06238631369043E-14));
#920=CARTESIAN_POINT('Ctrl Pts',(169.057607706671,10834.7188156683,-9.06238631369043E-14));
#921=CARTESIAN_POINT('Ctrl Pts',(225.281566040005,10915.4166112183,-9.06238631369043E-14));
#922=CARTESIAN_POINT('Ctrl Pts',(310.609650667793,10917.4011073349,-9.06238631369043E-14));
#923=CARTESIAN_POINT('',(1927.37022882331,10917.4011073349,-1.89621896488193E-13));
#924=CARTESIAN_POINT('Origin',(1118.98993974555,10917.4011073349,-9.06238631369043E-14));
#925=CARTESIAN_POINT('Origin',(1118.98993974555,10917.4011073349,-9.06238631369043E-14));
#926=CARTESIAN_POINT('Origin',(1118.98993974555,9878.25002529607,-9.06238631369043E-14));
#927=CARTESIAN_POINT('',(1932.66191567608,8839.09894325719,-1.90269941224827E-13));
#928=CARTESIAN_POINT('',(1930.0160722497,9878.25002529607,-1.8994591885651E-13));
#929=CARTESIAN_POINT('',(305.31796381502,8839.09894325719,-9.06238631369043E-14));
#930=CARTESIAN_POINT('Origin',(1118.98993974555,8839.09894325719,-9.06238631369043E-14));
#931=CARTESIAN_POINT('Origin',(1118.98993974555,8839.09894325719,-9.06238631369043E-14));
#932=CARTESIAN_POINT('Ctrl Pts',(-145.135100626661,8406.50518316413,-9.06238631369043E-14));
#933=CARTESIAN_POINT('Ctrl Pts',(-145.135100626661,8406.50518316413,1264.12504037221));
#934=CARTESIAN_POINT('Ctrl Pts',(1118.98993974555,8406.50518316413,1264.12504037221));
#935=CARTESIAN_POINT('Ctrl Pts',(2383.11498011776,8406.50518316413,1264.12504037221));
#936=CARTESIAN_POINT('Ctrl Pts',(2383.11498011776,8406.50518316413,-9.06238631369043E-14));
#937=CARTESIAN_POINT('Ctrl Pts',(2383.11498011776,8406.50518316413,-1264.12504037221));
#938=CARTESIAN_POINT('Ctrl Pts',(1118.98993974555,8406.50518316413,-1264.12504037221));
#939=CARTESIAN_POINT('Ctrl Pts',(-145.135100626661,8406.50518316413,-1264.12504037221));
#940=CARTESIAN_POINT('Ctrl Pts',(-145.135100626661,8406.50518316413,-9.06238631369043E-14));
#941=CARTESIAN_POINT('Ctrl Pts',(89.0211090011246,8406.50518316413,-9.06238631369043E-14));
#942=CARTESIAN_POINT('Ctrl Pts',(89.0211090011258,8406.50518316413,1029.96883074443));
#943=CARTESIAN_POINT('Ctrl Pts',(1118.98993974555,8406.50518316413,1029.96883074443));
#944=CARTESIAN_POINT('Ctrl Pts',(2148.95877048998,8406.50518316413,1029.96883074443));
#945=CARTESIAN_POINT('Ctrl Pts',(2148.95877048998,8406.50518316413,-9.06238631369043E-14));
#946=CARTESIAN_POINT('Ctrl Pts',(2148.95877048998,8406.50518316413,-1029.96883074443));
#947=CARTESIAN_POINT('Ctrl Pts',(1118.98993974555,8406.50518316413,-1029.96883074443));
#948=CARTESIAN_POINT('Ctrl Pts',(89.0211090011258,8406.50518316413,-1029.96883074443));
#949=CARTESIAN_POINT('Ctrl Pts',(89.0211090011246,8406.50518316413,-9.06238631369043E-14));
#950=CARTESIAN_POINT('Ctrl Pts',(305.31796381502,8604.94268316413,-9.06238631369043E-14));
#951=CARTESIAN_POINT('Ctrl Pts',(305.31796381502,8604.94268316413,813.671975930532));
#952=CARTESIAN_POINT('Ctrl Pts',(1118.98993974555,8604.94268316413,813.671975930532));
#953=CARTESIAN_POINT('Ctrl Pts',(1932.66191567608,8604.94268316413,813.671975930532));
#954=CARTESIAN_POINT('Ctrl Pts',(1932.66191567608,8604.94268316413,-9.06238631369043E-14));
#955=CARTESIAN_POINT('Ctrl Pts',(1932.66191567608,8604.94268316413,-813.671975930532));
#956=CARTESIAN_POINT('Ctrl Pts',(1118.98993974555,8604.94268316413,-813.671975930532));
#957=CARTESIAN_POINT('Ctrl Pts',(305.31796381502,8604.94268316413,-813.671975930532));
#958=CARTESIAN_POINT('Ctrl Pts',(305.31796381502,8604.94268316413,-9.06238631369043E-14));
#959=CARTESIAN_POINT('Ctrl Pts',(305.31796381502,8839.09894325719,-9.06238631369043E-14));
#960=CARTESIAN_POINT('Ctrl Pts',(305.31796381502,8839.09894325719,813.671975930532));
#961=CARTESIAN_POINT('Ctrl Pts',(1118.98993974555,8839.09894325719,813.671975930532));
#962=CARTESIAN_POINT('Ctrl Pts',(1932.66191567608,8839.09894325719,813.671975930532));
#963=CARTESIAN_POINT('Ctrl Pts',(1932.66191567608,8839.09894325719,-9.06238631369043E-14));
#964=CARTESIAN_POINT('Ctrl Pts',(1932.66191567608,8839.09894325719,-813.671975930532));
#965=CARTESIAN_POINT('Ctrl Pts',(1118.98993974555,8839.09894325719,-813.671975930532));
#966=CARTESIAN_POINT('Ctrl Pts',(305.31796381502,8839.09894325719,-813.671975930532));
#967=CARTESIAN_POINT('Ctrl Pts',(305.31796381502,8839.09894325719,-9.06238631369043E-14));
#968=CARTESIAN_POINT('Ctrl Pts',(305.31796381502,8839.09894325719,-9.06238631369043E-14));
#969=CARTESIAN_POINT('Ctrl Pts',(305.31796381502,8604.94268316413,-9.06238631369043E-14));
#970=CARTESIAN_POINT('Ctrl Pts',(89.0211090011246,8406.50518316413,-9.06238631369043E-14));
#971=CARTESIAN_POINT('Ctrl Pts',(-145.135100626661,8406.50518316413,-9.06238631369043E-14));
#972=CARTESIAN_POINT('Origin',(1118.98993974555,7898.2446958461,-4.54964001819558E-13));
#973=CARTESIAN_POINT('',(1902.36493974555,6148.2446958461,-7.21726912202764E-13));
#974=CARTESIAN_POINT('Origin',(1118.98993974555,6148.2446958461,-6.69277191670345E-13));
#975=CARTESIAN_POINT('',(1902.36493974555,10723.2446958461,-1.6145100159285E-13));
#976=CARTESIAN_POINT('',(1902.36493974555,7898.2446958461,-5.07413722351978E-13));
#977=CARTESIAN_POINT('Origin',(1118.98993974555,10723.2446958461,-1.09001281060431E-13));
#978=CARTESIAN_POINT('Origin',(1118.98993974555,10723.2446958461,-1.11080923622065E-13));
#979=CARTESIAN_POINT('Origin',(1118.98993974555,6148.2446958461,-6.69277191670345E-13));
#980=CARTESIAN_POINT('',(1927.36493974555,6148.2446958461,-5.25405979167703E-13));
#981=CARTESIAN_POINT('Origin',(1118.98993974555,6148.2446958461,-6.69277191670345E-13));
#982=CARTESIAN_POINT('Origin',(1118.98993974555,7898.2446958461,-4.54964001819558E-13));
#983=CARTESIAN_POINT('',(1927.36493974555,10748.2446958461,3.44570019047304E-14));
#984=CARTESIAN_POINT('Origin',(1118.98993974555,10748.2446958461,-1.08019306624197E-13));
#985=CARTESIAN_POINT('',(1927.36493974555,7898.2446958461,-5.09087560569065E-13));
#986=CARTESIAN_POINT('Origin',(1118.98993974555,10748.2446958461,-1.08019306624197E-13));
#987=CARTESIAN_POINT('Origin',(1118.98993974555,10900.0339695694,-9.06238631369043E-14));
#988=CARTESIAN_POINT('',(1118.98993974555,10901.8232432927,-9.06238631369043E-14));
#989=CARTESIAN_POINT('',(1118.98993974555,10898.2446958461,808.377466474934));
#990=CARTESIAN_POINT('',(1118.98993974555,10900.0339695694,404.188733237467));
#991=CARTESIAN_POINT('',(1118.98993974555,10898.2446958461,-808.377466474934));
#992=CARTESIAN_POINT('Origin',(1118.98993974555,10898.2446958461,-9.06238631369043E-14));
#993=CARTESIAN_POINT('Origin',(1118.98993974555,10898.2446958461,-9.06238631369043E-14));
#994=CARTESIAN_POINT('Ctrl Pts',(1118.98993974555,12084.6533315104,-9.06238631369043E-14));
#995=CARTESIAN_POINT('Ctrl Pts',(1118.98993974555,12084.6533315104,-9.06238631369043E-14));
#996=CARTESIAN_POINT('Ctrl Pts',(1118.98993974555,12084.6533315104,-9.06238631369043E-14));
#997=CARTESIAN_POINT('Ctrl Pts',(1118.98993974555,12084.6533315104,-9.06238631369043E-14));
#998=CARTESIAN_POINT('Ctrl Pts',(1118.98993974555,12084.6533315104,-9.06238631369043E-14));
#999=CARTESIAN_POINT('Ctrl Pts',(1118.98993974555,12084.6533315104,-9.06238631369043E-14));
#1000=CARTESIAN_POINT('Ctrl Pts',(1118.98993974555,12084.6533315104,-9.06238631369043E-14));
#1001=CARTESIAN_POINT('Ctrl Pts',(1118.98993974555,12084.6533315104,-9.06238631369043E-14));
#1002=CARTESIAN_POINT('Ctrl Pts',(1118.98993974555,12084.6533315104,-9.06238631369043E-14));
#1003=CARTESIAN_POINT('Ctrl Pts',(1118.98993974555,12067.3531775675,-23.9340149396355));
#1004=CARTESIAN_POINT('Ctrl Pts',(1095.05592480592,12067.3531775675,-23.9340149396355));
#1005=CARTESIAN_POINT('Ctrl Pts',(1095.05592480592,12067.3531775675,-9.06238631369043E-14));
#1006=CARTESIAN_POINT('Ctrl Pts',(1095.05592480592,12067.3531775675,23.9340149396353));
#1007=CARTESIAN_POINT('Ctrl Pts',(1118.98993974555,12067.3531775675,23.9340149396353));
#1008=CARTESIAN_POINT('Ctrl Pts',(1142.92395468519,12067.3531775675,23.9340149396353));
#1009=CARTESIAN_POINT('Ctrl Pts',(1142.92395468519,12067.3531775675,-9.06238631369043E-14));
#1010=CARTESIAN_POINT('Ctrl Pts',(1142.92395468519,12067.3531775675,-23.9340149396354));
#1011=CARTESIAN_POINT('Ctrl Pts',(1118.98993974555,12067.3531775675,-23.9340149396355));
#1012=CARTESIAN_POINT('Ctrl Pts',(1118.98993974555,12032.1875739669,-71.1190428108293));
#1013=CARTESIAN_POINT('Ctrl Pts',(1047.87089693472,12032.1875739669,-71.1190428108293));
#1014=CARTESIAN_POINT('Ctrl Pts',(1047.87089693472,12032.1875739669,-9.75627570408115E-14));
#1015=CARTESIAN_POINT('Ctrl Pts',(1047.87089693472,12032.1875739669,71.1190428108291));
#1016=CARTESIAN_POINT('Ctrl Pts',(1118.98993974555,12032.1875739669,71.1190428108291));
#1017=CARTESIAN_POINT('Ctrl Pts',(1190.10898255638,12032.1875739669,71.1190428108291));
#1018=CARTESIAN_POINT('Ctrl Pts',(1190.10898255638,12032.1875739669,-9.06238631369043E-14));
#1019=CARTESIAN_POINT('Ctrl Pts',(1190.10898255638,12032.1875739669,-71.1190428108293));
#1020=CARTESIAN_POINT('Ctrl Pts',(1118.98993974555,12032.1875739669,-71.1190428108293));
#1021=CARTESIAN_POINT('Ctrl Pts',(1118.98993974555,11977.7433128654,-139.847616584505));
#1022=CARTESIAN_POINT('Ctrl Pts',(979.142323161047,11977.7433128654,-139.847616584505));
#1023=CARTESIAN_POINT('Ctrl Pts',(979.142323161047,11977.7433128654,-1.04501650944719E-13));
#1024=CARTESIAN_POINT('Ctrl Pts',(979.142323161047,11977.7433128654,139.847616584504));
#1025=CARTESIAN_POINT('Ctrl Pts',(1118.98993974555,11977.7433128654,139.847616584504));
#1026=CARTESIAN_POINT('Ctrl Pts',(1258.83755633006,11977.7433128654,139.847616584504));
#1027=CARTESIAN_POINT('Ctrl Pts',(1258.83755633006,11977.7433128654,-8.36849692329971E-14));
#1028=CARTESIAN_POINT('Ctrl Pts',(1258.83755633006,11977.7433128654,-139.847616584505));
#1029=CARTESIAN_POINT('Ctrl Pts',(1118.98993974555,11977.7433128654,-139.847616584505));
#1030=CARTESIAN_POINT('Ctrl Pts',(1118.98993974555,11901.7031817617,-227.320032052764));
#1031=CARTESIAN_POINT('Ctrl Pts',(891.669907692788,11901.7031817617,-227.320032052764));
#1032=CARTESIAN_POINT('Ctrl Pts',(891.669907692788,11901.7031817617,-1.04501650944719E-13));
#1033=CARTESIAN_POINT('Ctrl Pts',(891.669907692788,11901.7031817617,227.320032052764));
#1034=CARTESIAN_POINT('Ctrl Pts',(1118.98993974555,11901.7031817617,227.320032052764));
#1035=CARTESIAN_POINT('Ctrl Pts',(1346.30997179832,11901.7031817617,227.320032052764));
#1036=CARTESIAN_POINT('Ctrl Pts',(1346.30997179832,11901.7031817617,-7.67460753290899E-14));
#1037=CARTESIAN_POINT('Ctrl Pts',(1346.30997179832,11901.7031817617,-227.320032052764));
#1038=CARTESIAN_POINT('Ctrl Pts',(1118.98993974555,11901.7031817617,-227.320032052764));
#1039=CARTESIAN_POINT('Ctrl Pts',(1118.98993974555,11800.5201653888,-329.250711796902));
#1040=CARTESIAN_POINT('Ctrl Pts',(789.73922794865,11800.5201653888,-329.250711796902));
#1041=CARTESIAN_POINT('Ctrl Pts',(789.73922794865,11800.5201653888,-1.11440544848626E-13));
#1042=CARTESIAN_POINT('Ctrl Pts',(789.73922794865,11800.5201653888,329.250711796902));
#1043=CARTESIAN_POINT('Ctrl Pts',(1118.98993974555,11800.5201653888,329.250711796902));
#1044=CARTESIAN_POINT('Ctrl Pts',(1448.24065154245,11800.5201653888,329.250711796902));
#1045=CARTESIAN_POINT('Ctrl Pts',(1448.24065154245,11800.5201653888,-7.67460753290899E-14));
#1046=CARTESIAN_POINT('Ctrl Pts',(1448.24065154245,11800.5201653888,-329.250711796902));
#1047=CARTESIAN_POINT('Ctrl Pts',(1118.98993974555,11800.5201653888,-329.250711796902));
#1048=CARTESIAN_POINT('Ctrl Pts',(1118.98993974555,11692.6697459865,-423.125696904088));
#1049=CARTESIAN_POINT('Ctrl Pts',(695.864242841463,11692.6697459865,-423.125696904088));
#1050=CARTESIAN_POINT('Ctrl Pts',(695.864242841463,11692.6697459865,-1.11440544848626E-13));
#1051=CARTESIAN_POINT('Ctrl Pts',(695.864242841463,11692.6697459865,423.125696904088));
#1052=CARTESIAN_POINT('Ctrl Pts',(1118.98993974555,11692.6697459865,423.125696904088));
#1053=CARTESIAN_POINT('Ctrl Pts',(1542.11563664964,11692.6697459865,423.125696904088));
#1054=CARTESIAN_POINT('Ctrl Pts',(1542.11563664964,11692.6697459865,-6.28682875212754E-14));
#1055=CARTESIAN_POINT('Ctrl Pts',(1542.11563664964,11692.6697459865,-423.125696904088));
#1056=CARTESIAN_POINT('Ctrl Pts',(1118.98993974555,11692.6697459865,-423.125696904088));
#1057=CARTESIAN_POINT('Ctrl Pts',(1118.98993974555,11577.6288451531,-508.312993199082));
#1058=CARTESIAN_POINT('Ctrl Pts',(610.67694654647,11577.6288451531,-508.312993199082));
#1059=CARTESIAN_POINT('Ctrl Pts',(610.67694654647,11577.6288451531,-1.18379438752533E-13));
#1060=CARTESIAN_POINT('Ctrl Pts',(610.67694654647,11577.6288451531,508.312993199082));
#1061=CARTESIAN_POINT('Ctrl Pts',(1118.98993974555,11577.6288451531,508.312993199082));
#1062=CARTESIAN_POINT('Ctrl Pts',(1627.30293294463,11577.6288451531,508.312993199082));
#1063=CARTESIAN_POINT('Ctrl Pts',(1627.30293294463,11577.6288451531,-6.28682875212754E-14));
#1064=CARTESIAN_POINT('Ctrl Pts',(1627.30293294463,11577.6288451531,-508.312993199082));
#1065=CARTESIAN_POINT('Ctrl Pts',(1118.98993974555,11577.6288451531,-508.312993199082));
#1066=CARTESIAN_POINT('Ctrl Pts',(1118.98993974555,11455.150801452,-584.514579217334));
#1067=CARTESIAN_POINT('Ctrl Pts',(534.475360528218,11455.150801452,-584.514579217334));
#1068=CARTESIAN_POINT('Ctrl Pts',(534.475360528218,11455.150801452,-1.2531833265644E-13));
#1069=CARTESIAN_POINT('Ctrl Pts',(534.475360528218,11455.150801452,584.514579217334));
#1070=CARTESIAN_POINT('Ctrl Pts',(1118.98993974555,11455.150801452,584.514579217334));
#1071=CARTESIAN_POINT('Ctrl Pts',(1703.50451896289,11455.150801452,584.514579217334));
#1072=CARTESIAN_POINT('Ctrl Pts',(1703.50451896289,11455.150801452,-6.28682875212754E-14));
#1073=CARTESIAN_POINT('Ctrl Pts',(1703.50451896289,11455.150801452,-584.514579217334));
#1074=CARTESIAN_POINT('Ctrl Pts',(1118.98993974555,11455.150801452,-584.514579217334));
#1075=CARTESIAN_POINT('Ctrl Pts',(1118.98993974555,11325.5747544024,-652.140210360093));
#1076=CARTESIAN_POINT('Ctrl Pts',(466.849729385459,11325.5747544024,-652.140210360092));
#1077=CARTESIAN_POINT('Ctrl Pts',(466.849729385459,11325.5747544024,-1.2531833265644E-13));
#1078=CARTESIAN_POINT('Ctrl Pts',(466.849729385459,11325.5747544024,652.140210360092));
#1079=CARTESIAN_POINT('Ctrl Pts',(1118.98993974555,11325.5747544024,652.140210360093));
#1080=CARTESIAN_POINT('Ctrl Pts',(1771.13015010564,11325.5747544024,652.140210360093));
#1081=CARTESIAN_POINT('Ctrl Pts',(1771.13015010564,11325.5747544024,-5.59293936173682E-14));
#1082=CARTESIAN_POINT('Ctrl Pts',(1771.13015010564,11325.5747544024,-652.140210360092));
#1083=CARTESIAN_POINT('Ctrl Pts',(1118.98993974555,11325.5747544024,-652.140210360093));
#1084=CARTESIAN_POINT('Ctrl Pts',(1118.98993974555,11189.4551441694,-711.859772734824));
#1085=CARTESIAN_POINT('Ctrl Pts',(407.130167010728,11189.4551441694,-711.859772734823));
#1086=CARTESIAN_POINT('Ctrl Pts',(407.130167010728,11189.4551441694,-1.2531833265644E-13));
#1087=CARTESIAN_POINT('Ctrl Pts',(407.130167010728,11189.4551441694,711.859772734823));
#1088=CARTESIAN_POINT('Ctrl Pts',(1118.98993974555,11189.4551441694,711.859772734824));
#1089=CARTESIAN_POINT('Ctrl Pts',(1830.84971248037,11189.4551441694,711.859772734824));
#1090=CARTESIAN_POINT('Ctrl Pts',(1830.84971248037,11189.4551441694,-4.89904997134609E-14));
#1091=CARTESIAN_POINT('Ctrl Pts',(1830.84971248037,11189.4551441694,-711.859772734823));
#1092=CARTESIAN_POINT('Ctrl Pts',(1118.98993974555,11189.4551441694,-711.859772734824));
#1093=CARTESIAN_POINT('Ctrl Pts',(1118.98993974555,11075.7635115865,-753.840863134631));
#1094=CARTESIAN_POINT('Ctrl Pts',(365.14907661092,11075.7635115865,-753.840863134631));
#1095=CARTESIAN_POINT('Ctrl Pts',(365.14907661092,11075.7635115865,-1.32257226560348E-13));
#1096=CARTESIAN_POINT('Ctrl Pts',(365.14907661092,11075.7635115865,753.840863134631));
#1097=CARTESIAN_POINT('Ctrl Pts',(1118.98993974555,11075.7635115865,753.840863134631));
#1098=CARTESIAN_POINT('Ctrl Pts',(1872.83080288018,11075.7635115865,753.840863134631));
#1099=CARTESIAN_POINT('Ctrl Pts',(1872.83080288018,11075.7635115865,-4.89904997134609E-14));
#1100=CARTESIAN_POINT('Ctrl Pts',(1872.83080288018,11075.7635115865,-753.840863134631));
#1101=CARTESIAN_POINT('Ctrl Pts',(1118.98993974555,11075.7635115865,-753.840863134631));
#1102=CARTESIAN_POINT('Ctrl Pts',(1118.98993974555,10987.9699337714,-782.276100711198));
#1103=CARTESIAN_POINT('Ctrl Pts',(336.713839034353,10987.9699337714,-782.276100711198));
#1104=CARTESIAN_POINT('Ctrl Pts',(336.713839034353,10987.9699337714,-1.39196120464255E-13));
#1105=CARTESIAN_POINT('Ctrl Pts',(336.713839034353,10987.9699337714,782.276100711198));
#1106=CARTESIAN_POINT('Ctrl Pts',(1118.98993974555,10987.9699337714,782.276100711198));
#1107=CARTESIAN_POINT('Ctrl Pts',(1901.26604045675,10987.9699337714,782.276100711198));
#1108=CARTESIAN_POINT('Ctrl Pts',(1901.26604045675,10987.9699337714,-4.89904997134609E-14));
#1109=CARTESIAN_POINT('Ctrl Pts',(1901.26604045675,10987.9699337714,-782.276100711198));
#1110=CARTESIAN_POINT('Ctrl Pts',(1118.98993974555,10987.9699337714,-782.276100711198));
#1111=CARTESIAN_POINT('Ctrl Pts',(1118.98993974555,10928.3370826671,-799.899292639793));
#1112=CARTESIAN_POINT('Ctrl Pts',(319.090647105758,10928.3370826671,-799.899292639793));
#1113=CARTESIAN_POINT('Ctrl Pts',(319.090647105758,10928.3370826671,-1.32257226560348E-13));
#1114=CARTESIAN_POINT('Ctrl Pts',(319.090647105758,10928.3370826671,799.899292639793));
#1115=CARTESIAN_POINT('Ctrl Pts',(1118.98993974555,10928.3370826671,799.899292639793));
#1116=CARTESIAN_POINT('Ctrl Pts',(1918.88923238534,10928.3370826671,799.899292639793));
#1117=CARTESIAN_POINT('Ctrl Pts',(1918.88923238534,10928.3370826671,-4.20516058095537E-14));
#1118=CARTESIAN_POINT('Ctrl Pts',(1918.88923238534,10928.3370826671,-799.899292639793));
#1119=CARTESIAN_POINT('Ctrl Pts',(1118.98993974555,10928.3370826671,-799.899292639793));
#1120=CARTESIAN_POINT('Ctrl Pts',(1118.98993974555,10898.2446958461,-808.377466474934));
#1121=CARTESIAN_POINT('Ctrl Pts',(310.612473270618,10898.2446958461,-808.377466474934));
#1122=CARTESIAN_POINT('Ctrl Pts',(310.612473270617,10898.2446958461,-1.32257226560348E-13));
#1123=CARTESIAN_POINT('Ctrl Pts',(310.612473270618,10898.2446958461,808.377466474934));
#1124=CARTESIAN_POINT('Ctrl Pts',(1118.98993974555,10898.2446958461,808.377466474934));
#1125=CARTESIAN_POINT('Ctrl Pts',(1927.36740622049,10898.2446958461,808.377466474934));
#1126=CARTESIAN_POINT('Ctrl Pts',(1927.36740622049,10898.2446958461,-4.20516058095537E-14));
#1127=CARTESIAN_POINT('Ctrl Pts',(1927.36740622049,10898.2446958461,-808.377466474934));
#1128=CARTESIAN_POINT('Ctrl Pts',(1118.98993974555,10898.2446958461,-808.377466474934));
#1129=CARTESIAN_POINT('',(1118.98993974555,12084.6533315104,-9.06238631369043E-14));
#1130=CARTESIAN_POINT('Ctrl Pts',(1118.98993974555,10898.2446958461,-808.377466474934));
#1131=CARTESIAN_POINT('Ctrl Pts',(1118.98993974555,10928.3370826671,-799.899292639793));
#1132=CARTESIAN_POINT('Ctrl Pts',(1118.98993974555,10987.9699337714,-782.276100711198));
#1133=CARTESIAN_POINT('Ctrl Pts',(1118.98993974555,11075.7635115865,-753.840863134631));
#1134=CARTESIAN_POINT('Ctrl Pts',(1118.98993974555,11189.4551441694,-711.859772734824));
#1135=CARTESIAN_POINT('Ctrl Pts',(1118.98993974555,11325.5747544024,-652.140210360093));
#1136=CARTESIAN_POINT('Ctrl Pts',(1118.98993974555,11455.150801452,-584.514579217334));
#1137=CARTESIAN_POINT('Ctrl Pts',(1118.98993974555,11577.6288451531,-508.312993199082));
#1138=CARTESIAN_POINT('Ctrl Pts',(1118.98993974555,11692.6697459865,-423.125696904088));
#1139=CARTESIAN_POINT('Ctrl Pts',(1118.98993974555,11800.5201653888,-329.250711796902));
#1140=CARTESIAN_POINT('Ctrl Pts',(1118.98993974555,11901.7031817617,-227.320032052764));
#1141=CARTESIAN_POINT('Ctrl Pts',(1118.98993974555,11977.7433128654,-139.847616584505));
#1142=CARTESIAN_POINT('Ctrl Pts',(1118.98993974555,12032.1875739669,-71.1190428108293));
#1143=CARTESIAN_POINT('Ctrl Pts',(1118.98993974555,12067.3531775675,-23.9340149396355));
#1144=CARTESIAN_POINT('Ctrl Pts',(1118.98993974555,12084.6533315104,-9.06238631369043E-14));
#1145=CARTESIAN_POINT('Origin',(1118.98993974555,6148.2446958461,-7.14699130481095E-13));
#1146=CARTESIAN_POINT('',(1904.00587484858,6523.2446958461,-5.29061012000259E-13));
#1147=CARTESIAN_POINT('Origin',(1118.98993974555,6523.2446958461,-6.68774875513069E-13));
#1148=CARTESIAN_POINT('',(1904.00587484858,6148.2446958461,-5.74985266968284E-13));
#1149=CARTESIAN_POINT('',(1904.00587484858,6148.2446958461,-7.67258717409002E-13));
#1150=CARTESIAN_POINT('Origin',(1118.98993974555,6148.2446958461,-7.14699130481095E-13));
#1151=CARTESIAN_POINT('Origin',(1118.98993974555,6148.2446958461,-7.14699130481095E-13));
#1152=CARTESIAN_POINT('Origin',(1118.98993974555,6523.2446958461,-6.68774875513069E-13));
#1153=CARTESIAN_POINT('Origin',(1119.1288752684,5948.2446958461,6.24569867565148E-14));
#1154=CARTESIAN_POINT('',(119.1288752684,5948.2446958461,-6.00076931582205E-14));
#1155=CARTESIAN_POINT('',(1119.1288752684,5948.2446958461,1000.));
#1156=CARTESIAN_POINT('Origin',(1119.1288752684,5948.2446958461,6.24569867565148E-14));
#1157=CARTESIAN_POINT('Origin',(1119.1288752684,5948.2446958461,6.24569867565148E-14));
#1158=CARTESIAN_POINT('',(1119.1288752684,6148.2446958461,800.));
#1159=CARTESIAN_POINT('Origin',(1119.1288752684,5948.2446958461,800.));
#1160=CARTESIAN_POINT('',(319.1288752684,6148.2446958461,-3.55147571752734E-14));
#1161=CARTESIAN_POINT('Origin',(1119.1288752684,6148.2446958461,6.24569867565148E-14));
#1162=CARTESIAN_POINT('Origin',(1119.1288752684,6148.2446958461,6.24569867565148E-14));
#1163=CARTESIAN_POINT('Origin',(1119.1288752684,6148.2446958461,6.24569867565148E-14));
#1164=CARTESIAN_POINT('Origin',(1119.1288752684,5948.2446958461,6.24569867565148E-14));
#1165=CARTESIAN_POINT('Ctrl Pts',(1118.98993974555,8023.2446958461,-6.45735375449483E-13));
#1166=CARTESIAN_POINT('Ctrl Pts',(1118.98993974555,8023.2446958461,-6.45735375449483E-13));
#1167=CARTESIAN_POINT('Ctrl Pts',(1118.98993974555,8023.2446958461,-6.45735375449483E-13));
#1168=CARTESIAN_POINT('Ctrl Pts',(1118.98993974555,8023.2446958461,-6.45735375449483E-13));
#1169=CARTESIAN_POINT('Ctrl Pts',(1118.98993974555,8023.2446958461,-6.45735375449483E-13));
#1170=CARTESIAN_POINT('Ctrl Pts',(1118.98993974555,8023.2446958461,-6.45735375449483E-13));
#1171=CARTESIAN_POINT('Ctrl Pts',(1118.98993974555,8023.2446958461,-6.45735375449483E-13));
#1172=CARTESIAN_POINT('Ctrl Pts',(1118.98993974555,8023.2446958461,-6.45735375449483E-13));
#1173=CARTESIAN_POINT('Ctrl Pts',(1118.98993974555,8023.2446958461,-6.45735375449483E-13));
#1174=CARTESIAN_POINT('Ctrl Pts',(1118.98993974555,7993.77841262003,-16.6334107899686));
#1175=CARTESIAN_POINT('Ctrl Pts',(1102.35652895558,7993.77841262003,-16.6334107899686));
#1176=CARTESIAN_POINT('Ctrl Pts',(1102.35652895558,7993.77841262003,-6.45735375449483E-13));
#1177=CARTESIAN_POINT('Ctrl Pts',(1102.35652895558,7993.77841262003,16.6334107899673));
#1178=CARTESIAN_POINT('Ctrl Pts',(1118.98993974555,7993.77841262003,16.6334107899673));
#1179=CARTESIAN_POINT('Ctrl Pts',(1135.62335053552,7993.77841262003,16.6334107899673));
#1180=CARTESIAN_POINT('Ctrl Pts',(1135.62335053552,7993.77841262003,-6.45735375449483E-13));
#1181=CARTESIAN_POINT('Ctrl Pts',(1135.62335053552,7993.77841262003,-16.6334107899686));
#1182=CARTESIAN_POINT('Ctrl Pts',(1118.98993974555,7993.77841262003,-16.6334107899686));
#1183=CARTESIAN_POINT('Ctrl Pts',(1118.98993974555,7934.79944064748,-48.6713628335204));
#1184=CARTESIAN_POINT('Ctrl Pts',(1070.31857691203,7934.79944064748,-48.6713628335204));
#1185=CARTESIAN_POINT('Ctrl Pts',(1070.31857691203,7934.79944064748,-6.45735375449483E-13));
#1186=CARTESIAN_POINT('Ctrl Pts',(1070.31857691203,7934.79944064748,48.6713628335192));
#1187=CARTESIAN_POINT('Ctrl Pts',(1118.98993974555,7934.79944064748,48.6713628335192));
#1188=CARTESIAN_POINT('Ctrl Pts',(1167.66130257907,7934.79944064748,48.6713628335192));
#1189=CARTESIAN_POINT('Ctrl Pts',(1167.66130257907,7934.79944064748,-6.45735375449483E-13));
#1190=CARTESIAN_POINT('Ctrl Pts',(1167.66130257907,7934.79944064748,-48.6713628335204));
#1191=CARTESIAN_POINT('Ctrl Pts',(1118.98993974555,7934.79944064748,-48.6713628335204));
#1192=CARTESIAN_POINT('Ctrl Pts',(1118.98993974555,7846.19177137005,-93.0418211205344));
#1193=CARTESIAN_POINT('Ctrl Pts',(1025.94811862502,7846.19177137005,-93.0418211205344));
#1194=CARTESIAN_POINT('Ctrl Pts',(1025.94811862502,7846.19177137005,-6.45735375449483E-13));
#1195=CARTESIAN_POINT('Ctrl Pts',(1025.94811862502,7846.19177137005,93.0418211205331));
#1196=CARTESIAN_POINT('Ctrl Pts',(1118.98993974555,7846.19177137005,93.0418211205331));
#1197=CARTESIAN_POINT('Ctrl Pts',(1212.03176086609,7846.19177137005,93.0418211205331));
#1198=CARTESIAN_POINT('Ctrl Pts',(1212.03176086609,7846.19177137005,-6.45735375449483E-13));
#1199=CARTESIAN_POINT('Ctrl Pts',(1212.03176086609,7846.19177137005,-93.0418211205344));
#1200=CARTESIAN_POINT('Ctrl Pts',(1118.98993974555,7846.19177137005,-93.0418211205344));
#1201=CARTESIAN_POINT('Ctrl Pts',(1118.98993974555,7727.76516378342,-144.706993324647));
#1202=CARTESIAN_POINT('Ctrl Pts',(974.282946420905,7727.76516378342,-144.706993324647));
#1203=CARTESIAN_POINT('Ctrl Pts',(974.282946420905,7727.76516378342,-6.45735375449483E-13));
#1204=CARTESIAN_POINT('Ctrl Pts',(974.282946420905,7727.76516378342,144.706993324646));
#1205=CARTESIAN_POINT('Ctrl Pts',(1118.98993974555,7727.76516378342,144.706993324646));
#1206=CARTESIAN_POINT('Ctrl Pts',(1263.6969330702,7727.76516378342,144.706993324646));
#1207=CARTESIAN_POINT('Ctrl Pts',(1263.6969330702,7727.76516378342,-6.45735375449483E-13));
#1208=CARTESIAN_POINT('Ctrl Pts',(1263.6969330702,7727.76516378342,-144.706993324647));
#1209=CARTESIAN_POINT('Ctrl Pts',(1118.98993974555,7727.76516378342,-144.706993324647));
#1210=CARTESIAN_POINT('Ctrl Pts',(1118.98993974555,7579.22796333682,-195.943544190922));
#1211=CARTESIAN_POINT('Ctrl Pts',(923.04639555463,7579.22796333682,-195.943544190922));
#1212=CARTESIAN_POINT('Ctrl Pts',(923.04639555463,7579.22796333682,-6.45735375449483E-13));
#1213=CARTESIAN_POINT('Ctrl Pts',(923.04639555463,7579.22796333682,195.94354419092));
#1214=CARTESIAN_POINT('Ctrl Pts',(1118.98993974555,7579.22796333682,195.94354419092));
#1215=CARTESIAN_POINT('Ctrl Pts',(1314.93348393647,7579.22796333682,195.94354419092));
#1216=CARTESIAN_POINT('Ctrl Pts',(1314.93348393647,7579.22796333682,-6.45735375449483E-13));
#1217=CARTESIAN_POINT('Ctrl Pts',(1314.93348393647,7579.22796333682,-195.943544190922));
#1218=CARTESIAN_POINT('Ctrl Pts',(1118.98993974555,7579.22796333682,-195.943544190922));
#1219=CARTESIAN_POINT('Ctrl Pts',(1118.98993974555,7430.14110201694,-232.624466871729));
#1220=CARTESIAN_POINT('Ctrl Pts',(886.365472873822,7430.14110201694,-232.624466871729));
#1221=CARTESIAN_POINT('Ctrl Pts',(886.365472873822,7430.14110201694,-6.45735375449483E-13));
#1222=CARTESIAN_POINT('Ctrl Pts',(886.365472873822,7430.14110201694,232.624466871728));
#1223=CARTESIAN_POINT('Ctrl Pts',(1118.98993974555,7430.14110201694,232.624466871728));
#1224=CARTESIAN_POINT('Ctrl Pts',(1351.61440661728,7430.14110201694,232.624466871728));
#1225=CARTESIAN_POINT('Ctrl Pts',(1351.61440661728,7430.14110201694,-6.45735375449483E-13));
#1226=CARTESIAN_POINT('Ctrl Pts',(1351.61440661728,7430.14110201694,-232.624466871729));
#1227=CARTESIAN_POINT('Ctrl Pts',(1118.98993974555,7430.14110201694,-232.624466871729));
#1228=CARTESIAN_POINT('Ctrl Pts',(1118.98993974555,7280.45864426106,-253.533336845736));
#1229=CARTESIAN_POINT('Ctrl Pts',(865.456602899816,7280.45864426106,-253.533336845736));
#1230=CARTESIAN_POINT('Ctrl Pts',(865.456602899816,7280.45864426106,-6.45735375449483E-13));
#1231=CARTESIAN_POINT('Ctrl Pts',(865.456602899816,7280.45864426106,253.533336845734));
#1232=CARTESIAN_POINT('Ctrl Pts',(1118.98993974555,7280.45864426106,253.533336845734));
#1233=CARTESIAN_POINT('Ctrl Pts',(1372.52327659129,7280.45864426106,253.533336845734));
#1234=CARTESIAN_POINT('Ctrl Pts',(1372.52327659129,7280.45864426106,-6.45735375449483E-13));
#1235=CARTESIAN_POINT('Ctrl Pts',(1372.52327659129,7280.45864426106,-253.533336845736));
#1236=CARTESIAN_POINT('Ctrl Pts',(1118.98993974555,7280.45864426106,-253.533336845736));
#1237=CARTESIAN_POINT('Ctrl Pts',(1118.98993974555,7130.15357152708,-257.954673229614));
#1238=CARTESIAN_POINT('Ctrl Pts',(861.035266515937,7130.15357152708,-257.954673229614));
#1239=CARTESIAN_POINT('Ctrl Pts',(861.035266515937,7130.15357152708,-6.45735375449483E-13));
#1240=CARTESIAN_POINT('Ctrl Pts',(861.035266515937,7130.15357152708,257.954673229613));
#1241=CARTESIAN_POINT('Ctrl Pts',(1118.98993974555,7130.15357152708,257.954673229613));
#1242=CARTESIAN_POINT('Ctrl Pts',(1376.94461297516,7130.15357152708,257.954673229613));
#1243=CARTESIAN_POINT('Ctrl Pts',(1376.94461297516,7130.15357152708,-6.45735375449483E-13));
#1244=CARTESIAN_POINT('Ctrl Pts',(1376.94461297516,7130.15357152708,-257.954673229614));
#1245=CARTESIAN_POINT('Ctrl Pts',(1118.98993974555,7130.15357152708,-257.954673229614));
#1246=CARTESIAN_POINT('Ctrl Pts',(1118.98993974555,6979.24803999318,-246.475196146408));
#1247=CARTESIAN_POINT('Ctrl Pts',(872.514743599144,6979.24803999318,-246.475196146408));
#1248=CARTESIAN_POINT('Ctrl Pts',(872.514743599144,6979.24803999318,-6.45735375449483E-13));
#1249=CARTESIAN_POINT('Ctrl Pts',(872.514743599144,6979.24803999318,246.475196146406));
#1250=CARTESIAN_POINT('Ctrl Pts',(1118.98993974555,6979.24803999318,246.475196146406));
#1251=CARTESIAN_POINT('Ctrl Pts',(1365.46513589196,6979.24803999318,246.475196146406));
#1252=CARTESIAN_POINT('Ctrl Pts',(1365.46513589196,6979.24803999318,-6.45735375449483E-13));
#1253=CARTESIAN_POINT('Ctrl Pts',(1365.46513589196,6979.24803999318,-246.475196146408));
#1254=CARTESIAN_POINT('Ctrl Pts',(1118.98993974555,6979.24803999318,-246.475196146408));
#1255=CARTESIAN_POINT('Ctrl Pts',(1118.98993974555,6827.78633867608,-220.267727773568));
#1256=CARTESIAN_POINT('Ctrl Pts',(898.722211971984,6827.78633867608,-220.267727773568));
#1257=CARTESIAN_POINT('Ctrl Pts',(898.722211971983,6827.78633867608,-6.45735375449483E-13));
#1258=CARTESIAN_POINT('Ctrl Pts',(898.722211971984,6827.78633867608,220.267727773567));
#1259=CARTESIAN_POINT('Ctrl Pts',(1118.98993974555,6827.78633867608,220.267727773567));
#1260=CARTESIAN_POINT('Ctrl Pts',(1339.25766751912,6827.78633867608,220.267727773567));
#1261=CARTESIAN_POINT('Ctrl Pts',(1339.25766751912,6827.78633867608,-6.45735375449483E-13));
#1262=CARTESIAN_POINT('Ctrl Pts',(1339.25766751912,6827.78633867608,-220.267727773568));
#1263=CARTESIAN_POINT('Ctrl Pts',(1118.98993974555,6827.78633867608,-220.267727773568));
#1264=CARTESIAN_POINT('Ctrl Pts',(1118.98993974555,6706.20802533572,-188.472244001636));
#1265=CARTESIAN_POINT('Ctrl Pts',(930.517695743915,6706.20802533572,-188.472244001636));
#1266=CARTESIAN_POINT('Ctrl Pts',(930.517695743915,6706.20802533572,-6.45735375449483E-13));
#1267=CARTESIAN_POINT('Ctrl Pts',(930.517695743915,6706.20802533572,188.472244001635));
#1268=CARTESIAN_POINT('Ctrl Pts',(1118.98993974555,6706.20802533572,188.472244001635));
#1269=CARTESIAN_POINT('Ctrl Pts',(1307.46218374719,6706.20802533572,188.472244001635));
#1270=CARTESIAN_POINT('Ctrl Pts',(1307.46218374719,6706.20802533572,-6.45735375449483E-13));
#1271=CARTESIAN_POINT('Ctrl Pts',(1307.46218374719,6706.20802533572,-188.472244001636));
#1272=CARTESIAN_POINT('Ctrl Pts',(1118.98993974555,6706.20802533572,-188.472244001636));
#1273=CARTESIAN_POINT('Ctrl Pts',(1118.98993974555,6614.80879867237,-158.919173618101));
#1274=CARTESIAN_POINT('Ctrl Pts',(960.07076612745,6614.80879867237,-158.919173618101));
#1275=CARTESIAN_POINT('Ctrl Pts',(960.07076612745,6614.80879867237,-6.45735375449483E-13));
#1276=CARTESIAN_POINT('Ctrl Pts',(960.07076612745,6614.80879867237,158.9191736181));
#1277=CARTESIAN_POINT('Ctrl Pts',(1118.98993974555,6614.80879867237,158.9191736181));
#1278=CARTESIAN_POINT('Ctrl Pts',(1277.90911336365,6614.80879867237,158.9191736181));
#1279=CARTESIAN_POINT('Ctrl Pts',(1277.90911336365,6614.80879867237,-6.45735375449483E-13));
#1280=CARTESIAN_POINT('Ctrl Pts',(1277.90911336365,6614.80879867237,-158.919173618101));
#1281=CARTESIAN_POINT('Ctrl Pts',(1118.98993974555,6614.80879867237,-158.919173618101));
#1282=CARTESIAN_POINT('Ctrl Pts',(1118.98993974555,6553.78176625817,-136.722218813391));
#1283=CARTESIAN_POINT('Ctrl Pts',(982.267720932161,6553.78176625817,-136.722218813391));
#1284=CARTESIAN_POINT('Ctrl Pts',(982.267720932161,6553.78176625817,-6.45735375449483E-13));
#1285=CARTESIAN_POINT('Ctrl Pts',(982.267720932161,6553.78176625817,136.722218813389));
#1286=CARTESIAN_POINT('Ctrl Pts',(1118.98993974555,6553.78176625817,136.722218813389));
#1287=CARTESIAN_POINT('Ctrl Pts',(1255.71215855894,6553.78176625817,136.722218813389));
#1288=CARTESIAN_POINT('Ctrl Pts',(1255.71215855894,6553.78176625817,-6.45735375449483E-13));
#1289=CARTESIAN_POINT('Ctrl Pts',(1255.71215855894,6553.78176625817,-136.722218813391));
#1290=CARTESIAN_POINT('Ctrl Pts',(1118.98993974555,6553.78176625817,-136.722218813391));
#1291=CARTESIAN_POINT('Ctrl Pts',(1118.98993974555,6523.2446958461,-125.000000000001));
#1292=CARTESIAN_POINT('Ctrl Pts',(993.989939745551,6523.2446958461,-125.000000000001));
#1293=CARTESIAN_POINT('Ctrl Pts',(993.989939745551,6523.2446958461,-6.45735375449483E-13));
#1294=CARTESIAN_POINT('Ctrl Pts',(993.989939745551,6523.2446958461,124.999999999999));
#1295=CARTESIAN_POINT('Ctrl Pts',(1118.98993974555,6523.2446958461,124.999999999999));
#1296=CARTESIAN_POINT('Ctrl Pts',(1243.98993974555,6523.2446958461,124.999999999999));
#1297=CARTESIAN_POINT('Ctrl Pts',(1243.98993974555,6523.2446958461,-6.45735375449483E-13));
#1298=CARTESIAN_POINT('Ctrl Pts',(1243.98993974555,6523.2446958461,-125.000000000001));
#1299=CARTESIAN_POINT('Ctrl Pts',(1118.98993974555,6523.2446958461,-125.000000000001));
#1300=CARTESIAN_POINT('',(1118.98993974555,8023.2446958461,-6.45735375449483E-13));
#1301=CARTESIAN_POINT('',(1118.98993974555,6523.2446958461,-125.000000000001));
#1302=CARTESIAN_POINT('Ctrl Pts',(1118.98993974555,8023.2446958461,-6.45735375449483E-13));
#1303=CARTESIAN_POINT('Ctrl Pts',(1118.98993974555,7993.77841262003,-16.6334107899686));
#1304=CARTESIAN_POINT('Ctrl Pts',(1118.98993974555,7934.79944064748,-48.6713628335204));
#1305=CARTESIAN_POINT('Ctrl Pts',(1118.98993974555,7846.19177137005,-93.0418211205344));
#1306=CARTESIAN_POINT('Ctrl Pts',(1118.98993974555,7727.76516378342,-144.706993324647));
#1307=CARTESIAN_POINT('Ctrl Pts',(1118.98993974555,7579.22796333682,-195.943544190922));
#1308=CARTESIAN_POINT('Ctrl Pts',(1118.98993974555,7430.14110201694,-232.624466871729));
#1309=CARTESIAN_POINT('Ctrl Pts',(1118.98993974555,7280.45864426106,-253.533336845736));
#1310=CARTESIAN_POINT('Ctrl Pts',(1118.98993974555,7130.15357152708,-257.954673229614));
#1311=CARTESIAN_POINT('Ctrl Pts',(1118.98993974555,6979.24803999318,-246.475196146408));
#1312=CARTESIAN_POINT('Ctrl Pts',(1118.98993974555,6827.78633867608,-220.267727773568));
#1313=CARTESIAN_POINT('Ctrl Pts',(1118.98993974555,6706.20802533572,-188.472244001636));
#1314=CARTESIAN_POINT('Ctrl Pts',(1118.98993974555,6614.80879867237,-158.919173618101));
#1315=CARTESIAN_POINT('Ctrl Pts',(1118.98993974555,6553.78176625817,-136.722218813391));
#1316=CARTESIAN_POINT('Ctrl Pts',(1118.98993974555,6523.2446958461,-125.000000000001));
#1317=CARTESIAN_POINT('Origin',(1118.98993974555,6523.2446958461,-6.45735375449483E-13));
#1318=CARTESIAN_POINT('Origin',(1119.1288752684,5948.2446958461,0.));
#1319=CARTESIAN_POINT('',(-30.8711247316002,5948.2446958461,-7.83773951454308E-14));
#1320=CARTESIAN_POINT('',(1119.1288752684,5948.2446958461,1150.));
#1321=CARTESIAN_POINT('Origin',(1119.1288752684,5948.2446958461,6.24569867565148E-14));
#1322=CARTESIAN_POINT('Origin',(1119.1288752684,5948.2446958461,6.24569867565148E-14));
#1323=CARTESIAN_POINT('Origin',(1119.1288752684,5848.2446958461,6.24569867565148E-14));
#1324=CARTESIAN_POINT('',(-30.8711247316002,5748.2446958461,2.0329136865846E-13));
#1325=CARTESIAN_POINT('',(1119.1288752684,5748.2446958461,1150.));
#1326=CARTESIAN_POINT('Origin',(1119.1288752684,5748.2446958461,6.24569867565148E-14));
#1327=CARTESIAN_POINT('Origin',(1119.1288752684,5848.2446958461,1150.));
#1328=CARTESIAN_POINT('Origin',(1119.1288752684,5748.2446958461,6.24569867565148E-14));
#1329=CARTESIAN_POINT('Origin',(1119.1288752684,5748.2446958461,0.));
#1330=CARTESIAN_POINT('Origin',(1119.1288752684,5748.51462314859,-1.24201400180806E-13));
#1331=CARTESIAN_POINT('',(119.1288752684,5748.51462314859,1.60015694123234E-13));
#1332=CARTESIAN_POINT('',(1119.1288752684,5748.51462314859,-1000.));
#1333=CARTESIAN_POINT('Origin',(1119.1288752684,5748.51462314859,-1.24201400180806E-13));
#1334=CARTESIAN_POINT('Origin',(1119.1288752684,5748.51462314859,-1.24201400180806E-13));
#1335=CARTESIAN_POINT('',(1119.1288752684,5548.51462314859,-800.));
#1336=CARTESIAN_POINT('Origin',(1119.1288752684,5748.51462314859,-800.));
#1337=CARTESIAN_POINT('',(319.1288752684,5548.51462314859,1.84508630106181E-13));
#1338=CARTESIAN_POINT('Origin',(1119.1288752684,5548.51462314859,-9.97084641978587E-14));
#1339=CARTESIAN_POINT('Origin',(1119.1288752684,5548.51462314859,-9.97084641978587E-14));
#1340=CARTESIAN_POINT('Origin',(1119.1288752684,5548.51462314859,-9.97084641978587E-14));
#1341=CARTESIAN_POINT('Origin',(1119.1288752684,5748.51462314859,-1.24201400180806E-13));
#1342=CARTESIAN_POINT('Origin',(1119.1288752684,5348.2446958461,6.24569867565148E-14));
#1343=CARTESIAN_POINT('',(119.1288752684,5348.2446958461,-6.00076931582205E-14));
#1344=CARTESIAN_POINT('',(1119.1288752684,5348.2446958461,1000.));
#1345=CARTESIAN_POINT('Origin',(1119.1288752684,5348.2446958461,6.24569867565148E-14));
#1346=CARTESIAN_POINT('Origin',(1119.1288752684,5348.2446958461,6.24569867565148E-14));
#1347=CARTESIAN_POINT('',(1119.1288752684,5548.2446958461,800.));
#1348=CARTESIAN_POINT('Origin',(1119.1288752684,5348.2446958461,800.));
#1349=CARTESIAN_POINT('',(319.1288752684,5548.2446958461,-3.55147571752734E-14));
#1350=CARTESIAN_POINT('Origin',(1119.1288752684,5548.2446958461,6.24569867565148E-14));
#1351=CARTESIAN_POINT('Origin',(1119.1288752684,5548.2446958461,6.24569867565148E-14));
#1352=CARTESIAN_POINT('Origin',(1119.1288752684,5548.2446958461,6.24569867565148E-14));
#1353=CARTESIAN_POINT('Origin',(1119.1288752684,5348.2446958461,6.24569867565148E-14));
#1354=CARTESIAN_POINT('Origin',(1118.98993974555,5348.2446958461,-8.59227352088039E-13));
#1355=CARTESIAN_POINT('',(311.168336414253,-8651.7553041539,-2.67266248497451E-12));
#1356=CARTESIAN_POINT('Origin',(1118.98993974555,-8651.7553041539,-2.57373287089433E-12));
#1357=CARTESIAN_POINT('',(311.168336414255,5348.2446958461,-9.58156966168214E-13));
#1358=CARTESIAN_POINT('',(311.168336414255,5348.2446958461,-9.58156966168214E-13));
#1359=CARTESIAN_POINT('Origin',(1118.98993974555,5348.2446958461,-8.59227352088039E-13));
#1360=CARTESIAN_POINT('Origin',(1118.98993974555,-8651.7553041539,-2.52717639321918E-12));
#1361=CARTESIAN_POINT('Origin',(1118.98993974555,5348.2446958461,-8.12670874412883E-13));
#1362=UNCERTAINTY_MEASURE_WITH_UNIT(LENGTH_MEASURE(0.01),#1366,
'DISTANCE_ACCURACY_VALUE',
'Maximum model space distance between geometric entities at asserted c
onnectivities');
#1363=UNCERTAINTY_MEASURE_WITH_UNIT(LENGTH_MEASURE(0.01),#1366,
'DISTANCE_ACCURACY_VALUE',
'Maximum model space distance between geometric entities at asserted c
onnectivities');
#1364=(
GEOMETRIC_REPRESENTATION_CONTEXT(3)
GLOBAL_UNCERTAINTY_ASSIGNED_CONTEXT((#1362))
GLOBAL_UNIT_ASSIGNED_CONTEXT((#1366,#1368,#1369))
REPRESENTATION_CONTEXT('','3D')
);
#1365=(
GEOMETRIC_REPRESENTATION_CONTEXT(3)
GLOBAL_UNCERTAINTY_ASSIGNED_CONTEXT((#1363))
GLOBAL_UNIT_ASSIGNED_CONTEXT((#1366,#1368,#1369))
REPRESENTATION_CONTEXT('','3D')
);
#1366=(
LENGTH_UNIT()
NAMED_UNIT(*)
SI_UNIT(.MILLI.,.METRE.)
);
#1367=(
LENGTH_UNIT()
NAMED_UNIT(*)
SI_UNIT($,.METRE.)
);
#1368=(
NAMED_UNIT(*)
PLANE_ANGLE_UNIT()
SI_UNIT($,.RADIAN.)
);
#1369=(
NAMED_UNIT(*)
SI_UNIT($,.STERADIAN.)
SOLID_ANGLE_UNIT()
);
#1370=SHAPE_DEFINITION_REPRESENTATION(#1371,#1372);
#1371=PRODUCT_DEFINITION_SHAPE('',$,#1374);
#1372=SHAPE_REPRESENTATION('',(#462,#448,#449),#1364);
#1373=PRODUCT_DEFINITION_CONTEXT('part definition',#1378,'design');
#1374=PRODUCT_DEFINITION('Untitled','Untitled v3',#1375,#1373);
#1375=PRODUCT_DEFINITION_FORMATION('',$,#1380);
#1376=PRODUCT_RELATED_PRODUCT_CATEGORY('Untitled v3','Untitled v3',(#1380));
#1377=APPLICATION_PROTOCOL_DEFINITION('international standard',
'automotive_design',2009,#1378);
#1378=APPLICATION_CONTEXT(
'Core Data for Automotive Mechanical Design Process');
#1379=PRODUCT_CONTEXT('part definition',#1378,'mechanical');
#1380=PRODUCT('Untitled','Untitled v3',$,(#1379));
#1381=PRESENTATION_STYLE_ASSIGNMENT((#1386));
#1382=PRESENTATION_STYLE_ASSIGNMENT((#1387));
#1383=PRESENTATION_STYLE_ASSIGNMENT((#1388));
#1384=PRESENTATION_STYLE_ASSIGNMENT((#1389));
#1385=PRESENTATION_STYLE_ASSIGNMENT((#1390));
#1386=SURFACE_STYLE_USAGE(.BOTH.,#1391);
#1387=SURFACE_STYLE_USAGE(.BOTH.,#1392);
#1388=SURFACE_STYLE_USAGE(.BOTH.,#1393);
#1389=SURFACE_STYLE_USAGE(.BOTH.,#1394);
#1390=SURFACE_STYLE_USAGE(.BOTH.,#1395);
#1391=SURFACE_SIDE_STYLE('',(#1396));
#1392=SURFACE_SIDE_STYLE('',(#1397));
#1393=SURFACE_SIDE_STYLE('',(#1398));
#1394=SURFACE_SIDE_STYLE('',(#1399));
#1395=SURFACE_SIDE_STYLE('',(#1400));
#1396=SURFACE_STYLE_FILL_AREA(#1401);
#1397=SURFACE_STYLE_FILL_AREA(#1402);
#1398=SURFACE_STYLE_FILL_AREA(#1403);
#1399=SURFACE_STYLE_FILL_AREA(#1404);
#1400=SURFACE_STYLE_FILL_AREA(#1405);
#1401=FILL_AREA_STYLE('Steel - Satin',(#1406));
#1402=FILL_AREA_STYLE('Bronze - Patina',(#1407));
#1403=FILL_AREA_STYLE('Glass - Frosted',(#1408));
#1404=FILL_AREA_STYLE('Walnut',(#1409));
#1405=FILL_AREA_STYLE('A Type Bulb - Frosted - 800lm',(#1410));
#1406=FILL_AREA_STYLE_COLOUR('Steel - Satin',#1411);
#1407=FILL_AREA_STYLE_COLOUR('Bronze - Patina',#1412);
#1408=FILL_AREA_STYLE_COLOUR('Glass - Frosted',#1413);
#1409=FILL_AREA_STYLE_COLOUR('Walnut',#1414);
#1410=FILL_AREA_STYLE_COLOUR('A Type Bulb - Frosted - 800lm',#1415);
#1411=COLOUR_RGB('Steel - Satin',0.627450980392157,0.627450980392157,0.627450980392157);
#1412=COLOUR_RGB('Bronze - Patina',0.517647058823529,0.411764705882353,
0.294117647058824);
#1413=COLOUR_RGB('Glass - Frosted',0.964705882352941,0.964705882352941,
0.952941176470588);
#1414=COLOUR_RGB('Walnut',0.,0.,0.);
#1415=COLOUR_RGB('A Type Bulb - Frosted - 800lm',0.929411764705882,0.929411764705882,
0.929411764705882);
ENDSEC;
END-ISO-10303-21;
